{"min_species_distances":[-1.0,-1.0,-1.0,-1.0,0.25,0.0,0.2,0.0,0.09090909090909091,0.0,0.0,0.1111111111111111,0.0,0.0,0.0,0.0,0.0,0.0,0.0,0.0,0.0,0.0,0.0,0.07142857142857142,0.0,0.0,0.0,0.0,0.0,0.0,0.0,0.0,0.0,0.0,0.0,0.0,0.0,0.0,0.07692307692307693,0.0,0.0,0.0,0.0,0.0,0.0,0.0,0.07142857142857142,0.0,0.3333333333333333,0.0,0.06666666666666667,0.0,0.21428571428571427,0.0,0.0,0.0,0.38095238095238093,0.0,0.0,0.0,0.0,0.0,0.11764705882352941,0.0,0.26666666666666666,0.0,0.21052631578947367,0.21052631578947367,0.0,0.21428571428571427,0.26666666666666666,0.0,0.0,0.0,0.0,0.0,0.0,0.0,0.0,0.0,0.0,0.0,0.0,0.0,0.0,0.0,0.0,0.0,0.0,0.0,0.0,0.045454545454545456,0.0,0.0,0.0,0.0,0.0,0.0,0.0,0.0,0.0,0.0,0.0,0.0,0.0,0.058823529411764705,0.0,0.0,0.0,0.0,0.0,0.0,0.0,0.0,0.0,0.0,0.0,0.0,0.0,0.0,0.0,0.0,0.0,0.0,0.0,0.0,0.0,0.5789473684210527,0.0,0.0,0.0,0.5789473684210527,0.0,0.625,0.0,0.625,0.0,0.625,0.0,0.5517241379310345,0.0,0.0,0.52,0.5185185185185185,0.0,0.17647058823529413,0.0,0.05263157894736842,0.0,0.045454545454545456,0.125,0.0,0.0,0.0,0.0,0.0,0.10526315789473684,0.0,0.10526315789473684,0.0,0.34615384615384615,0.0,0.0,0.0,0.36,0.0,0.0,0.0,0.05,0.0,0.0,0.0,0.0,0.0,0.0,0.0,0.0,0.2608695652173913,0.0,0.0,0.0,0.2608695652173913,0.0,0.2608695652173913,0.0,0.2608695652173913,0.09523809523809523,0.0,0.2608695652173913,0.0,0.17647058823529413,0.0,0.05263157894736842,0.2608695652173913,0.0,0.0,0.045454545454545456,0.0,0.0,0.0,0.0,0.0,0.0,0.0,0.5,0.0,0.5,0.0,0.5,0.0,0.0,0.0,0.0,0.0,0.037037037037037035,0.0,0.0,0.0,0.0,0.0,0.0,0.0,0.03225806451612903,0.0,0.0,0.0,0.041666666666666664,0.0,0.03225806451612903,0.0,0.0,0.0,0.0,0.0,0.0,0.0,0.0,0.0,0.0,0.0,0.0,0.0,0.0,0.0,0.041666666666666664,0.0,0.045454545454545456,0.0,0.0,0.0,0.0,0.0,0.0,0.0,0.0,0.0,0.0,0.0,0.0,0.0,0.0,0.0,0.0,0.06666666666666667,0.0,0.0,0.2222222222222222,0.0,0.17647058823529413,0.0,0.17647058823529413,0.0,0.08,0.0,0.05555555555555555,0.0,0.09090909090909091,0.17647058823529413,0.0,0.0,0.0,0.23809523809523808,0.0,0.0,0.0,0.0,0.0,0.0,0.0,0.0,0.0,0.0,0.0,0.0,0.0,0.0,0.0,0.0,0.0,0.2727272727272727],"total_num_species":[1,1,1,1,2,12,8,48,18,8,49,12,7,21,9,39,13,6,24,6,19,5,31,6,27,8,21,10,9,16,8,14,8,8,10,9,18,11,6,12,6,11,7,14,8,10,7,18,6,26,8,27,9,18,10,16,7,23,9,16,9,15,9,13,8,12,9,9,37,10,9,36,14,9,20,11,7,25,11,6,28,7,22,7,21,7,26,8,21,7,22,7,17,8,20,6,25,8,16,7,21,8,23,9,19,8,18,9,17,9,12,8,14,9,17,7,22,10,9,16,10,9,16,9,18,10,11,3,13,3,12,3,26,3,19,2,11,2,10,5,9,6,5,5,30,6,46,8,84,10,9,65,14,9,18,11,7,18,7,26,6,19,7,19,6,15,7,20,8,12,9,9,10,10,13,8,18,8,20,9,19,8,16,8,11,8,9,37,8,51,9,83,10,9,79,11,9,25,12,10,9,13,10,15,5,20,5,17,5,26,7,16,6,21,6,25,9,22,8,19,8,16,8,13,7,19,6,21,7,19,7,21,10,9,12,9,15,9,24,8,22,11,6,14,5,12,4,19,6,30,7,15,5,17,6,13,6,19,4,14,5,9,5,5,5,31,5,60,5,64,5,57,8,66,9,80,11,5,19,6,18,6,25,7,22,10,7,21,8,24,8,19,9,17,9,15,8,19,10,7],"avg_species_distances":[-1.0,-1.0,-1.0,-1.0,0.25,0.20707070707070713,0.3000000000000001,0.2795650591528259,0.32556281771968015,0.35894660894660896,0.3371537853680727,0.3299280685644322,0.3265512265512265,0.3522669922669922,0.39448514448514455,0.36153774250940346,0.38430700353777286,0.41811965811965807,0.37041147258538615,0.3055555555555556,0.3602060707323861,0.42666666666666664,0.40984119822829457,0.4282051282051282,0.3779984972292672,0.3507326007326007,0.40818316604030885,0.4295889295889296,0.46103988603988605,0.35992368742368797,0.34398220826792253,0.3732809315226897,0.40680272108843535,0.45274725274725275,0.44218966218966216,0.44810236060236047,0.3837518690459868,0.4441258741258743,0.4773504273504273,0.38972769654587835,0.47777777777777775,0.42765567765567775,0.496031746031746,0.32021696252465465,0.41002093144950286,0.43557303263185615,0.4935170649456363,0.44165290047643013,0.536214896214896,0.4238698800604017,0.5067412120043698,0.43665555654422067,0.5254962758832727,0.4195673793584014,0.48387335861020053,0.44944039334132246,0.5369550249249497,0.44644150008768435,0.48350684403315974,0.4774059087197633,0.5168192918192918,0.44342041269949295,0.5166972547003506,0.45550994611485207,0.5322406290451404,0.4527045537881449,0.5202305978621768,0.5214979221558169,0.45118146667480535,0.5191845711143956,0.5278761362094695,0.42901319371244173,0.49000170191610326,0.5181154128522549,0.46025930325445563,0.5162214312566128,0.4851379823184334,0.4864119426213244,0.5185467054289177,0.4533333333333335,0.48948939372893324,0.3841269841269841,0.48542731179979387,0.49579365079365073,0.43990825289272495,0.4420815295815296,0.46470458154213823,0.5247030350601779,0.45001877543355473,0.4943697175840033,0.48307129966611173,0.49198650322599896,0.4878254876611281,0.5121503496503498,0.46679199953812983,0.495579322638146,0.46492587423469783,0.5041545755831469,0.49251550895546053,0.4406651549508692,0.4270170973077137,0.517053717073127,0.4410924984660367,0.5143929253495183,0.4252746641807533,0.5116461736209634,0.45333171890265356,0.4907290497568277,0.43787898333177,0.5049633764546047,0.5263254495892405,0.4805688463583201,0.4631138285273622,0.5275311595487036,0.4377041832150194,0.5481538442064758,0.49480781060595286,0.5454141144472954,0.503912466687384,0.49971456418824867,0.5348719092518244,0.5374815272675553,0.4567413779012746,0.48819663894034615,0.4885521059013904,0.5309408126624517,0.5102731272777832,0.6293859649122807,0.5193093399319236,0.4166666666666667,0.5306267320885009,0.6096491228070176,0.49468613871202144,0.6388888888888888,0.4511317112574325,0.625,0.3704757347915245,0.625,0.41617252055087006,0.6081738016440695,0.4890889740315028,0.5632807881773398,0.598981164879745,0.6025801431683785,0.46967214915811045,0.5574057117099714,0.48657553698173234,0.5345498299138165,0.46972037693518814,0.49758133773592306,0.5159292504238858,0.4823449272441339,0.48251491344446845,0.5237953338588548,0.4479213922807757,0.500165554497757,0.5477720574013029,0.48049876637516276,0.5606997790041606,0.4415434473002407,0.5721830659761694,0.4652914093328372,0.5457815310032058,0.4256157776100303,0.5805745841172338,0.4678926944918648,0.5219490560429112,0.45618973343655744,0.5470668871790209,0.48470000228373455,0.5403923452698407,0.5396231145006101,0.5330805848047226,0.5373408966512416,0.5074107971619489,0.5372946376105511,0.46268197758290175,0.5505901876377352,0.4393937451459346,0.5188657426476017,0.4468508561091217,0.5505901876377352,0.39433176726654984,0.5519647407457965,0.48185003402394705,0.5521090710531703,0.5338136822919431,0.49305751080565624,0.5545242645553203,0.4817261845692193,0.5488902108595205,0.4870844650641636,0.5348153649328327,0.5481477942347509,0.4766337584241953,0.5230081512690211,0.5360763140368404,0.4764458067888943,0.519425589781321,0.5116960414786501,0.5244899524790829,0.5149694415580706,0.5176515754776626,0.48312588239917426,0.5657939162286988,0.48519232445662647,0.5657939162286988,0.46118809898541346,0.5657939162286988,0.45751492538693556,0.5229305546075732,0.47646476497201123,0.5401369644847905,0.4494954461835309,0.5226061002872597,0.41976047645167897,0.4914070318659691,0.4338594770348594,0.4812171208133941,0.4444386835208091,0.5027102814369895,0.46338706692464277,0.5051811106960374,0.4474537617927771,0.5046321473891099,0.4128006956564735,0.5299688204199658,0.428421307994874,0.5318032808582464,0.41679308622891836,0.48352558414670216,0.4478592738219229,0.47142348483161955,0.5042976347324173,0.47241893048294664,0.4917774553118171,0.48028853872071664,0.5038755806092567,0.41921109854939664,0.48832630878438327,0.4606007553871286,0.4503816676414853,0.44016563146997917,0.47305150820854064,0.49957556935817815,0.4985542301441032,0.512892904197252,0.4994367866415664,0.3338302277432712,0.47960222754722004,0.5062436700635459,0.42904896964010264,0.22857142857142856,0.47356906187179604,0.5132818871949306,0.4775572607469159,0.4415421293682164,0.44183392524539294,0.333816425120773,0.4471339683376522,0.43693581780538304,0.4266529433695851,0.42463768115942024,0.5440630711037444,0.5309147374364767,0.36692035978525167,0.5365079365079365,0.43127388193365024,0.5434234563390574,0.43035008364076155,