{"min_species_distances":[-1.0,-1.0,-1.0,-1.0,0.0,0.0,0.1,0.09090909090909091,0.0,0.0,0.09090909090909091,0.0,0.0,0.0,0.0,0.5,0.0,0.5,0.0,0.14285714285714285,0.0,0.0,0.0,0.0,0.0,0.07692307692307693,0.0,0.0,0.0,0.06666666666666667,0.06666666666666667,0.06666666666666667,0.0,0.0,0.0,0.0,0.0,0.0,0.5555555555555556,0.0,0.5384615384615384,0.0,-1.0,0.0,0.6666666666666666,0.0,0.0,0.06666666666666667,0.07142857142857142,0.0,0.06666666666666667,0.0,0.0,0.0,0.0,0.05263157894736842,0.15789473684210525,0.0,0.0,0.0,0.07142857142857142,0.0,0.0,0.0,0.0,0.1875,0.0,0.0,0.38095238095238093,0.0,0.0,0.0,0.058823529411764705,0.0,0.3157894736842105,0.0,0.058823529411764705,0.0,0.0,0.05555555555555555,0.0,0.2777777777777778,0.0,0.0,0.0,0.0,0.0,0.0,0.0,0.0,0.0,0.0,0.0,0.2692307692307692,0.0,0.0,0.0,0.0,0.0,0.0,0.0,0.0,0.0,0.0,0.0,0.0,0.0,0.0,0.0,0.0,0.0,0.0,0.0,0.0,0.0,0.0,0.0,0.05263157894736842,0.0,0.3157894736842105,0.0,0.11538461538461539,0.0,0.08333333333333333,0.0,0.11538461538461539,0.3157894736842105,0.0,0.2777777777777778,0.0,0.07142857142857142,0.0,0.05555555555555555,0.2222222222222222,0.0,0.0,0.0,0.0,0.0,0.4,0.0,0.3181818181818182,0.0,0.0,0.0,0.0,0.0,0.0,0.48,0.0,0.43478260869565216,0.0,0.4583333333333333,0.0,0.0,0.0,0.0,0.0,0.0,0.0,0.0,0.0,0.0,0.0,0.0,0.0,0.0,0.0,0.4583333333333333,0.0,0.07692307692307693,0.0,0.0,0.0,0.0,0.0,0.0,0.0,0.038461538461538464,0.0,0.36,0.0,0.1875,0.0,0.1875,0.0,0.058823529411764705,0.0,0.2777777777777778,0.0,0.2777777777777778,0.0,0.0,0.0,0.0,0.0,0.0,0.0,0.0,0.0,0.0,0.4666666666666667,0.0,0.0,0.0,0.0,0.0,0.5,0.0,0.0,0.0,0.38095238095238093,0.0,0.0,0.0,0.0,0.0,0.03225806451612903,0.0,0.0,0.0,0.4090909090909091,0.0,0.38461538461538464,0.0,0.0,0.0,0.0,0.0,0.0,0.0,0.03225806451612903,0.0,0.0,0.0,0.0,0.0,0.0,0.0,0.0,0.0,0.0,0.03125,0.0,0.041666666666666664,0.0,0.0,0.0,0.07142857142857142,0.0,0.07142857142857142,0.0,0.0,0.0,0.0,0.0,0.0,0.0,0.0,0.0,0.0,0.0,0.0,0.0,0.0,0.0,0.0,0.0,0.0,0.0,0.0,0.0,0.0,0.0,0.07692307692307693,0.0,0.0,0.0,0.07407407407407407,0.0,0.03571428571428571,0.0,0.0,0.0,0.0,0.0,0.07692307692307693,0.0,0.46153846153846156,0.0,0.037037037037037035,0.0,0.0,0.0,0.0,0.0,0.0,0.2631578947368421,0.0,0.0],"total_num_species":[1,1,1,1,6,23,12,11,6,43,10,10,15,10,11,3,24,3,21,4,26,4,12,5,12,4,16,5,19,5,12,7,17,8,17,8,18,11,2,11,2,12,1,13,2,9,4,4,4,11,4,10,8,71,10,13,6,15,8,26,8,30,9,22,10,9,29,11,5,21,6,14,6,11,6,14,7,8,14,7,20,6,24,8,14,8,20,8,21,8,32,8,33,7,28,8,13,9,26,10,12,7,27,8,22,9,13,9,21,9,14,8,15,8,9,9,39,8,64,7,73,9,68,9,75,12,7,31,8,33,9,23,10,9,17,10,14,8,24,6,21,7,15,8,12,9,16,11,4,17,4,13,4,13,6,13,5,19,7,20,7,18,7,18,5,19,5,12,4,12,5,11,6,11,6,10,7,8,7,27,6,32,7,41,7,54,10,13,7,22,7,19,9,26,11,6,20,8,20,10,11,5,24,6,17,6,14,5,15,5,14,6,22,8,19,7,22,8,17,7,13,6,14,6,27,7,16,8,19,7,30,8,20,8,27,10,7,23,8,18,6,17,7,20,7,15,8,18,7,13,7,20,9,21,8,20,11,6,8,13,7,12,8,20,8,19,8,18,8,23,9,17,7,14,6,18,6,11,6,12,6,17,6,13,7,16,6,15,5,15,6,18,6,10,8,8,15,7,14,8],"avg_species_distances":[-1.0,-1.0,-1.0,-1.0,0.21071428571428572,0.24858052575443934,0.294402356902357,0.3440404040404041,0.38909090909090904,0.3385728827589309,0.3888422688422689,0.386957486957487,0.40773036487322195,0.4296814296814297,0.4522513849786577,0.5666666666666668,0.47059541410564343,0.5444444444444444,0.4810372214153723,0.5145502645502645,0.4172707805015492,0.48459383753501406,0.46560465678112767,0.4685340802987861,0.38357383357383357,0.4995929995929996,0.4382366707366713,0.43229548229548237,0.41412291412291397,0.5275070028011204,0.49508661273367205,0.48799930228501637,0.46495779307198015,0.4955631290977928,0.4773445916828269,0.4848670237325698,0.3420130042967412,0.4911599511599514,0.5555555555555556,0.45209124209124246,0.5384615384615384,0.45086580086580114,-1.0,0.45804334554334564,0.6666666666666666,0.43491512345678995,0.5238095238095238,0.5304232804232804,0.5357142857142857,0.29945760122230697,0.5484544695071011,0.3959864940128098,0.43742503580379516,0.41479500176645956,0.45391640866873073,0.43407326605856017,0.520029239766082,0.43985054840649707,0.46078514739229026,0.29295196513153127,0.491841956080678,0.31839248504402706,0.47878158085846434,0.3652354854754236,0.4619265756985055,0.48022051656920084,0.3894386798331498,0.46210792131844775,0.5702694235588972,0.4039455782312927,0.49058061821219723,0.3980371586206826,0.5356762003046833,0.391283132072606,0.5457602339181287,0.3989447895462937,0.5359340865532816,0.49156393019727834,0.4682218618032421,0.516662592735127,0.43826946276961537,0.5534331967768501,0.42030501133485965,0.5256939617952445,0.45128832428353577,0.5244735193848706,0.46527761820533786,0.5244735193848706,0.4824876663098501,0.5244735193848706,0.443982627344255,0.5244735193848706,0.43688666347225685,0.566771788807056,0.4279015122166054,0.5448583323489579,0.5011586010661702,0.5448904934180357,0.4224738642925195,0.5171125692416133,0.5174595947086638,0.5241881732930326,0.46247704165025233,0.5076142578243418,0.42981046436179277,0.48844199515555015,0.4793241841515501,0.5151321398124469,0.4009465417815419,0.49136067470466444,0.44987322586884143,0.488754066844129,0.4412567384441699,0.5339721975746822,0.5003634690591213,0.5221326968790737,0.44120118244559314,0.5385288661612624,0.43133295321447396,0.5579373900589985,0.46309689926025055,0.5254661318848961,0.47199948577424417,0.5177925373634756,0.47773572822954913,0.5316725518527579,0.5579373900589985,0.48461731026408267,0.5351097204709497,0.4968841648108292,0.5244308234354002,0.4680635998474934,0.4990794961259359,0.5137708855472014,0.4495338536825867,0.49658869395711497,0.43951942376754427,0.48659562868209477,0.4589871479588301,0.5625050505050506,0.46979932786511786,0.5408952882865927,0.469932220207964,0.5282704821058859,0.4429914902839802,0.47051821343381456,0.4729542003889827,0.4803604879968519,0.6041269841269842,0.42753644870332796,0.5710835058661146,0.385032033184207,0.5952380952380952,0.46246188022503776,0.488835725677831,0.4618156757185978,0.5482966507177034,0.4388629591399672,0.5460693958977711,0.441957511054524,0.5167220587701137,0.4414732651473797,0.5210526315789474,0.4165586947414919,0.49517543859649116,0.38568491502431007,0.5475877192982457,0.41707090709951117,0.6148684210526316,0.38374922877783274,0.5411774628879892,0.4231226683309063,0.521097126875159,0.4233685384028631,0.5024403958614485,0.40942405158194617,0.5155301715828031,0.4755120975515713,0.5250458410984726,0.3840894966371053,0.561749837556855,0.40638186161053264,0.5332941149169217,0.455118547285607,0.5312784938536816,0.41304612103282384,0.46507891551682395,0.416990637835581,0.52994708994709,0.3279694865718748,0.5320022277917015,0.3696278619304708,0.4955117375585212,0.31610823164381113,0.4604485884485882,0.5366377767781276,0.38015549557654754,0.5277488593278067,0.4093669723115704,0.4984426879163719,0.46890339612662646,0.5993406593406594,0.43512074992584776,0.49238366571699904,0.4412053496612318,0.5588034188034189,0.4277295354218429,0.5981766381766381,0.41595718214765814,0.5776923076923077,0.4223505838890453,0.5697815764482431,0.41152750077481237,0.5134250027899221,0.41384649301315923,0.5456153871377135,0.42958726618387555,0.5235156118578174,0.4111408201156616,0.5139891854177567,0.46165278870849163,0.5733233433233433,0.44132463232738006,0.5612942612942613,0.4001737104301207,0.5359846502703645,0.4502329626640786,0.5279612092976147,0.42530877205795,0.5482775161346589,0.4315603677941856,0.514599527776371,0.4302835716706407,0.5448167423973875,0.3991681275559038,0.5071163271880118,0.5480433544949674,0.4034096097420195,0.5242928882389394,0.42480746541880077,0.5460310299019977,0.4421395436147464,0.536579163923634,0.428759531307992,0.5112945930880713,0.45724938252713215,0.5130663862534981,0.42052418558121474,0.5415352606271433,0.4215061828913061,0.5392973437213068,0.4396718013538343,0.48524596093561606,0.4608643343899805,0.5265825543504116,0.4759533681009458,0.5030747629691911,0.4861904761904762,0.45027649769585254,0.49749763912562545,0.5122205572205571,0.4540116937477641,0.512413231929361,0.42924771644126497,0.5058082658082658,