{"min_species_distances":[-1.0,-1.0,-1.0,-1.0,0.25,0.0,0.1,0.0,0.0,0.1,0.18181818181818182,0.0,0.1111111111111111,0.1,0.0,0.0,0.0,0.0,0.0,0.0,0.0,0.0,0.0,0.0625,0.0,0.36363636363636365,0.0,0.21428571428571427,0.0,0.0,0.0,0.0,0.0,0.0,0.0,0.0,0.0,0.1111111111111111,0.0,0.058823529411764705,0.0,0.08333333333333333,0.0,0.0,0.0,0.0,0.0,0.0,0.16666666666666666,0.0,0.18181818181818182,0.0,0.15384615384615385,0.08333333333333333,0.0,0.35714285714285715,0.0,0.0,0.0,0.0,0.0,0.0,0.0,0.0,0.0,0.4,0.0,0.09090909090909091,0.0,0.09090909090909091,0.0,0.4,0.0,0.4,0.0,0.11764705882352941,0.0,0.0,0.0,0.0,0.07142857142857142,0.0,0.07142857142857142,0.0,0.0,0.0,0.0,0.0,0.0,0.0,0.0,0.0,0.047619047619047616,0.0,0.0,0.0,0.0,0.0,0.0,0.0,0.0,0.0,0.0,0.0,0.0,0.0,0.0,0.0,0.0,0.0,0.0,0.0,0.0,0.08333333333333333,0.0,0.07692307692307693,0.07142857142857142,0.0,0.0,0.1875,0.0,0.0,0.0,0.15789473684210525,0.0,0.0,0.23529411764705882,0.0,0.0,0.0,0.0,0.0,0.0,0.0,0.0,0.0,0.35294117647058826,0.0,0.0,0.0,0.0,0.0,0.0,0.0,0.0,0.0,0.5,0.0,0.5714285714285714,0.0,0.5714285714285714,0.05,0.42105263157894735,0.0,0.0,0.045454545454545456,0.2608695652173913,0.0,0.041666666666666664,0.0,0.15384615384615385,0.0,0.0,0.0,0.0,0.0,0.0,0.0,0.0,0.0,0.0,0.0,0.0,0.0,0.0,0.0,0.0,0.0,0.0,0.0,0.0,0.045454545454545456,0.0,0.08333333333333333,0.0,0.0,0.0,0.08333333333333333,0.0,0.0,0.0,0.0,0.0,0.0,0.0,0.0,0.0,0.0,0.0,0.0,0.0,0.0,0.0,0.0,0.0,0.0,0.0,0.0,0.0,0.0,0.0,0.0,0.0,0.0,0.0,0.0,0.0,0.0,0.0,0.041666666666666664,0.0,0.0,0.0,0.0,0.0,0.0,0.0,0.0,0.0,0.0,0.0,0.0,0.0,0.0,0.0,0.038461538461538464,0.0,0.0,0.0,0.0,0.04,0.0,0.4074074074074074,0.0,0.4074074074074074,0.0,0.2,0.0,0.043478260869565216,0.0,0.0625,0.0,0.0,0.07692307692307693,0.0,0.0,0.0,0.0,0.0,0.0,0.0,0.0,0.038461538461538464,0.3684210526315789,0.0,0.0,0.0,0.0,0.0,0.0,0.0,0.0,0.0,0.045454545454545456,0.0,0.0,0.05,0.0,0.07692307692307693,0.0,0.0,0.0,0.0,0.0,0.0,0.0,0.0,0.0,0.0,0.0,0.0,0.0,0.0,0.0,0.0,0.0,0.0,0.0,0.0,0.0],"total_num_species":[1,1,1,1,2,13,5,48,10,14,7,53,13,8,34,12,8,24,11,4,17,4,13,4,11,3,13,4,18,6,16,5,17,5,18,6,21,4,22,4,12,6,9,7,7,20,6,25,6,29,7,25,10,10,11,6,26,7,29,7,23,7,20,7,22,6,20,7,23,7,20,6,16,6,13,8,12,10,9,18,8,12,9,19,11,9,23,11,5,25,7,23,6,28,7,18,7,25,7,31,7,27,7,34,10,10,11,4,9,6,6,6,10,8,47,10,14,8,31,7,38,9,37,9,46,11,7,18,9,15,9,20,10,11,6,20,6,18,7,15,6,26,5,20,6,16,5,22,4,18,4,9,5,9,47,13,7,30,9,39,8,43,7,42,8,42,8,38,10,10,11,9,20,10,13,6,20,8,15,7,13,6,19,5,23,5,20,5,26,6,21,5,22,7,25,8,23,9,16,8,23,8,21,8,20,8,13,7,31,8,22,9,30,10,10,8,26,9,24,9,20,8,22,9,23,11,4,13,5,8,15,8,16,8,12,6,12,5,7,8,7,27,5,34,5,43,6,56,7,57,9,67,12,6,22,8,18,8,21,9,17,10,12,6,18,8,22,8,20,10,8,26,10,10,8,17,9,18,7,18,9,15,12,7,17,7,25,8,16,9,21,8,18,7,17,8,27,8,13,9],"avg_species_distances":[-1.0,-1.0,-1.0,-1.0,0.25,0.14412901912901915,0.30500000000000005,0.257401778678375,0.3264646464646465,0.322130647130647,0.356036556036556,0.32812168077045,0.39829856752933673,0.3868131868131869,0.3633881468106089,0.37884909703091496,0.42544122544122537,0.4200992847731973,0.40228915024369577,0.4351851851851852,0.42012282039855553,0.05000000000000001,0.4579452954452954,0.4945075757575757,0.4194405594405596,0.42424242424242425,0.4023447172485633,0.5282738095238095,0.40451770451770463,0.37696969696969695,0.4478707056832059,0.4194805194805194,0.4451760249554367,0.4623376623376624,0.45147620545544415,0.5059523809523809,0.4493963191337138,0.5261437908496732,0.48696106541790285,0.5159313725490197,0.44121563225841326,0.5200779727095517,0.4525444236228549,0.5027247606194974,0.535171261487051,0.48407281315176076,0.542962962962963,0.4440052130102439,0.5486939571150097,0.46421232638347415,0.5424604078739416,0.5005984488507712,0.5487514152323236,0.5566640323543451,0.521807411089708,0.570373851294904,0.4870255888276488,0.5056565023670286,0.49520662084335487,0.5476016429963799,0.4892380332493711,0.5456766917293234,0.47026435898665825,0.5388390848917166,0.4635627226878085,0.5706196581196582,0.4680257807750884,0.5480470065996383,0.44928275732311523,0.5480470065996383,0.4358938418460583,0.5694500674763834,0.4169181701583019,0.5694500674763834,0.42924205236958285,0.535524721022012,0.49589369966691965,0.48626245099929327,0.5084363553113553,0.41055816728356664,0.5322911249520051,0.48096719457013576,0.5124185959809024,0.44029386872931503,0.5052535931560701,0.526342930709546,0.45349027570894607,0.5273571285955189,0.48421052631578954,0.47128488925934675,0.3942525728240013,0.4793052261150263,0.45390720390720396,0.47314297588881143,0.48571428571428565,0.49584204352006167,0.31065759637188206,0.4654291283764965,0.47887250594017516,0.48661108306269624,0.42947845804988644,0.4753647911542653,0.5195011337868481,0.4994676063842954,0.38658008658008647,0.4935773777879042,0.4467304625199364,0.3333333333333333,0.5047619047619047,0.5498412698412697,0.5563492063492064,0.5291666666666666,0.48820512820512846,0.4865417320774463,0.42429017391955026,0.4352869352869352,0.44561486716288445,0.49056122448979594,0.43855000757248486,0.485515873015873,0.4597615363979935,0.4691633597883597,0.45223881546822037,0.48776644429701693,0.42766977596101985,0.4975086288327396,0.523763444771848,0.44576144773968496,0.5091166096068056,0.4430399976618464,0.5157410747688526,0.3920300230671751,0.492140043447233,0.469520433164598,0.545600414078675,0.44116338771915997,0.5539063451467544,0.46991374776047873,0.5304207524704418,0.48351728155649737,0.5396825396825397,0.4311496196111578,0.5636904761904763,0.47575614243570935,0.5485209235209235,0.45382095222459023,0.5862989559460147,0.4511295854204854,0.6329225023342671,0.435446054582824,0.6329225023342671,0.4913412889522281,0.5680451127819548,0.5083553739384492,0.47630991986870147,0.48211646465695024,0.5151215220192009,0.4489540571741387,0.4875223019769167,0.4817775418279694,0.49868908764585457,0.4405115440539232,0.504945819983414,0.42783057459203044,0.4893758723931984,0.41450710940979596,0.47786504952858333,0.3978666417371243,0.4508240435175418,0.4578558932944898,0.4397800153063311,0.45837093663180617,0.4058159746402564,0.473192092394991,0.45731017500952365,0.5087912087912088,0.42275664054953604,0.5322406290451401,0.44951367587657787,0.5022446225453743,0.4705868678832478,0.5395201289938132,0.41940914293040754,0.5801404735615262,0.42136061114572904,0.5756532940743466,0.44015887749843974,0.5787234695129432,0.40763775643794686,0.5456736246209931,0.4316486131932842,0.5756532940743466,0.4311813835254795,0.5459256945325057,0.43283572502870804,0.5319426813787717,0.40628713517515413,0.48500111000111,0.4569208209025983,0.5176870231218056,0.4439987937860024,0.49982160696446415,0.44522602876944634,0.5084479805908376,0.453834834755888,0.5201444518214704,0.4928874907004622,0.5320274963132106,0.41844660224356367,0.506917254588062,0.4584441669371112,0.5061747568898598,0.42878559053260884,0.5077257567666775,0.48738395706994747,0.4855540422310609,0.45040970175834916,0.5047452547452547,0.4478091603858871,0.46176202018593326,0.47306378503436397,0.532980726705293,0.4471693285924177,0.515365536604917,0.47692644591478095,0.4602549624288755,0.3125,0.44826129267322173,0.31282051282051276,0.509532967032967,0.4322981599297388,0.5173992673992673,0.42975256214672725,0.4749587912087912,0.4447848934691041,0.523017094017094,0.39967079703921815,0.5557692307692307,0.49572649572649563,0.5075294004241372,0.5001351108744593,0.3946915139530228,0.5601902726902728,0.4124125998223001,0.5587250712250713,0.42870661095729645,0.5385470085470084,0.42040768213424945,0.49994529088731976,0.39838764468281623,0.4696236684008423,0.3887618175843988,0.43308106614266034,0.5380579297245963,0.38728403857710175,0.486018611018611,0.401700415873476,0.4958472219501631,0.3990129239143688,0.469515415593847,0.41113454287656326,0.4553671242771763,0.44522466105956476,0.5365014092893575,0.40030126158223805,0.49580446727185834,0.39121132563302874,0.4806666075258752,0.3959895315986487,0.4658414433077539,0.4806666075258753,0.36154791862677726,0.446103961439583,0.4434408349981703,0.5019184318097362,0.38503905575474767,0.47266830868089443,