{"min_species_distances":[-1.0,-1.0,-1.0,-1.0,0.25,0.0,0.1,0.0,0.08333333333333333,0.09090909090909091,0.0,0.0,0.0,0.0,0.0,0.3333333333333333,0.0,0.0,0.0,0.0,0.0,0.0,0.0,0.0,0.0,0.0,0.0,0.06666666666666667,0.0,0.09090909090909091,0.0,0.0,0.0,0.0,0.16666666666666666,0.0,0.0,0.0,0.0,0.0,0.0,0.0,0.0,0.0,0.0,0.0,0.0,0.0,0.0,0.0,0.0,0.0625,0.0,0.0,0.058823529411764705,0.0,0.1,0.2727272727272727,0.0,0.08333333333333333,0.18181818181818182,0.0,0.0,0.0,0.0,0.0,0.05555555555555555,0.0,0.2222222222222222,0.0,0.05555555555555555,0.0,0.0,0.0,0.0,0.3888888888888889,0.0,0.0,0.0,0.0,0.0,0.05263157894736842,0.0,0.0,0.0,0.0,0.0,0.0,0.0,0.0,0.0,0.0,0.0,0.07142857142857142,0.0,0.0,0.0,0.05263157894736842,0.0,0.0,0.0,0.0,0.0,0.35714285714285715,0.0,0.0,0.0,0.0,0.0,0.0,0.0,0.0,0.0,0.0,0.0,0.0,0.0,0.0,0.0,0.0,0.0,0.0,0.0,0.0,0.14285714285714285,0.0,0.0,0.0,0.0,0.0,0.0,0.0,0.08,0.0,0.0,0.0,0.0,0.0,0.0,0.0,0.0,0.0,0.0,0.0,0.0,0.0,0.0,0.0,0.0,0.0,0.0,0.0,0.0,0.0,0.0,0.0,0.0,0.0,0.0,0.0,0.0,0.0,0.0,0.0,0.0,0.0,0.0,0.0,0.0,0.0,0.48148148148148145,0.0,0.19047619047619047,0.0,0.05555555555555555,0.0,0.19047619047619047,0.0,0.10526315789473684,0.0,0.0,0.0,0.0,0.0,0.0,0.0,0.0,0.0,0.0,0.0,0.0,0.2608695652173913,0.0,0.0,0.0,0.047619047619047616,0.0,0.0,0.0,0.0,0.0,0.0,0.0,0.2608695652173913,0.0,0.0,0.0,0.2608695652173913,0.0,0.2608695652173913,0.0,0.2608695652173913,0.0,0.0,0.0,0.047619047619047616,0.0,0.0,0.0,0.2413793103448276,0.0,0.2,0.0,0.0,0.0,0.0,0.0,0.0,0.0,0.0,0.0,0.0,0.0,0.0,0.0,0.0,0.034482758620689655,0.0,0.0,0.0,0.03225806451612903,0.0,0.0,0.0,0.0,0.0,0.047619047619047616,0.0,0.0,0.0,0.0,0.0,0.0,0.0,0.0,0.0,0.0,0.0,0.0,0.0,0.0,0.0,0.0,0.0,0.0,0.0,0.0,0.0,0.3548387096774194,0.0,0.0967741935483871,0.0,0.3548387096774194,0.0,0.0,0.0,0.0,0.0,0.0,0.0,0.034482758620689655,0.0,0.047619047619047616,0.0,0.047619047619047616,0.0,0.0,0.0,0.0,0.0,0.0,0.030303030303030304,0.0,0.0,0.0,0.0,0.3548387096774194,0.0,0.3548387096774194,0.0],"total_num_species":[1,1,1,1,2,13,9,88,23,11,7,30,13,6,13,3,23,5,22,5,16,7,13,7,12,7,21,8,19,7,16,8,17,11,5,15,5,20,6,20,6,14,7,14,6,16,7,7,6,6,19,6,27,10,9,46,11,8,26,10,11,8,18,8,25,11,5,21,5,18,5,16,5,12,6,5,9,6,14,7,25,8,30,12,8,24,9,25,12,7,20,8,23,7,26,8,21,8,21,8,18,7,19,7,18,9,21,7,13,7,19,8,15,9,12,8,21,10,10,9,10,10,9,11,8,11,9,11,10,14,9,23,8,20,7,16,9,23,8,23,10,15,7,21,7,25,6,22,5,12,6,13,9,13,5,19,6,14,7,22,6,15,8,15,7,18,5,7,8,6,5,23,6,49,6,60,6,73,8,67,8,64,9,60,12,6,23,7,33,6,29,6,32,7,21,7,34,7,29,7,28,7,32,6,20,6,25,6,28,6,23,7,24,8,27,8,26,8,30,7,27,7,35,8,30,9,28,12,8,14,8,21,7,22,7,27,7,24,8,28,8,24,8,15,8,15,8,23,8,15,8,19,7,19,7,19,7,26,8,21,7,33,7,29,8,28,8,23,6,28,7,16,6,15,7,17,9,13,9,14,8,14,7,14,9,11,10,10,9,11,10,9,9,16,9,13,7,14,7,15],"avg_species_distances":[-1.0,-1.0,-1.0,-1.0,0.25,0.226037851037851,0.2854166666666667,0.2839462979549195,0.3172775182656602,0.37681076499258304,0.3839620696763554,0.3755967404243273,0.41371221371221356,0.41555555555555546,0.4085914085914084,0.4166666666666667,0.3811696867032839,0.3488636363636363,0.39919550146822863,0.43143939393939396,0.4101447163947165,0.47000915750915745,0.36887103281334016,0.41787379287379284,0.3914428374655648,0.40992063492063496,0.38731185481185454,0.472839887703333,0.38597430261516935,0.4762204881952781,0.4336359310624015,0.45274001208875153,0.43969975022094404,0.43885203922637095,0.4836788048552755,0.4545580423311516,0.36964285714285716,0.45307481810822225,0.3671957671957672,0.38241057688079827,0.20423280423280424,0.4323042037327753,0.46849017384731667,0.3686465611885783,0.385079365079365,0.47971726190476255,0.4716553287981858,0.41206538170823875,0.4617989417989418,0.4943518518518518,0.4630808833228581,0.42336601307189536,0.45963489761649484,0.4568046477850401,0.47247121070650483,0.39869263646835945,0.48275866438968057,0.4920391699803464,0.41003004336036025,0.4937942449707155,0.4794705650855384,0.5105608910230758,0.42652452421771947,0.48908550599727063,0.417382225889579,0.4803158279628869,0.4128921568627451,0.48044379717698993,0.5055555555555555,0.4458099662084974,0.47999999999999987,0.45565867003367005,0.4479166666666667,0.4463196203521283,0.48886661097187406,0.53625,0.4299089396967363,0.5049136321195146,0.4591199165226145,0.5078909341514383,0.4160371113091711,0.5220056044746447,0.4042567005903727,0.4894970287684193,0.5093344155844155,0.40067202825354903,0.5170548972632305,0.42423041140146417,0.49692641887617955,0.46743452625805565,0.4671899852994038,0.4836588044308631,0.4383225864772387,0.466908422265565,0.455111860275948,0.5284412447455925,0.4377556024605721,0.5164582622800178,0.4101125649621895,0.5150686171597826,0.4358052054775482,0.5276955013797119,0.4561023382930123,0.5576079448259899,0.48328858390777935,0.5069931773879143,0.4288980568303889,0.5486669415240844,0.48261183261183266,0.48189033189033187,0.47332978911926304,0.4909287141429998,0.4839120299989866,0.5086372493661497,0.5068701739243476,0.503596300180151,0.46849387888664545,0.5002108036890647,0.5324587597051366,0.5343414301747635,0.525371311458268,0.5197742636491681,0.506907889621467,0.4869867300140859,0.5537842075109155,0.5153490690249586,0.5285376191173294,0.512259880285676,0.5317774884803872,0.5148468750021546,0.5516438191438193,0.49427248621331443,0.5582187950937951,0.4736900584795327,0.42052174405115583,0.503203278203278,0.5477801519468186,0.49573317201255657,0.526727254420248,0.48196927298670583,0.5287850503195771,0.44402416755357926,0.5746577983420088,0.48546723005735076,0.4426343636869953,0.4193724210464956,0.18724637681159423,0.4532583279397568,0.4818713450292397,0.37054684269596544,0.36610526315789477,0.4339783754257438,0.45670340380866686,0.4784637876743139,0.22749999999999998,0.4435412605588048,0.46507472384665366,0.4419322467905464,0.4003202450570872,0.45612458274112444,0.3533333333333334,0.4128001388753271,0.40846560846560837,0.4506368383310743,0.4658590921748816,0.36626551855310024,0.493859649122807,0.482253372729563,0.5122042772042771,0.525367348700682,0.5695325045325046,0.4751013271093906,0.536750862663906,0.468876521259273,0.5466325140238182,0.4557959402963783,0.5485372405372405,0.4552005051957459,0.5166544796056074,0.44074364046470443,0.5054788637863171,0.42261249151052704,0.5001201535984143,0.4113160274483188,0.44999290564507943,0.5178534798534798,0.4291641388341855,0.484793301936159,0.42834479584973617,0.5178534798534798,0.43435832820551123,0.5288794394011785,0.4326275179939268,0.4960332628034491,0.46227183415662654,0.495042735042735,0.4416013639772674,0.4976277690563405,0.4179959094081589,0.4960332628034492,0.4304674257360018,0.4960332628034492,0.39717032182144413,0.5288794394011785,0.39492743657732243,0.5178534798534797,0.42226214630779874,0.5250772415989807,0.4176533098065187,0.5250772415989807,0.4253903657778895,0.5031339903046907,0.41668604321212865,0.4653568015835096,0.43005724022215713,0.47098566458172375,0.3845402632956094,0.4518647191318,0.4087130490124849,0.5047760264294854,0.4157558519196933,0.4805391296074525,0.40194414282074536,0.45603775106880695,0.3843799893742384,0.4392960650849852,0.40878723833592095,0.4292053741164411,0.4830942866657152,0.4096061854303612,0.47688093156843164,0.39826968701041726,0.461138861138861,0.3931561613155877,0.49447219447219454,0.3915066958262506,0.49211860935998863,0.3737566547599029,0.46215422442380977,0.340020436878791,0.4627347690711746,0.3650499943353508,0.4838865157830674,0.39584333085733636,0.4715850756173337,0.4108521850958979,0.48390436368546974,0.3765777292852638,0.4767621745291845,0.3912554317162613,0.48760587894546265,0.3826818324676663,0.5009507133931097,0.4043923057798119,0.5009507133931097,0.37350113168826593,0.5009507133931097,0.3736465319749306,0.48719536991426393,0.3587357638740128,0.5009507133931097,0.3537479216548348,0.4500047571476143,0.3953601482223863,0.49216208778420756,0.37960215191000724,0.43295732045732044,0.4068600170665707,0.5329387060569857,0.3641796581822342,0.500020830665992,0.39312476686509445,0.5332171896688025,0.415294813037301,0.5029788578175676,0.38802428372965675,0.47419480039057343,0.42317236806519776,