{"min_species_distances":[-1.0,-1.0,-1.0,-1.0,-1.0,0.0,0.1111111111111111,0.1111111111111111,0.09090909090909091,0.0,0.0,0.09090909090909091,0.0,0.0,0.0,0.0,0.0,0.0,0.0,0.16666666666666666,0.0,0.0,0.0,0.0,0.0,0.0,0.0,0.0,0.0,0.05263157894736842,0.0,0.0,0.0,0.0,0.0,0.0,0.0,0.0,0.0,0.0,0.0,0.0,0.0,0.0,0.0,0.0,0.0,0.0,0.0,0.1111111111111111,0.0,0.0,0.0,0.0,0.0,0.0,0.09090909090909091,0.0,0.05263157894736842,0.0,0.05,0.0,0.0,0.0,0.0,0.0,0.0,0.0,0.0,0.16666666666666666,0.0,0.05555555555555555,0.0,0.0,0.0,0.09523809523809523,0.10526315789473684,0.0,0.0,0.0,0.0,0.05263157894736842,0.0,0.16666666666666666,0.0,0.0,0.05555555555555555,0.047619047619047616,0.0,0.0,0.0,0.0,0.0,0.0,0.0,0.0,0.0,0.0,0.0,0.0,0.0,0.0,0.0,0.0,0.0,0.0,0.0,0.0,0.0,0.0,0.0,0.0,0.0,0.631578947368421,0.0,0.7096774193548387,0.05,0.0,0.0,0.0,0.0,0.0,0.0,0.0,0.0,0.0,0.375,0.0,0.0,0.0,0.09090909090909091,0.0,0.0,0.0,0.058823529411764705,0.0,0.0625,0.0,0.0,0.0,0.0,0.0,0.0,0.0,0.0,0.0,0.0,0.0,0.0,0.0,0.0,0.0,0.0,0.1111111111111111,0.058823529411764705,0.0,0.0,0.08695652173913043,0.07692307692307693,0.0,0.0,0.0,0.0,0.0,0.0,0.0,0.0,0.0,0.0,0.35294117647058826,0.0,0.0,0.0,0.35294117647058826,0.0,0.35294117647058826,0.0,0.3888888888888889,0.0,0.0,0.0,0.0,0.0,0.0,0.0,0.3888888888888889,0.0,0.0,0.0,0.0,0.0,0.0,0.0,0.0,0.48,0.0,0.0,0.0,0.07692307692307693,0.0,0.0,0.0,0.0,0.0,0.0,0.0,0.0,0.0,0.0,0.0,0.0,0.0,0.0,0.0,0.0,0.0,0.0,0.0,0.0,0.0,0.0,0.0,0.0,0.0,0.0,0.0,0.0,0.0,0.0,0.0,0.0,0.0,0.0,0.0,0.0,0.0,0.0,0.0,0.0,0.0,0.0,0.14285714285714285,0.0,0.38461538461538464,0.0,0.0,0.0,0.0,0.0,0.0,0.0,0.0,0.0,0.0,0.0,0.0,0.0,0.0,0.0,0.0,0.0,0.0,0.0,0.0,0.0,0.0,0.0,0.0,0.0,0.0,0.0,0.0,0.0,0.03571428571428571,0.0,0.0,0.0,0.05,0.0,0.0,0.0,0.0,0.0,0.0,0.0,0.0,0.0,0.0,0.0,0.0,0.0,0.0,0.0,0.0,0.0,0.0,0.0,0.0,0.0,0.0],"total_num_species":[1,1,1,1,1,10,25,13,10,15,11,5,22,6,18,9,12,10,12,4,11,5,12,4,14,6,13,6,11,5,13,6,18,5,19,7,17,7,12,8,9,10,9,10,10,9,17,9,25,8,28,11,8,12,9,11,7,15,8,10,9,26,9,48,9,44,10,10,12,8,36,8,32,8,38,10,9,25,9,17,10,9,16,9,19,10,12,7,18,8,25,8,25,10,10,10,11,7,33,8,19,9,18,9,24,9,27,10,20,4,19,4,12,3,12,2,8,5,5,6,8,60,16,7,43,11,5,22,6,30,8,27,7,25,11,6,16,7,19,7,17,9,15,6,24,8,19,9,20,10,12,8,9,7,7,8,32,10,10,12,7,26,8,24,9,25,9,35,12,6,15,8,18,6,24,6,19,6,26,7,22,8,20,7,24,6,28,8,27,9,22,11,6,17,5,22,7,15,7,17,9,22,8,26,10,9,24,10,8,14,7,24,7,18,7,18,8,18,8,25,8,22,8,26,9,24,8,24,7,24,7,18,10,8,25,8,16,8,19,7,22,7,18,7,31,8,25,8,29,9,17,9,32,9,19,9,16,8,22,7,17,9,14,8,13,8,10,9,8,13,9,16,11,9,12,9,13,9,13,10,9,23,13,7,29,8,32,9,30,8,18,9,25,7,26,8,27,9,31,9],"avg_species_distances":[-1.0,-1.0,-1.0,-1.0,-1.0,0.1392857142857144,0.23763888888888934,0.3138888888888886,0.37122334455667794,0.36698412698412664,0.3743250688705233,0.37636363636363634,0.33179850452577686,0.37198912198912204,0.3945670886847358,0.4251456876456877,0.4039533698624607,0.41615162615162615,0.42270229770229806,0.49652777777777785,0.40227530045711857,0.4251948051948052,0.4454785954785954,0.47558922558922556,0.4596157810443524,0.4160846560846561,0.4548433048433049,0.47030303030303033,0.4821763085399448,0.5276767676767676,0.43530906228274685,0.48956228956228964,0.3768587578572097,0.40478468899521525,0.4882617638850332,0.4098567124882914,0.46912853332875915,0.5098745239722684,0.4662521323705536,0.5148742391693518,0.4882561699995912,0.5068128654970762,0.5162058536865038,0.44801914918014,0.4545036737142002,0.471761216294885,0.486548214999861,0.48719368257874446,0.4534419673743953,0.545316063795166,0.4541292965681274,0.48702658383927755,0.4849585076945758,0.4668110527243657,0.5009429604050346,0.5165712883607622,0.5419832360621835,0.36432074530216957,0.5193869281855793,0.5138595168161734,0.5297025636615422,0.47388246831522784,0.5270128669251476,0.4861670477817213,0.5223901991445853,0.47679337500451746,0.5245018279316526,0.5306889731451137,0.5132384915279653,0.5337518475676372,0.46155989213799087,0.5400450598593014,0.4875881516701251,0.5312381227794761,0.4712427324652343,0.5281122237468988,0.5262950798103019,0.47929593660267017,0.5089121381046047,0.4756518024703466,0.5061148597990703,0.5262219803950972,0.5043288038357701,0.5259155619062741,0.49958450411440464,0.48239580852583963,0.48779916151855346,0.5625010328017848,0.4759249556772775,0.569945054945055,0.46273204378467586,0.5335615825277479,0.49111849709744393,0.5473126483652802,0.5424115472628058,0.5587377306141608,0.5361028445238974,0.5182303585049579,0.514622179978236,0.5356431753988147,0.5297082307560448,0.4879499473320984,0.5366762722214253,0.5570778207387534,0.49449132155216163,0.5502863438790212,0.4813338750409692,0.5107231179731774,0.474444401715392,0.39237199582027166,0.5183104039131359,0.0,0.48181997336839777,0.6728919071873231,0.46412186491288215,0.7096774193548387,0.5217474981966858,0.5738018433179723,0.5795161290322581,0.5496006144393242,0.449993235930736,0.4711425557353558,0.4368751285479228,0.5368368838763576,0.36456614444082774,0.4957744508282787,0.6012500000000001,0.43802459217701906,0.5570833333333333,0.45569236705846644,0.5519709019971625,0.43142509959965225,0.5561507936507937,0.4784592649642203,0.5275492221682061,0.5733126934984522,0.5178679178603462,0.5232142857142857,0.5049409792722952,0.5485902255639098,0.4791755353457172,0.5123217882263935,0.5032693159666844,0.5108771929824562,0.49646949390180845,0.5398457080200502,0.47954350806633117,0.5432438419280523,0.4655777435710143,0.5451058201058202,0.4999218213456182,0.46541491596638657,0.5435305435305435,0.5710205799491513,0.5659983690445876,0.5108816253774238,0.47811564982869054,0.5402867586539681,0.5479137259942213,0.5100810180531545,0.5242490935768247,0.4963100457215248,0.5314996453126705,0.4867524937596624,0.5328138636962165,0.49430630527023756,0.5210703852247971,0.4827783019000461,0.5145495473035582,0.5622527798998387,0.4780965205966971,0.5032513005202082,0.48339447007601416,0.5652539276580197,0.464970193579204,0.5610329639102017,0.4478866908081796,0.5586909159799185,0.4864164069606921,0.5338401060907455,0.45357929943513586,0.5377529635042423,0.47015008393390423,0.5364940662255241,0.4702886945012764,0.554314672728995,0.4941512937554205,0.5124637574327977,0.4823307716328167,0.5143999159117838,0.5080188522257248,0.5309038401593081,0.5160130718954248,0.46374172757165294,0.5833333333333334,0.47970501498393736,0.49507936507936506,0.45864096749811023,0.48931623931623913,0.5046363721362473,0.5355540858318634,0.4787159409424225,0.5075821995464852,0.4901971924221657,0.5098491837380725,0.5080764143264141,0.46966128258603185,0.504663546330213,0.5315806878306878,0.49888443766931606,0.5243055555555556,0.48070965388665793,0.5159592822636301,0.46665863394062373,0.5143976393976394,0.46675604394302006,0.5227793040293041,0.4821341478307658,0.4780601343101343,0.47408526008526064,0.5167619542619543,0.47246416925561385,0.48665664290664296,0.467287207917978,0.5107281319781319,0.44641714284617184,0.501946836946837,0.4640056173623954,0.5165079365079364,0.4525746860825552,0.5354065604065604,0.4718451239558511,0.4971447534491014,0.4965118552618552,0.4470769360382745,0.5099074516465821,0.48033718695351063,0.5135047904041039,0.46502649307184085,0.5322362878884617,0.47390275845275265,0.5480250423107565,0.4425709512629264,0.5469056092244498,0.4443442039849974,0.4868075935467239,0.4976271039567713,0.5439980974763582,0.477571661665268,0.4533012446539017,0.4835204253187932,0.505115598690478,0.40745951421210236,0.49947106526816665,0.43631315301050577,0.4840254212114117,0.42834971429367974,0.5014919049401807,0.4056454783816098,0.49863856530523193,0.4095392040884368,0.4729756809950046,0.45982283607223867,0.5153702771094075,0.42688061583825204,0.5214572663542915,0.49304781794280894,0.497611584651376,0.5242312626805108,0.5007954715849456,0.5297999862488968,0.433674864025786,0.5212793696187527,0.5312956521252045,0.5110395423698332,0.5345167129722986,0.4752119412870808,0.5268448499921579,0.5081426666449236,0.5168457200899226,0.5252985592973494,0.35836435962925295,0.4714378957512652,0.5270042831947594,0.48718586581643397,0.4956386999244141,