{"min_species_distances":[-1.0,-1.0,-1.0,-1.0,-1.0,0.14285714285714285,0.0,0.0,0.1111111111111111,0.1,0.0,0.0,0.0,0.0,0.0,0.0,0.0,0.0,0.0,0.0,0.0,0.0,0.0,0.0,0.0,0.47368421052631576,0.0,0.0,0.0,0.0,0.0,0.0,0.0,0.5714285714285714,0.0,0.5714285714285714,0.0,0.0,0.0,0.0,0.0,0.06666666666666667,0.0,0.0,0.0,0.0,0.0,0.06666666666666667,0.0,0.0,0.0,0.0,0.0,0.0,0.0,0.0,0.0,0.0625,0.0,0.0,0.0,0.0,0.0,0.0,0.0,0.0,0.0,0.0,0.0,0.0,0.125,0.0,0.0,0.058823529411764705,0.0,0.05555555555555555,0.0,0.21052631578947367,0.0,0.0,0.0,0.0,0.0,0.0,0.0,0.0,0.0,0.0,0.1111111111111111,0.0,0.0,0.3333333333333333,0.0,0.0,0.0,0.0,0.0,0.0,0.0,0.0,0.0,0.0,0.0,0.0,0.0,0.0,0.0,0.0,0.0,0.0,0.0,0.0,0.0,0.0,0.0,0.0,0.0,0.0,0.0,0.0,0.0,0.0,0.0,0.0,0.0,0.0,0.0,0.05555555555555555,0.0,0.0,0.0,0.0,0.0,0.0,0.0,0.07142857142857142,0.0,0.05263157894736842,0.08333333333333333,0.0,0.0,0.0,0.0,0.0,0.0,0.0,0.0,0.0,0.0,0.0,0.0,0.0,0.0,0.0,0.0625,0.0,0.08333333333333333,0.0,0.0,0.0,0.0,0.0625,0.0,0.08333333333333333,0.0,0.0,0.0,0.0,0.0,0.35714285714285715,0.0,0.0,0.0,0.05,0.0,0.0,0.0,0.0,0.0,0.0,0.0,0.0,0.0,0.0,0.0,0.0,0.0,0.0,0.0,0.0,0.0,0.0,0.0,0.0,0.0,0.0,0.0,0.0,0.0,0.05555555555555555,0.0,0.0,0.0,0.0,0.0,0.0,0.0,0.0,0.0,0.0,0.0,0.0,0.0,0.47058823529411764,0.0,0.0,0.0,0.0,0.0,0.47368421052631576,0.0,0.0,0.0,0.0,0.0,0.09375,0.0,0.08333333333333333,0.0,0.0,0.0,0.0,0.0,0.0,0.0,0.0,0.0,0.0,0.0,0.0,0.0,0.09523809523809523,0.0,0.45,0.0,0.0,0.0,0.0,0.0,0.0,0.0,0.05555555555555555,0.0,0.15789473684210525,0.0,0.15789473684210525,0.0,0.15789473684210525,0.0,0.09523809523809523,0.0,0.09523809523809523,0.09523809523809523,0.041666666666666664,0.09523809523809523,0.0,0.0,0.0,0.0,0.0,0.0,0.0,0.0,0.0,0.0,0.0,0.0,0.0,0.0,0.043478260869565216,0.0,0.0,0.0,0.0,0.0,0.0,0.0,0.041666666666666664,0.0,0.1111111111111111,0.0,0.047619047619047616,0.0,0.0,0.0,0.0,0.0,0.0,0.0,0.0],"total_num_species":[1,1,1,1,1,3,48,35,12,10,15,7,41,9,40,10,12,7,22,10,11,5,17,4,18,3,18,5,18,3,15,3,12,2,15,2,13,3,15,4,13,5,12,4,12,5,12,4,13,4,13,4,14,5,12,4,15,5,8,6,6,10,10,11,9,27,10,15,10,12,5,21,6,7,11,9,11,8,10,9,18,9,30,11,8,16,8,25,9,20,11,7,16,8,16,9,26,10,9,20,10,10,10,10,10,12,7,25,9,17,7,19,8,28,6,20,5,20,7,16,7,15,6,21,6,7,8,7,18,7,31,9,44,9,23,8,26,11,6,23,6,25,7,18,9,16,9,13,8,17,6,27,7,18,7,15,8,22,10,10,10,9,15,9,17,9,17,8,16,8,12,9,14,9,13,10,10,14,6,16,8,23,7,25,8,29,9,33,8,20,6,20,9,19,8,26,8,22,10,8,21,10,16,6,21,5,24,6,22,4,18,5,14,4,16,4,25,6,16,4,23,4,17,4,23,4,19,4,15,5,19,5,16,6,25,6,19,5,12,5,12,4,11,4,6,7,5,6,27,6,39,7,65,7,60,7,64,7,59,9,68,10,10,13,7,35,5,38,7,43,8,34,9,31,9,31,7,18,10,8,20,8,14,9,16,10,11,6,16,5,19,6,20,7,24,9,20,8,11,9],"avg_species_distances":[-1.0,-1.0,-1.0,-1.0,-1.0,0.21428571428571427,0.1595850219520432,0.2405062024809921,0.30484006734006724,0.33756453423120103,0.35287878787878757,0.39164169164169155,0.351744271988177,0.33984287317620654,0.38280611838304246,0.393044733044733,0.4122294372294372,0.4225663225663225,0.422974211935251,0.36428682428682435,0.4323455332546241,0.47857142857142854,0.41286512891184185,0.4775132275132275,0.39043073846995424,0.5588972431077693,0.45554104048686095,0.4428571428571428,0.41534856278148347,0.38095238095238093,0.4408960713471992,0.38095238095238093,0.44102767248700253,0.5714285714285714,0.4195197951588927,0.5714285714285714,0.44560863113494686,0.38095238095238093,0.4345018390131172,0.4372294372294372,0.39143809406967306,0.5056262939958591,0.4094569239904168,0.31269841269841264,0.43688508461235753,0.43916666666666676,0.4547711968166513,0.5236111111111111,0.437810337810338,0.52,0.42596153846153867,0.52,0.47647224570301555,0.4376923076923077,0.455468142968143,0.052083333333333336,0.4606257631257636,0.5615410052910053,0.5239906325778173,0.5427028218694885,0.5532601929660753,0.5081055261610818,0.5118842988287433,0.5202785430058159,0.5272384107964174,0.4397222462037277,0.5055349794238684,0.4797029586245272,0.5161562998405104,0.4852186135678959,0.5568055555555554,0.4363166165810647,0.5412013295346629,0.5436357306455345,0.48705025767719284,0.5156070559127834,0.4747320321004531,0.5366062726260096,0.46844217024041584,0.48609148256443585,0.4724262172232592,0.5219584367062438,0.44621329752455036,0.5061776456752533,0.5298275676565151,0.45707456509539857,0.5109051827801828,0.45366400112233424,0.537320382806494,0.4548435113218395,0.49901776872365117,0.5403531783083605,0.46141920194003505,0.5166754201680673,0.48448059316319136,0.5240983394782416,0.4964270098049574,0.5188311737950542,0.5174291938997823,0.5013679005319879,0.530342542829643,0.5333987159752556,0.5384811073699964,0.5348491450452236,0.5280170405831106,0.5149729913850712,0.47022785722476135,0.4824034085014484,0.5080610021786494,0.5021123849280156,0.5328950098557941,0.4641596564197187,0.44000933706816064,0.4694067689000901,0.46037763253449526,0.4067760215813016,0.4120915032679739,0.46482613119956345,0.4764628073451603,0.4154722556663996,0.4855179888719621,0.49437312724132726,0.35563725490196074,0.4635494149813043,0.4309368191721132,0.3915343915343915,0.46590892767363357,0.4948323281656616,0.425178664071853,0.4899218946837995,0.4471308504220721,0.4628396314777391,0.4045813965377726,0.4714782992969268,0.4405711411183378,0.49329500473545057,0.44549538928190197,0.4391243948465649,0.4800031123560535,0.3921286062992769,0.44618736383442253,0.3863802823834456,0.4546783625730994,0.4189026439716633,0.4578158017593003,0.4057477364197651,0.46248157157599895,0.4379301309211122,0.478718329437038,0.4263309252897552,0.5078372401592216,0.4102582385046007,0.5195615088140519,0.42405677722548013,0.49492226715247495,0.4387698642209919,0.5018341547145174,0.4239967219791111,0.4613605500679805,0.4574681663340971,0.4547045048747835,0.46457338849947205,0.4509442394305288,0.4722149066963307,0.41411871872739653,0.45451919404125285,0.42849534423416713,0.49467688989471387,0.4068684549311487,0.5208911342314704,0.43029840035187633,0.5065571683218741,0.4669677780621974,0.5042828725693176,0.47453260280008674,0.5019977266268827,0.4865425000409522,0.4436215241832225,0.36126984126984124,0.46287694242163197,0.4276212299801953,0.422127290756087,0.4649204711124216,0.4404442582558467,0.312922537436027,0.4137819540373938,0.4680668488718024,0.4124893039300011,0.4371451079384706,0.4504616229909671,0.4188028895768834,0.42464553838464464,0.4882495170807864,0.43075308980202764,0.5105676886139071,0.41539928252002545,0.5076417611579044,0.4202640791318365,0.4897791865284126,0.5192283053572305,0.45139564396034665,0.4131929628744688,0.43061800743689266,0.48370927318295737,0.42647351019089214,0.46751361161524496,0.4403595357307744,0.425892316999395,0.4013747205421246,0.3944444444444444,0.44244688358086054,0.41122807017543855,0.44477579033085407,0.5418816649466804,0.40885983340704674,0.47222222222222215,0.45239389025147525,0.43141186299081036,0.47497744010227766,0.5614870509607351,0.43141378575618894,0.4135416666666667,0.4594973400318634,0.31666666666666665,0.41617638081988095,0.46096014492753623,0.4281739143536086,0.4595959595959596,0.44432147562582364,0.4881818181818181,0.4362539734822343,0.388452380952381,0.45180818807186274,0.481159420289855,0.42309229035102636,0.46222222222222215,0.3971992597621891,0.3943188405797101,0.32798624300600593,0.41999999999999993,0.41033232000973924,0.45857142857142863,0.4503246753246753,0.5505555555555556,0.4804444444444444,0.44873015873015865,0.48733333333333323,0.4665882352941175,0.36821405439429616,0.471764705882353,0.3805226598879848,0.43087899487280296,0.3847250852766594,0.4827392009435353,0.4023837247153257,0.47862990810359224,0.3649403297058494,0.47531328320802,0.370018628378127,0.43799572856873376,0.3843109409766554,0.4296701790318087,0.42310401614985643,0.41558689424139317,0.46056047920509224,0.3961739891923228,0.508494623655914,0.3845925573295784,0.4557886302125934,0.3832868577249434,0.44713059264251404,0.3975347450628256,0.4345221027479091,0.34271966121346975,0.4152325111125952,0.3954817964701521,0.45075877319916585,0.35385756198904555,0.4008395313584654,0.4383856731590547,0.2940921849442619,0.42791835910699855,