{"min_species_distances":[-1.0,-1.0,-1.0,-1.0,0.0,0.0,0.125,0.0,0.1111111111111111,0.0,0.09090909090909091,0.0,0.0,0.0,0.0,0.07692307692307693,0.0,0.0,0.0,0.0,0.0,0.0,0.0,0.0,0.0,0.0,0.0,0.0,0.45454545454545453,0.0,0.0,0.0,0.0,0.0,0.0,0.0,0.0,0.0,0.0,0.0,0.0,0.0,0.0,0.0,0.0,0.0,0.0,0.0,0.0,0.0,0.0,0.0,0.0,0.0,0.0,0.0,0.0,0.0,0.0,0.0,0.0,0.2631578947368421,0.0,0.0,0.0,0.0625,0.0,0.0,0.0,0.0,0.0,0.0,0.0,0.13333333333333333,0.0,0.0,0.0,0.0,0.35294117647058826,0.0,0.0,0.0,0.0,0.0,0.0,0.0,0.45,0.0,0.0,0.0,0.0,0.0,0.0,0.0,0.0625,0.0,0.0,0.0,0.0,0.0,0.0,0.0,0.0,0.0,0.0,0.058823529411764705,0.0,0.0,0.0,0.0,0.0,0.0,0.0,0.0,0.47619047619047616,0.0,0.47619047619047616,0.0,0.47619047619047616,0.0,0.2777777777777778,0.0,0.0,0.0,0.0,0.0,0.3157894736842105,0.0,0.25,0.0,0.47619047619047616,0.0,0.0,0.0625,0.0,0.0,0.0,0.0,0.0,0.0,0.0,0.0,0.0,0.0,0.0,0.0,0.0,0.0,0.0,0.0,0.0,0.0,0.0,0.0,0.0,0.0,0.0,0.0,0.0,0.0,0.0,0.0,0.0,0.0,0.0,0.0,0.0,0.038461538461538464,0.0,0.0,0.0,0.0,0.0,0.6,0.0,0.6,0.0,0.0,0.0,0.0,0.0,0.0,0.0,0.0,0.0,0.0,0.0,0.06896551724137931,0.0,0.07142857142857142,0.07142857142857142,0.0,0.0,0.0,0.0,0.0,0.0,0.0,0.0,0.0,0.0,0.0,0.0,0.0,0.0,0.0,0.0,0.0,0.0,0.0,0.0,0.0,0.22727272727272727,0.0,0.0,0.0,0.0,0.0,0.0,0.0,0.4090909090909091,0.0,0.13333333333333333,0.0,0.0,0.0,0.0,0.0,0.0,0.0,0.0,0.0,0.0,0.0,0.0,0.0,0.0,0.0,0.0,0.0,0.0,0.15384615384615385,0.0,0.0,0.0,0.041666666666666664,0.0,0.07142857142857142,0.0,0.0,0.0,0.0,0.2777777777777778,0.0,0.05263157894736842,0.0,0.2777777777777778,0.0,0.2222222222222222,0.0,0.0,0.0,0.0,0.0,0.0,0.0,0.0,0.0,0.0,0.0,0.0,0.0,0.0,0.0,0.0,0.0,0.0,0.0,0.0,0.0,0.0,0.0,0.0,0.0,0.0,0.037037037037037035,0.0,0.0,0.0,0.0,0.0,0.0,0.0,0.06666666666666667,0.0,0.2222222222222222,0.0,0.17647058823529413,0.0,0.058823529411764705],"total_num_species":[1,1,1,1,3,16,7,68,18,11,9,19,11,8,19,7,28,7,27,8,20,10,9,19,10,13,2,15,3,21,4,12,6,29,6,20,7,20,5,21,7,18,5,23,7,13,3,20,5,18,4,17,6,16,6,18,6,7,9,8,22,6,22,7,20,8,15,9,19,9,35,8,48,8,41,9,39,12,8,17,10,12,6,27,7,23,5,21,7,20,9,15,9,17,7,16,9,13,9,11,8,12,8,13,8,12,8,9,9,25,9,26,8,27,7,30,7,28,7,44,8,33,9,42,9,38,8,44,10,12,7,26,10,9,18,9,16,9,15,10,11,8,22,10,13,8,26,8,26,9,28,8,26,9,21,8,12,10,11,3,14,4,12,6,16,6,19,5,18,4,17,4,21,3,23,3,17,4,24,4,35,3,21,3,13,4,12,3,9,4,4,4,5,36,5,51,6,68,6,63,9,90,11,6,25,6,34,9,24,9,41,11,5,12,5,20,6,12,6,21,4,16,5,18,5,10,10,8,14,9,28,8,20,9,18,9,19,9,19,9,13,7,13,7,21,9,21,8,24,10,9,27,7,26,8,23,7,22,8,28,8,31,10,9,23,9,34,11,8,26,8,33,10,11,7,17,8,17,7,10,7,15,7,14,8,10,10,10,8,8,38,9,67,8,70,8,58,9,74,10],"avg_species_distances":[-1.0,-1.0,-1.0,-1.0,0.09523809523809523,0.14687499999999984,0.26256613756613756,0.25697301308583165,0.3110566448801739,0.3409090909090909,0.4002104377104378,0.375748715222399,0.3999237126509854,0.3973526473526473,0.408375704866933,0.38772338772338766,0.38445952930079946,0.29520479520479515,0.3955381117774283,0.40628954378954374,0.41592211881685553,0.39212639212639194,0.4256854256854256,0.4036773492913842,0.4030580530580531,0.43814625545394803,0.0,0.4455741084312513,0.48484848484848486,0.45128403342689,0.304029304029304,0.45927147347601927,0.46002525252525245,0.37856792222555746,0.35291375291375293,0.446925347614202,0.3305322128851541,0.4299968207746847,0.41618381618381617,0.42438821799115933,0.4688852813852814,0.40725385725385727,0.36666666666666664,0.4467942110936698,0.415391156462585,0.4618746993746994,0.38095238095238093,0.4058757397573187,0.41618381618381617,0.4227569815805111,0.4925595238095238,0.457689553093965,0.4378835978835979,0.4759589947089948,0.4861111111111111,0.4314698101462813,0.37176470588235294,0.47342796092796086,0.4755401234567901,0.48586309523809523,0.40241408917879656,0.5519013345329136,0.41659383051466176,0.5182155993301505,0.3732065905416077,0.5222136881068218,0.45746385103749154,0.5188406851719547,0.4340540356238085,0.5191316495109066,0.4562907408218356,0.5276592570226473,0.46927885964109634,0.5211015175300889,0.47436129064455673,0.5141859724096567,0.46523601414981997,0.4954306443470532,0.558657585841354,0.4604911107199436,0.5118731469195867,0.5143271892392356,0.5471345029239766,0.4781513825378359,0.5373851294903927,0.45346837451964983,0.5822807017543858,0.46711573305558285,0.5384920634920636,0.4760331750428707,0.5172603225234806,0.47903450655624585,0.5411671539961016,0.41639834881320953,0.5633727175080557,0.48979951302758323,0.5563836288251494,0.48438734468146233,0.5201551673300899,0.510717245430868,0.5662598053575499,0.46135685219909833,0.5205471064023696,0.508535439591941,0.5662598053575499,0.49645120674532456,0.5618064557946592,0.5535006097619529,0.5529784710819194,0.44074352908132475,0.5529784710819194,0.47103177946970437,0.5661075410200379,0.4869762002689139,0.5873758698881852,0.47799187124246567,0.5893619516772225,0.48557581520615706,0.5846938775510204,0.512848307433756,0.5706916099773242,0.5172734392800178,0.5540935672514619,0.5009675141565035,0.5507205513784459,0.4993765233377418,0.5701754385964911,0.4962101274018991,0.5690045626887734,0.5459840679138924,0.5817460317460316,0.44979688208028296,0.5455279503105592,0.558184523809524,0.4464239736298565,0.5368530020703935,0.4976208513708514,0.5435189759918022,0.5069825809111524,0.5278431850731992,0.5396453009356237,0.5650297619047618,0.49534204464533604,0.5465909090909092,0.5135694226182845,0.5104591836734693,0.5043148864033692,0.4971365720201123,0.522899781144521,0.5144510582010582,0.5168349428281469,0.3834608843537414,0.528911021470348,0.5159391534391533,0.46893963195376315,0.4965520299028702,0.5412057002664212,0.5404847117298099,0.5470367965367968,0.45333333333333337,0.4873052375911346,0.5150122549019608,0.5114612029384757,0.5578914141414142,0.5100526960784316,0.349673202614379,0.47178324599377275,0.47958333333333325,0.5140696963596559,0.5400641025641025,0.5215910757271051,0.3269230769230769,0.47724930998040305,0.6358974358974359,0.4825031103774423,0.6358974358974359,0.5296787747047261,0.3269230769230769,0.46620695983707455,0.35294117647058826,0.4877957201437185,0.4444444444444444,0.5139581232648459,0.4444444444444444,0.45884318498383353,0.35714285714285715,0.4392912741843224,0.475095785440613,0.451888280564751,0.5751231527093595,0.5751231527093597,0.5681203515889115,0.4917705013039699,0.44007903039306917,0.48832222544190085,0.3593067596206841,0.46067927170868356,0.38402000913693435,0.4447829131652662,0.39808869516578727,0.38892714493204683,0.3348059271017094,0.36031512605042015,0.48021164021164026,0.2948598334070465,0.4538095238095238,0.2812804441287414,0.3960097001763669,0.30689045227803735,0.421577380952381,0.2946634932321234,0.4036416799574694,0.5394300144300144,0.3676949634186475,0.510515873015873,0.33972930731933515,0.4844636844636845,0.3858715314456942,0.47970177970177974,0.3101608320095715,0.5959595959595959,0.34997134084662657,0.5427705627705628,0.3443714764103329,0.49611111111111106,0.4111731348573454,0.43707079254752784,0.4742626479427721,0.3788534099379146,0.45333224543750844,0.3266464611271637,0.42107381035952457,0.35086244385864995,0.43904409364935676,0.35130297260324295,0.42141570329976125,0.3352443264959823,0.43575431207010157,0.36177197531025446,0.46162701377613646,0.3493814918872128,0.4977793192078907,0.3954856910634943,0.48745644193502985,0.3465635210375318,0.4486858662058892,0.3707895084653826,0.47614559144062246,0.3469252734629464,0.4357473441722107,0.4469822607050868,0.34432847237675973,0.49751029160967053,0.34897530394726867,0.472228988901104,0.35015558028532723,0.4948448690684715,0.3747627620238912,0.474302138510213,0.3688147549729342,0.4750764722364919,0.3557398042686301,0.4464583340212631,0.45755353056554426,0.3766519337238662,0.45152234726033363,0.37157644688962027,0.4272222237231597,0.4897382870620751,0.39540485386516244,0.46272429345252536,0.36668846098016356,0.4637253465594795,0.4324605783232786,0.4810615247796911,0.4079257616122738,0.43259069332316974,0.4147221858672788,0.49216497464860304,0.440323628665451,0.503156466007141,0.384369923357635,0.4775175051470629,0.39169024502549854,0.472589453961028,