{"min_species_distances":[-1.0,-1.0,-1.0,-1.0,0.0,0.0,0.125,0.0,0.0,0.0,0.0,0.0,0.0,0.08333333333333333,0.0,0.0,0.0,0.0,0.13333333333333333,0.0,0.09090909090909091,0.0,0.0,0.0,0.0,0.1111111111111111,0.0,0.0,0.0,0.0,0.0,0.2857142857142857,0.0,0.0,0.0,0.0,0.0,0.0,0.16666666666666666,0.0,0.0,0.0,0.10526315789473684,0.0,0.0,0.0,0.06666666666666667,0.0,0.0,0.0,0.2857142857142857,0.0,0.0,0.0,0.10526315789473684,0.0,0.0,0.0,0.05555555555555555,0.0,0.045454545454545456,0.0,0.0,0.0,0.0,0.0,0.0,0.0,0.0,0.0,0.0,0.041666666666666664,0.0,0.0,0.043478260869565216,0.0,0.0,0.2,0.0,0.2,0.0,0.2,0.0,0.07692307692307693,0.0,0.07692307692307693,0.0,0.05263157894736842,0.0,0.15789473684210525,0.0,0.07692307692307693,0.0,0.05555555555555555,0.0,0.0,0.0,0.0,0.0,0.0,0.0,0.0,0.0,0.0,0.0,0.0,0.3684210526315789,0.0,0.0,0.0,0.0,0.19047619047619047,0.0,0.047619047619047616,0.14285714285714285,0.0,0.2608695652173913,0.045454545454545456,0.047619047619047616,0.4166666666666667,0.041666666666666664,0.4230769230769231,0.0,0.4230769230769231,0.0,0.07142857142857142,0.0,0.09523809523809523,0.0,0.0,0.0,0.07142857142857142,0.05,0.0,0.0,0.0,0.0,0.0,0.19047619047619047,0.4,0.0,0.4,0.0,0.4230769230769231,0.0,0.2608695652173913,0.0,0.0,0.0,0.0,0.0,0.08333333333333333,0.0,0.36,0.0,0.0,0.0,0.36,0.0,0.08,0.0,0.4230769230769231,0.0,0.0,0.0,0.0,0.0,0.0,0.0,0.0,0.0,0.041666666666666664,0.0,0.0,0.058823529411764705,0.0,0.0,0.0,0.0,0.0,0.0,0.0,0.0,0.0,0.0,0.0,0.0,0.0,0.0,0.0,0.0,0.0,0.0,0.0,0.0,0.0,0.0,0.0,0.0,0.0,0.0,0.0,0.0,0.0,0.0,0.0,0.0,0.0,0.0,0.0,0.0,0.0,0.0,0.0,0.0,0.0,0.0,0.0,0.0,0.0,0.0,0.0,0.0,0.0,0.0,0.0,0.03225806451612903,0.0,0.0,0.0,0.0,0.0,0.0,0.0,0.0,0.0,0.0,0.0,0.0,0.0,0.0,0.0,0.041666666666666664,0.09090909090909091,0.45454545454545453,0.0,0.0,0.16,0.0,0.12,0.0,0.0,0.0,0.0,0.0,0.0,0.0,0.0,0.45454545454545453,0.0,0.4444444444444444,0.0,0.4444444444444444,0.0,0.4444444444444444,0.0,0.4444444444444444,0.0,0.4444444444444444,0.0,0.4444444444444444,0.0,0.4444444444444444,0.0,0.4444444444444444,0.0,0.0,0.0,0.4444444444444444,0.0,0.4444444444444444,0.0,0.2727272727272727,0.0,0.058823529411764705,0.0,0.0,0.0,0.0,0.0,0.0,0.0,0.0,0.0,0.0,0.0,0.0,0.0,0.043478260869565216,0.0],"total_num_species":[1,1,1,1,4,12,9,88,23,15,9,36,14,9,29,9,31,11,4,18,5,27,6,20,6,7,8,7,16,6,12,6,14,8,31,8,41,11,7,22,7,22,9,18,10,10,9,14,9,13,8,13,10,11,7,27,9,17,8,20,9,14,10,9,12,9,9,9,11,8,10,7,49,10,9,50,11,7,18,7,20,8,24,8,22,8,22,9,22,9,27,9,25,9,33,11,8,12,9,17,9,20,9,15,9,13,8,10,9,9,56,9,65,10,10,12,9,17,11,8,14,8,19,8,25,9,18,9,17,10,10,10,10,10,10,10,10,10,9,8,21,8,26,8,33,9,23,10,14,8,15,9,14,8,19,9,14,8,16,9,16,7,24,10,10,9,13,9,12,9,15,10,10,14,8,30,10,12,6,17,8,12,7,22,9,16,7,28,7,16,8,16,8,13,8,12,8,12,8,18,8,23,8,18,8,11,7,14,7,15,7,17,7,15,6,18,8,18,8,21,9,17,6,17,8,20,6,16,8,22,7,17,8,21,8,18,8,20,7,14,6,10,8,7,6,9,38,7,52,7,42,9,45,10,10,10,10,12,6,22,6,24,6,30,6,26,6,27,6,29,6,31,6,28,6,25,7,24,6,22,6,26,7,17,8,19,8,14,8,18,9,13,8,16,8,18,8,26,9,16],"avg_species_distances":[-1.0,-1.0,-1.0,-1.0,0.125,0.22005772005772,0.2972222222222223,0.2742386169502175,0.344456564515853,0.37987047344190156,0.41262626262626273,0.3734041355469955,0.42539219022735514,0.4411648536648537,0.43244797074846403,0.4539294039294038,0.44655068050229485,0.38818605636787445,0.4535353535353535,0.4578919446566504,0.4980952380952381,0.4761519344852676,0.4595238095238095,0.41160628844839364,0.49070876835582705,0.5265580979866693,0.49682990620490614,0.5207860922146634,0.31186342592592603,0.5199074074074074,0.36377175013538643,0.5310846560846562,0.41462981552671285,0.4733560090702947,0.4584741932464899,0.48735827664399084,0.459962398764786,0.49621477937267394,0.5252100840336134,0.4359144042027716,0.5136904761904761,0.4397037148434362,0.5282788975061937,0.42577100486406616,0.5001648968315634,0.5108726785197374,0.5214732798066132,0.45432710403791954,0.5249770534858255,0.48501364432538535,0.5485531042253731,0.4874931701601744,0.49042882680137606,0.5070535187675634,0.5438649233872586,0.44864240465044913,0.5479953960346119,0.462193315487565,0.5492284072846731,0.4657989037039845,0.548751277057016,0.5171478081452506,0.5402575054322712,0.5248589188273759,0.528698599875071,0.5579674540671985,0.5582433456474378,0.558897532442929,0.5408565968377641,0.5581029513254576,0.5430047077105902,0.5831641835478152,0.48558605063054733,0.5324574847652426,0.5468637605093274,0.45819422382778585,0.5282715781209154,0.5784563911034498,0.4893301283296771,0.5784563911034498,0.4201115757146497,0.55033954607484,0.4320017382503088,0.5541138763197587,0.3860855060171936,0.5590146699705524,0.4291909371146147,0.5285380668236705,0.4366841027162069,0.5228129933934886,0.4633026868970559,0.534103181533522,0.41955130196028156,0.5162405474260479,0.4275561330428386,0.5010145895946628,0.5570442521874409,0.49092641161055495,0.5393645552061894,0.41114416133362675,0.5417037364927392,0.37473559135559414,0.5417037364927392,0.43397112691230333,0.5474268804511773,0.4529426898106814,0.5626999843533024,0.5270709164835787,0.5477023666716652,0.5477023666716652,0.4565950557847727,0.537599027840256,0.512327009488968,0.5116319288249114,0.5308525230455057,0.49480103451395324,0.5380188075477932,0.515699403225092,0.5119669123147383,0.5507393598465028,0.48164425851402487,0.5508538287109715,0.4572839020889926,0.5508538287109715,0.41460835477769137,0.542553249219916,0.42459913764740187,0.522497572278274,0.42695203317494307,0.5167029396853958,0.5217525151911117,0.5332214439231983,0.5160431109981071,0.5167029396853958,0.5182089268755935,0.5218654185320852,0.5284577397910731,0.5162431149097817,0.5343708452041784,0.5458902208902209,0.5096114248486314,0.5458902208902209,0.48154695842227496,0.547978132978133,0.4976623050900409,0.5322512940628884,0.5026096096621463,0.5176586376586377,0.4489228423007688,0.5372039072039072,0.45825506693775203,0.521052080635414,0.4561124501073454,0.5436683123639645,0.42315604298221,0.4968404971303521,0.47045935431028596,0.5436683123639645,0.4556397250092904,0.5196907386762458,0.4646220271274621,0.5610815593424289,0.417662487552797,0.5160960402989387,0.5154841830204149,0.5208851177450211,0.4851860606551682,0.5208851177450211,0.49951282529016383,0.5208851177450211,0.4650015947028042,0.5121570136787527,0.49799638615097536,0.46757239327712324,0.5256550598686148,0.4435423316592202,0.5119386786053453,0.5337775187775189,0.3477647058823529,0.5217184993655583,0.4715079365079364,0.5158994708994712,0.445079365079365,0.4848178324801699,0.53668430335097,0.5003946467475882,0.5025396825396826,0.4965735795602887,0.5535170649456362,0.46973823727049585,0.5156302521008401,0.49215409975172314,0.5387243069270718,0.5251799907962026,0.47341452710116283,0.5133137678005714,0.5129931972789114,0.5259225326070247,0.4953741496598639,0.47411836529483664,0.5409070294784579,0.4854944704816836,0.5091807475678444,0.4761271381806911,0.49173818245246803,0.5316493521098785,0.5569282371068084,0.5102966881922938,0.519954648526077,0.48977632353658634,0.5081419234360411,0.47603887616891366,0.5475479080521096,0.4678978599987007,0.5061288515406162,0.47157477742393594,0.5358270673860942,0.4822985547495353,0.5207475678443421,0.46671645673649326,0.525462348682163,0.4677584442601981,0.4907758284600389,0.49321955279107854,0.37481203007518804,0.4659062580592488,0.5669098552833698,0.4751780526369344,0.37611078979500023,0.4789151877069399,0.5504487408998687,0.4958263858995212,0.4554887218045112,0.4853306629820113,0.4800515112666459,0.4922248573062516,0.49564845292955895,0.48849900723620654,0.488282196173664,0.46122211938850316,0.3824628237259816,0.5248273563175924,0.5471989418806057,0.5650693613676807,0.5914881127573729,0.4918727918219401,0.49184536275009827,0.5682538948747948,0.48622273858810966,0.5643846991215413,0.49298034421801484,0.5222006985055231,0.4838759424834996,0.5113265103425924,0.5152987181759112,0.5206696928802192,0.5213090162211554,0.48939280699235943,0.5847613880596337,0.4209377329863211,0.5842409702058826,0.44336834954850834,0.5842409702058826,0.4036218472723527,0.5842409702058826,0.42172219386648074,