{"min_species_distances":[-1.0,-1.0,-1.0,-1.0,0.125,0.0,0.125,0.0,0.1,0.09090909090909091,0.0,0.0,0.0,0.0,0.0,0.25,0.0,0.0,0.0,0.0,0.0,0.0,0.0,0.0,0.0,0.0,0.0625,0.0,0.0,0.0,0.21428571428571427,0.0,0.0,0.0,0.0,0.0,0.0,0.0,0.0,0.0,0.0,0.0,0.0,0.0,0.0,0.0,0.1,0.0,0.0,0.0,0.0,0.0625,0.3333333333333333,0.0,0.0,0.0,0.0,0.0,0.0,0.0,0.0,0.0,0.0,0.0,0.0,0.0,0.0,0.0,0.0,0.0,0.5789473684210527,0.0,0.0,0.0,0.0,0.0,0.0,0.0,0.0,0.0,0.0,0.0,0.0,0.0,0.0,0.0,0.0,0.0,0.0,0.0,0.1,0.0,0.07692307692307693,0.0,0.10526315789473684,0.0,0.058823529411764705,0.058823529411764705,0.0,0.0,0.0,0.0,0.0,0.0,0.0,0.0,0.0,0.0,0.0,0.0,0.0,0.0,0.0,0.0,0.0,0.0,0.0,0.0,0.0,0.0,0.0,0.0,0.0,0.0,0.07692307692307693,0.0,0.0,0.0,0.0,0.0,0.0,0.0,0.0,0.0,0.0,0.0,0.0,0.0,0.0,0.0,0.0,0.0,0.0,0.0,0.0,0.0,0.0,0.0,0.0,0.0,0.045454545454545456,0.0,0.043478260869565216,0.0,0.0,0.0,0.25,0.0,0.48,0.0,0.48,0.0,0.48,0.0,0.48,0.0,0.48,0.0,0.48,0.0,0.48,0.0,0.48,0.0,0.48,0.0,0.48,0.0,0.4642857142857143,0.0,0.4642857142857143,0.0,0.4642857142857143,0.0,0.4642857142857143,0.0,0.4642857142857143,0.0,0.4642857142857143,0.0,0.4642857142857143,0.0,0.0,0.0,0.041666666666666664,0.0,0.4642857142857143,0.0,0.4642857142857143,0.0,0.4642857142857143,0.0,0.11538461538461539,0.0,0.4642857142857143,0.0,0.48,0.0,0.0,0.0,0.0,0.0,0.0,0.0,0.0,0.0,0.4642857142857143,0.0,0.0,0.0,0.48,0.0,0.0,0.0,0.0,0.0,0.034482758620689655,0.0,0.42857142857142855,0.0,0.0,0.0,0.0,0.0,0.041666666666666664,0.0,0.0,0.0,0.0,0.0,0.0,0.0,0.0,0.0,0.36363636363636365,0.0,0.36363636363636365,0.0,0.36363636363636365,0.0,0.36363636363636365,0.0,0.06666666666666667,0.0,0.0,0.0,0.0,0.0,0.0,0.04,0.0,0.0,0.0,0.03571428571428571,0.32142857142857145,0.0,0.0,0.0,0.0,0.0,0.0,0.0,0.0,0.36363636363636365,0.0,0.15789473684210525,0.15789473684210525,0.0,0.04,0.0,0.0,0.0,0.0,0.46153846153846156,0.0,0.0,0.0,0.0,0.0,0.0,0.0,0.0,0.0,0.0,0.0,0.0,0.0,0.0,0.0,0.0],"total_num_species":[1,1,1,1,2,12,6,58,13,9,44,14,8,27,11,5,19,6,13,7,17,7,18,7,22,11,3,11,3,15,5,11,5,7,6,11,6,7,28,7,31,9,52,10,10,12,10,9,14,9,16,12,7,22,7,24,7,27,9,27,9,39,10,8,19,9,23,11,4,20,2,19,4,18,6,13,5,14,5,13,6,11,7,12,8,7,7,7,6,45,5,55,7,67,9,100,14,7,34,7,28,10,9,18,9,36,9,38,13,8,24,9,30,11,5,17,7,13,8,17,7,14,6,17,7,11,7,12,7,12,8,19,7,17,9,10,10,10,9,9,14,10,10,9,16,10,10,10,9,15,8,23,9,21,10,13,7,16,6,15,6,17,6,16,6,11,6,20,6,18,6,18,6,20,6,18,6,23,6,18,6,22,6,20,6,20,6,19,6,19,6,20,7,13,7,27,6,18,6,21,6,22,7,22,6,21,5,21,7,22,7,22,8,16,8,20,6,27,7,24,6,17,7,24,7,23,7,20,6,18,7,24,9,20,8,23,9,16,8,15,8,19,9,17,7,16,7,11,7,13,7,11,7,16,8,21,8,18,9,9,13,10,10,9,8,34,9,54,11,9,19,9,20,8,27,10,10,15,9,15,11,6,28,5,36,5,25,5,30,6,28,8,17,8,27,8,29,7,27,8],"avg_species_distances":[-1.0,-1.0,-1.0,-1.0,0.125,0.18464405964405967,0.2864814814814815,0.2754815679044374,0.3020299145299144,0.35388608305274977,0.31539568899505643,0.3200077700077697,0.33685064935064934,0.34336815447926505,0.33677685950413233,0.39772727272727276,0.35858176910808515,0.32861952861952853,0.37373737373737353,0.36568061568061566,0.3585672905525845,0.30339105339105354,0.42425802229723797,0.43671407957122244,0.3925706328303725,0.4342166923985107,0.4291666666666667,0.431372869554688,0.30303030303030304,0.40867291438720016,0.5095238095238094,0.435151515151515,0.45555555555555555,0.4697075411361124,0.45185185185185184,0.3764790764790766,0.43957671957671957,0.4217893217893219,0.3664100376401969,0.43764383764383763,0.4082984936210747,0.44222212972212976,0.40624431304162617,0.44981240981240966,0.45030670854200255,0.4192410481180531,0.46215554235162065,0.44131464033424816,0.42729330660002945,0.4664308821171565,0.4063963079404258,0.4518091051847736,0.49867745077829106,0.4321439012138018,0.3803599908863066,0.43171649489079544,0.4163978722802252,0.44655983447163866,0.45755188415147136,0.4325782396652445,0.4432073511665873,0.43094176082152474,0.41750251048496667,0.3542568542568542,0.4441600317808837,0.47845358903795443,0.4491543406136402,0.4860516934046346,0.4351851851851852,0.4388757955965064,0.5789473684210527,0.41646886824905444,0.2777777777777778,0.4280401556686998,0.33888888888888885,0.4410465265728425,0.4140350877192983,0.4182097254971749,0.4095238095238095,0.38996555532486704,0.3060428849902534,0.4366645781119468,0.47954663050066193,0.421905856839899,0.48584720406087684,0.5043319465516263,0.5043319465516263,0.5036160663095648,0.5183784624961094,0.3988982320187154,0.5416013071895425,0.45349237803443476,0.46755967344202626,0.42802415939593724,0.4560020353170507,0.4188714612509752,0.4201217235570653,0.45723566079603245,0.39579462033477614,0.4605201729814733,0.35874749547442375,0.39890778962657186,0.4397352654512098,0.3451898561282102,0.39345616901731445,0.3027658880316265,0.42109969231357264,0.314708848901046,0.39222923762397394,0.4545923632610939,0.36214132233111884,0.4191797917997608,0.322419540512313,0.4097818744722768,0.49681372549019603,0.4021747979377507,0.41728291316526606,0.4370288459654975,0.42483635559486965,0.4182835899303753,0.4592328159333909,0.38599625971959495,0.49918839330604026,0.40869333593165724,0.5135712793275817,0.4367684450711653,0.515615505461444,0.4440167704137324,0.505100590961022,0.44443262958821345,0.47384046108561995,0.41937548197797064,0.4994930145971431,0.4359426713024201,0.48587515484894006,0.46684827202730034,0.47288294106196926,0.45362169988768464,0.48536649684028205,0.4914757867720358,0.41149412993908663,0.4482984884775166,0.46971075236321047,0.4802627215674246,0.470534920843105,0.44541622574955897,0.4789469296135964,0.4662054899832678,0.473260582010582,0.46115954638511053,0.499424827817685,0.44478937465478824,0.5040246262951578,0.4435107908136405,0.5023547004925089,0.4610316226277324,0.5130632510653216,0.4415152979066022,0.5230504562533548,0.46647398862926787,0.5230504562533548,0.44748712770132204,0.5230504562533548,0.4583468013468012,0.5230504562533548,0.4681838676621287,0.5230504562533548,0.45168324192122805,0.5230504562533548,0.4567493921884373,0.5230504562533548,0.4319385242019512,0.5230504562533548,0.4311765645999062,0.5230504562533548,0.45132931638472984,0.517682769726248,0.4366367291603594,0.5213864734299516,0.4499132599899861,0.5213864734299516,0.44823568426052945,0.5213864734299516,0.4368369837637575,0.5213864734299516,0.45074275066052927,0.5213864734299516,0.4576008818212719,0.5213864734299516,0.43384614501437635,0.5213864734299516,0.4324281355562824,0.4950246475401755,0.41658040027605253,0.49873410233658677,0.42329573003486065,0.5213864734299516,0.41063144261839013,0.5213864734299516,0.4374246312218045,0.5285963499731615,0.43924218675005644,0.5015585882563108,0.4226190862515565,0.5285963499731615,0.42756082521853245,0.533024154589372,0.4352925130405322,0.49465553693296954,0.4263993310841317,0.49465553693296954,0.4245366513129063,0.4678775181570213,0.438721306674705,0.46281474908804093,0.44117026152112576,0.519635150678629,0.4181031831624268,0.4996989336019821,0.4065823923415332,0.5295429847800116,0.4387899069884362,0.4869457863660762,0.42447984539105404,0.49465553693296954,0.4264260994131925,0.4943206741300551,0.4022503947463805,0.5185875316310099,0.4151012156686423,0.4930281167341209,0.4204944334528454,0.4341295278795279,0.39899431270483876,0.48599628316243226,0.4266322315798171,0.45928968151190375,0.41754069561678264,0.4855719533514565,0.4391493484661188,0.4855719533514565,0.4360963640139844,0.4604247235587815,0.4214574676531199,0.5075048025358584,0.40327028737823356,0.5075048025358584,0.4533770796616645,0.5041721563460694,0.4170805595093452,0.5041721563460694,0.4656651210010894,0.4975796115547669,0.4472111517362642,0.48371584419721064,0.42412180857147647,0.4851358527600764,0.44083989248642214,0.4722498214346041,0.49128355943573354,0.44984038629523565,0.49278185582533407,0.49300963842026646,0.5024481356003094,0.5151683202925439,0.4236576898187234,0.4998334998334999,0.4369892784975261,0.5019288686702866,0.5028758278758279,0.4384540790307046,0.5025662807920873,0.46131658374998324,0.5144164392734233,0.4337501468897836,0.5030441367248346,0.5046651211044397,0.44927116799999756,0.5070545747047415,