{"min_species_distances":[-1.0,-1.0,-1.0,-1.0,-1.0,0.0,0.125,0.0,0.1111111111111111,0.09090909090909091,0.09090909090909091,0.0,0.08333333333333333,0.0,0.0,0.0,0.0,0.0,0.0,0.0,0.0,0.0,0.0,0.0,0.0,0.0,0.0,0.0,0.0,0.0,0.0,0.0,0.0,0.0,0.0,0.0,0.0,0.0,0.0,0.0,0.0,0.0,0.09090909090909091,0.0,0.0,0.47058823529411764,0.0,0.47058823529411764,0.0,0.0,0.0,0.08333333333333333,0.21428571428571427,0.0,0.0,0.0,0.0,0.0,0.0,0.3125,0.0,0.08333333333333333,0.0,0.08333333333333333,0.0,0.0,0.0,0.125,0.0,0.05263157894736842,0.0,0.0,0.0,0.0,0.0,0.0,0.0,0.0,0.0,0.05,0.15,0.0,0.0,0.0,0.0,0.0,0.0,0.0,0.0,0.0,0.08,0.0,0.08,0.0,0.35294117647058826,0.0,0.35294117647058826,0.0,0.06666666666666667,0.0,0.14285714285714285,0.0,0.0,0.14285714285714285,0.0,0.2,0.0,0.14285714285714285,0.0,0.0,0.0,0.05263157894736842,0.0,0.14285714285714285,0.0,0.05263157894736842,0.0,0.0,0.0,0.0,0.0,0.0,0.0,0.06666666666666667,0.0,0.0,0.037037037037037035,0.0,0.0,0.0,0.0,0.0,0.0,0.0,0.0,0.0,0.0,0.0,0.0,0.0,0.0,0.06666666666666667,0.0,0.045454545454545456,0.0,0.0,0.0,0.0,0.0,0.043478260869565216,0.0,0.17647058823529413,0.0,0.06666666666666667,0.0,0.17647058823529413,0.0,0.16666666666666666,0.0,0.12,0.0,0.11764705882352941,0.06666666666666667,0.0,0.0,0.0,0.0,0.06666666666666667,0.0,0.0,0.0,0.0,0.0,0.0,0.0,0.045454545454545456,0.0,0.0625,0.0,0.0625,0.0,0.0625,0.0,0.0,0.0,0.058823529411764705,0.0,0.0,0.0,0.0,0.0,0.0,0.0,0.0,0.0,0.0,0.0,0.0,0.0,0.07692307692307693,0.30303030303030304,0.0,0.30303030303030304,0.0,0.2727272727272727,0.0,0.043478260869565216,0.0,0.15789473684210525,0.0,0.15789473684210525,0.0,0.0,0.0,0.30303030303030304,0.0,0.30303030303030304,0.0,0.15789473684210525,0.0,0.2916666666666667,0.0,0.0,0.0,0.25,0.0,0.0,0.0,0.0,0.0,0.0,0.0,0.0,0.0,0.0,0.0,0.0,0.0,0.0,0.2903225806451613,0.0,0.0,0.0,0.038461538461538464,0.0,0.058823529411764705,0.0,0.037037037037037035,0.0,0.0,0.0,0.058823529411764705,0.0,0.0,0.0,0.0,0.0,0.041666666666666664,0.0,0.0,0.0,0.0,0.0,0.0,0.0,0.0,0.0,0.0,0.0,0.0,0.0,0.0,0.0,0.0,0.0,0.0,0.0,0.0,0.0,0.0,0.0,0.0,0.0,0.0,0.0,0.0,0.0,0.0,0.0,0.0,0.0,0.0,0.0,0.0,0.0,0.0,0.0,0.0,0.0,0.0],"total_num_species":[1,1,1,1,1,15,7,63,12,11,8,25,9,28,11,8,24,6,29,9,19,9,23,13,3,15,5,11,5,19,4,13,3,18,5,15,5,15,6,19,5,8,5,5,15,4,16,4,10,9,63,12,6,23,7,28,8,28,12,6,14,7,17,7,25,8,20,9,15,9,20,9,25,9,19,8,34,10,10,11,6,23,8,15,7,19,8,17,8,10,7,7,7,57,6,64,6,58,7,65,8,72,12,7,18,7,24,7,22,8,32,9,31,9,26,10,11,8,15,9,17,9,21,11,8,16,8,22,10,10,12,6,13,5,21,6,12,7,11,4,11,4,11,4,8,5,6,6,20,6,31,6,50,7,65,7,68,7,75,9,79,10,16,7,43,9,23,9,42,8,41,10,9,33,12,6,16,6,13,6,17,6,13,6,11,6,15,6,10,8,8,47,8,53,8,53,9,62,10,11,6,23,6,20,7,19,9,26,8,21,8,34,8,24,7,22,7,27,8,26,7,25,8,30,8,19,9,21,8,27,8,37,10,9,43,10,10,10,12,6,25,6,34,8,35,8,21,9,36,9,29,7,35,8,21,8,28,7,34,8,20,8,33,8,28,8,30,12,6,18,5,19,7,14,6,17,7,17,7,14,7,15,6,17,6,25,7,16,8,13,8,23,7,12,6,26,7,22,6,29],"avg_species_distances":[-1.0,-1.0,-1.0,-1.0,-1.0,0.14846938775510196,0.2652116402116402,0.25275055063841745,0.3043962350780531,0.3497520661157026,0.3711038961038961,0.34758417508417516,0.3859168609168609,0.35959863182085433,0.39655011655011635,0.3946886446886447,0.39289852659417857,0.3692307692307692,0.42420690967489033,0.4129921004921005,0.39788953736322147,0.4141904391904391,0.3879902705989662,0.41604805450959276,0.39999999999999997,0.4559413602270742,0.4445454545454545,0.411948051948052,0.3771428571428571,0.38678559142955427,0.4791666666666667,0.39909636931695763,0.4166666666666667,0.4382855706385121,0.42142857142857143,0.35180846930846926,0.0,0.46119405337892766,0.5001322751322751,0.33192663030124325,0.3986111111111111,0.3392857142857143,0.5327673796791444,0.5236764705882353,0.4280662440414763,0.5712009803921568,0.3911723856209147,0.5712009803921568,0.4564277135355567,0.4004658195834666,0.42635590391757283,0.4157287429346254,0.5114495798319328,0.4190119785194072,0.4826825467028916,0.42482392454657647,0.4610590946905077,0.4316088573681077,0.44208739317098456,0.5314499484004128,0.4475983043482109,0.509469138532606,0.4682874486422337,0.5137906039608826,0.44471079376419936,0.489233961128311,0.47055441677345705,0.4951539938962541,0.4843300539452684,0.4977418355256332,0.46938076516209143,0.44149915176746946,0.4619918810406431,0.47880809731299934,0.48501782151366635,0.49324236779732117,0.4318123059006909,0.43615386085458313,0.4806367225252674,0.4579201637715568,0.5335838779956427,0.4124810525470109,0.4678338001867413,0.42197812458316697,0.5226979680761193,0.4154883453129071,0.4239582994282242,0.41994400316290736,0.5219328211833932,0.5069770565770475,0.551852469855566,0.5314989345020306,0.5529098712965991,0.4689532066743408,0.5605636640621161,0.46241761953770133,0.5562127868691336,0.47452004781490686,0.5342777578867803,0.46448231138265494,0.5395882563551735,0.4815017751531611,0.5158729352526725,0.5357775390858096,0.4692613526226385,0.5358531248756812,0.4495894546215524,0.5357775390858096,0.505912631723305,0.5076502288755792,0.5077732009850381,0.48869975865589893,0.5009933446174991,0.4973851290196793,0.5017893079775453,0.47108055099434404,0.4678637293337837,0.507921178150631,0.4334605396907702,0.5003788206147552,0.40281875454355914,0.478960091800382,0.38975838460005896,0.47542654965522446,0.4777485866479903,0.4605267482600688,0.49996665128244083,0.43426313298870145,0.478905034752988,0.4849095240908107,0.4735424611421423,0.5258906525573193,0.4543698638282923,0.5064327485380117,0.49127032766893286,0.2318840579710145,0.5100132702899501,0.4424288233812043,0.4946682712690616,0.37407407407407417,0.4358198966894621,0.5503928170594837,0.4500404382617819,0.5192801026134359,0.41305720245937644,0.5047284438588787,0.5171307905295751,0.5171307905295751,0.4273375706077785,0.5151351838471988,0.4247418595785546,0.5390229514201684,0.4472676819093751,0.5346741609644836,0.45666527495920817,0.525061031369497,0.4300275554099763,0.5232018081480446,0.44073088829357804,0.5090421991721272,0.43466617549317643,0.4900251951763652,0.4387345289295607,0.5107821134318831,0.4246915377323126,0.47855222734255,0.4705458816803789,0.4820844674410039,0.46340878455033196,0.48694228501710907,0.4516232372638112,0.45475593104625367,0.4699038192989807,0.46527314703636397,0.46744427885228934,0.489033189033189,0.4590621473755514,0.4983585858585858,0.43740796613780475,0.49835858585858583,0.38350354994358954,0.4983585858585859,0.4324171340647982,0.48600288600288594,0.4626321332180637,0.48451319921908154,0.3951399532144876,0.49114122592383463,0.4867022477217381,0.5138775510204081,0.5018526956237039,0.45063674872432086,0.4970985906324252,0.44783740423354956,0.5003453438791784,0.4204036839525914,0.49718146376041106,0.4479454148979325,0.47057755499860787,0.4663760354478058,0.5382770562770562,0.3923578923350712,0.5382770562770562,0.4146287042729936,0.5107730364873222,0.42282291550174905,0.46951010839118257,0.39675220276534884,0.4926930556911761,0.4236016964188613,0.49269305569117605,0.4025294076807787,0.4853892742867899,0.3877171974031664,0.5109386679573016,0.4134679660281215,0.5109386679573016,0.39376393290204925,0.4898234434193899,0.41124838969206934,0.5094094001236859,0.4180255100429873,0.48597745422279587,0.3860331734639582,0.48869723185716973,0.4338495219363735,0.4774810998180563,0.3668415462186846,0.482374297545105,0.37364379430880573,0.49640040601220725,0.3977915337368314,0.481348056130665,0.49362653174438087,0.36984458207896165,0.4613363178300066,0.4568819012269224,0.45527616645989727,0.47277818546889516,0.5186247123610378,0.4640937569617645,0.45773913043478254,0.45779270836954444,0.4452451649556144,0.459464196150821,0.45694328567547426,0.4700909976161243,0.4503743701402036,0.48499412880439796,0.44178262072408137,0.44846441660915376,0.4965330613850891,0.43926706983813163,0.45008656907970407,0.43138962420019644,0.45746039961878476,0.3968128465522272,0.4781276633036468,0.3882667777341898,0.45776746689013764,0.44279137823325637,0.463427240461402,0.39928539346029435,0.4587588731144631,0.4111800019697156,0.4853709229523195,0.437351041571639,0.4112215282379464,0.45427881297446515,