{"min_species_distances":[-1.0,-1.0,-1.0,-1.0,0.25,0.0,0.0,0.1,0.09090909090909091,0.1,0.1,0.1,0.0,0.0,0.0,0.0,0.0,0.0,0.0,0.0,0.0,0.0,0.0,0.0,0.0,0.0,0.0,0.0,0.0,0.0,0.0,0.0,0.0,0.0,0.0,0.08333333333333333,0.0,0.0,0.0,0.0,0.0,0.0,0.0,0.0,0.0,0.0,0.0,0.0,0.0,0.0,0.0,0.0,0.0,0.0,0.0,0.0,0.0,0.5714285714285714,0.0,0.0,0.0,0.0,0.0,0.0,0.0,0.1111111111111111,0.0,0.0,0.0,0.0,0.0,0.0,0.0,0.0,0.0,0.0,0.0,0.0,0.0,0.0,0.0,0.0,0.0,0.0,0.0,0.0,0.0,0.0,0.0,0.0,0.0,0.0,0.0,0.0,0.0,0.0,0.0,0.0,0.0,0.0,0.0,0.0,0.0,0.058823529411764705,0.0,0.058823529411764705,0.0,0.0,0.0,0.0,0.0,0.0,0.0,0.0,0.0,0.0,0.0,0.0,0.0,0.05,0.0,0.0,0.0,0.0,0.05555555555555555,0.0,0.15789473684210525,0.0,0.0,0.07692307692307693,0.0,0.07692307692307693,0.07142857142857142,0.0,0.0,0.0,0.0,0.14285714285714285,0.0,0.0,0.0,0.0,0.0,0.09090909090909091,0.0,0.0,0.0,0.0,0.0,0.0,0.0,0.0,0.0,0.0,0.0,0.0,0.0,0.0,0.0,0.0,0.0,0.0,0.0,0.0,0.0,0.0,0.0,0.0,0.0,0.0,0.0,0.0,0.0,0.0,0.0,0.0,0.0,0.0,0.0,0.0,0.0,0.0,0.0,0.0,0.0,0.09090909090909091,0.08333333333333333,0.0,0.0,0.06666666666666667,0.0,0.0,0.0,0.0,0.35714285714285715,0.0,0.0,0.0,0.0,0.0,0.0,0.0,0.05,0.0,0.5,0.0,0.5,0.0,0.5,0.0,0.1,0.18181818181818182,0.0,0.0,0.0,0.0,0.0,0.21428571428571427,0.0,0.0,0.0,0.0,0.0,0.0,0.0,0.0,0.0,0.0,0.0,0.0,0.0,0.0,0.0,0.0,0.0,0.0,0.0,0.0,0.0,0.0,0.0,0.0,0.0,0.0,0.6086956521739131,0.0,0.0,0.0,0.0,0.0,0.0,0.0,0.0,0.0,0.0,0.0,0.0,0.0,0.0,0.0,0.0,0.09090909090909091,0.0,0.0,0.06666666666666667,0.0,0.0,0.0625,0.0,0.0,0.0,0.0,0.0,0.0,0.0,0.045454545454545456,0.0,0.0,0.0,0.0,0.0,0.043478260869565216,0.0,0.0,0.0,0.0,0.0,0.4666666666666667,0.0,0.0,0.0,0.0,0.0,0.0,0.0,0.0,0.0,0.0,0.0,0.0],"total_num_species":[1,1,1,1,2,8,128,32,22,10,12,7,24,11,7,18,7,17,7,19,7,21,10,10,12,3,20,5,16,5,23,7,20,7,18,5,11,7,16,6,16,6,13,6,13,6,13,6,17,7,11,4,21,4,14,4,12,3,12,4,11,6,11,6,22,5,25,7,21,6,20,5,18,6,15,6,13,5,18,7,18,7,17,6,29,6,22,8,15,6,13,7,14,9,15,8,17,7,15,7,11,6,12,7,14,5,15,6,17,6,16,8,12,8,14,8,23,11,5,10,5,4,9,5,6,61,7,66,14,9,33,11,9,24,7,29,10,8,18,8,21,10,10,9,21,9,19,11,8,21,9,21,10,11,6,18,5,30,6,17,6,17,8,18,7,15,8,17,5,21,8,19,8,16,9,11,7,16,7,10,7,7,9,9,40,14,9,42,12,9,15,9,20,11,6,12,8,16,8,12,8,16,6,14,6,14,6,15,6,10,8,8,16,9,19,8,23,9,18,11,9,23,11,8,21,8,18,9,12,9,22,11,7,18,8,22,9,23,8,28,8,23,10,11,3,17,3,17,3,10,8,6,6,8,13,8,13,9,17,9,19,8,27,10,9,23,12,8,15,7,22,9,13,10,11,7,14,7,21,9,21,8,14,7,17,7,21,7,12,8,16,8,14,6,20,6,20,9,24,11],"avg_species_distances":[-1.0,-1.0,-1.0,-1.0,0.25,0.1901927437641724,0.19115574420384943,0.2661026305683563,0.3261511216056669,0.3439506172839507,0.3581026717390352,0.3883116883116881,0.36706074722378973,0.3933743024652115,0.3772893772893772,0.3722698869757694,0.3639915639915639,0.423946029460736,0.3824037074037073,0.42848116795485264,0.44631479631479626,0.40518400250543135,0.4614167314167315,0.45752944223532455,0.455718019354383,0.38095238095238093,0.47086496578756626,0.41517857142857145,0.4004538517038519,0.25882352941176473,0.4797189948056031,0.5104791916766706,0.40169357603181155,0.4478991596638656,0.4030649633590816,0.4728535353535352,0.5109654026900017,0.41867413632119516,0.39670819716775624,0.3540305010893246,0.49128199891067564,0.5216666666666666,0.47015669515669545,0.4833333333333334,0.4212858220211165,0.5027332144979204,0.47388457026466085,0.4782072829131652,0.4552959475645466,0.40901360544217674,0.5053577794754266,0.5,0.4731550953714817,0.5,0.4401229722658296,0.39814814814814814,0.505509354193565,0.5904761904761905,0.43129540093549407,0.5157894736842105,0.5003307734577087,0.5012698412698413,0.5160285070966188,0.42910052910052904,0.46735629924484434,0.4779761904761905,0.436490525742461,0.44191232048374895,0.40014769065520905,0.5253968253968254,0.4757124234735446,0.42142857142857143,0.46366061294580685,0.5155388471177945,0.4444650396043589,0.4476190476190476,0.4726277345842564,0.5575082206795762,0.43913155279937294,0.49489341191021863,0.47425628909757084,0.5153800650695061,0.4387865744123738,0.45747412008281574,0.4844299891143582,0.5258523119392684,0.4932699034818143,0.47754701518288467,0.39822192645174054,0.5272222222222223,0.505635218007341,0.4983034276512538,0.5288555221419673,0.5303655157715261,0.4594217049138494,0.5399384210205821,0.487015900030089,0.4601929660753189,0.5342129689482633,0.5320525988173047,0.5528412176059236,0.5444901960784314,0.4941978038301568,0.5214915966386554,0.48155785391079536,0.5091911764705882,0.49547476162182075,0.43932461873638345,0.46066116397539447,0.4897504456327985,0.5153268716577541,0.4973319327731092,0.5274356639857626,0.5233957749766572,0.5261158363480348,0.3923529411764705,0.520949232637213,0.5062372330112268,0.0,0.45062034170393295,0.508359133126935,0.5227038183694531,0.44097990073222265,0.5349159663865546,0.5115481514243124,0.45426540508831015,0.5265348244560982,0.456522003186793,0.45265056335379183,0.457484508955097,0.4427812182253858,0.46955541165027326,0.4515968780674662,0.4567055429280518,0.5143890889689209,0.44146850936004534,0.44035409035409034,0.4938297434358359,0.3795632984214297,0.485750550220088,0.3830062666092083,0.47489743372096305,0.48588642294524637,0.4829573748691394,0.3805406607087283,0.493909832451499,0.379560761926603,0.4766053391053392,0.514002267573696,0.44105325463518746,0.4990714804440295,0.4262286669053591,0.500088770400948,0.46359883666385215,0.41587301587301584,0.45796735848335457,0.5498746867167918,0.4594643697366009,0.5665831244778613,0.4255270529264337,0.5665831244778612,0.4913446159963191,0.49483634033323476,0.4179167726078481,0.5222839707965566,0.4994867933998368,0.5338095114267883,0.5011385816028099,0.5875,0.49592196069884864,0.5384384875231557,0.4908663917612495,0.5742039882314481,0.4932221201334475,0.5319094838545639,0.502617432910339,0.5356390977443608,0.4348827231121281,0.5428920126402964,0.5048262847133937,0.5789386509752641,0.531463441211725,0.5345908230538285,0.5210195008822011,0.4459232602722275,0.44306069618766064,0.5191656011164021,0.34106536835764567,0.46756916060847786,0.5275068570720745,0.4208260287894153,0.538794631506302,0.43594104255774774,0.5067751592419782,0.6021042461225526,0.5024316514276467,0.527562613145945,0.47819913496114835,0.5618600849950964,0.5061798876816037,0.545954560313828,0.4568212832806651,0.5796815226471977,0.454417786637466,0.6022780138752679,0.45970277080443783,0.6022780138752679,0.44974024704001797,0.6047395523368063,0.5262370583355911,0.5715159554404406,0.5725583341143982,0.4140504833489669,0.5516485117243125,0.37123265978649567,0.5693181532426385,0.36304040930774234,0.5528452978181239,0.4207758025465658,0.5087279311077937,0.543732403286179,0.4100601710614181,0.5251095990253344,0.5616719863638312,0.44477145426354336,0.5712480008530236,0.4331608932440926,0.5548964649000543,0.5251656130172755,0.5519924717068793,0.4479615816000258,0.5121588847729648,0.518380204018212,0.5213121161496062,0.5420569193861118,0.4899942610745571,0.5574357204791988,0.48915579435382994,0.553520639700764,0.5063329519551582,0.5297988760721679,0.5091082956044382,0.5114875462701551,0.4826702941327451,0.6570048309178743,0.5034332408852868,0.4444444444444444,0.4956634316531571,0.45454545454545453,0.4791919191919192,0.5277032749858837,0.5712779973649539,0.5776198480846158,0.5329656368476244,0.4993990123588786,0.5642987411674497,0.49995012355755064,0.556167244660498,0.42871579214689826,0.5418324027019676,0.37389747945677415,0.5544789061869808,0.3596849263139721,0.525971934667587,0.5284448219802909,0.39766486121036954,0.4783285581002452,0.5237195322793149,0.4395498462889768,0.5527511136206789,0.41544652735530313,0.5379355414761424,0.4846680919251251,0.5194564571546668,0.526110037834753,0.5664182194616977,0.4922212399706008,0.5830183825836,0.4409687884815766,0.5373753058535666,0.4799162742490851,0.5429225484660267,0.48920234071129237,0.5850241545893718,0.45066343060513403,0.5887044356609573,0.4182111784408189,0.5825400787872184,0.5082341940186506,0.5741037376048818,0.42746619853128126,0.5741037376048818,0.4486975619914106,0.5958647342995168,0.4308566743731498,0.5958647342995168,0.4806383824286175,