{"min_species_distances":[-1.0,-1.0,-1.0,-1.0,-1.0,0.125,0.0,0.1,0.1,0.09090909090909091,0.0,0.09090909090909091,0.0,0.0,0.0,0.0,0.0,0.0,0.0,0.0,0.0,0.07142857142857142,0.0,0.0,0.0,0.06666666666666667,0.07142857142857142,0.0,0.09090909090909091,0.06666666666666667,0.0,0.0,0.0,0.06666666666666667,0.0,0.0,0.0,0.0,0.08333333333333333,0.0,0.375,0.0,0.0,0.0,0.0,0.0,0.0,0.0,0.06666666666666667,0.0,0.06666666666666667,0.125,0.0,0.2631578947368421,0.0,0.0,0.0,0.041666666666666664,0.17647058823529413,0.0,0.05555555555555555,0.0,0.0,0.16666666666666666,0.0,0.2608695652173913,0.0,0.16666666666666666,0.16666666666666666,0.0,0.34615384615384615,0.0,0.0,0.0,0.0,0.0,0.0,0.0,0.0,0.0,0.0,0.0,0.0,0.0,0.0,0.0,0.0,0.0,0.0,0.0,0.0,0.05263157894736842,0.0,0.0,0.0,0.0,0.0,0.0,0.0,0.0,0.0,0.0,0.0,0.0,0.0,0.0,0.0,0.0,0.0,0.0,0.0,0.0,0.0,0.0,0.0,0.0,0.0,0.0,0.0,0.034482758620689655,0.0,0.05,0.0,0.0,0.0,0.0,0.0,0.0,0.0,0.0,0.0,0.0,0.0,0.0,0.0,0.0,0.0,0.0,0.0,0.0,0.0,0.0,0.0,0.034482758620689655,0.0,0.047619047619047616,0.0,0.09090909090909091,0.0,0.15789473684210525,0.0,0.15789473684210525,0.0,0.15789473684210525,0.0,0.0,0.0,0.21739130434782608,0.0,0.15789473684210525,0.0,0.21739130434782608,0.0,0.15,0.0,0.2608695652173913,0.0,0.23809523809523808,0.0,0.2608695652173913,0.0,0.0,0.0,0.0,0.0,0.0,0.0,0.0,0.0,0.0,0.0,0.0,0.0,0.0,0.0,0.0,0.0,0.05263157894736842,0.0,0.0,0.0,0.0,0.0,0.0,0.0,0.0,0.0,0.0,0.08,0.0,0.08333333333333333,0.07407407407407407,0.0,0.0,0.0,0.0,0.0,0.0,0.0,0.0,0.0,0.0,0.0,0.0,0.0,0.0,0.0,0.0,0.0,0.03571428571428571,0.0,0.0,0.0,0.0,0.0,0.3448275862068966,0.0,0.0,0.0,0.0,0.0,0.0,0.0,0.0,0.0,0.0,0.0,0.0,0.0,0.0,0.0,0.03333333333333333,0.0,0.03333333333333333,0.0,0.058823529411764705,0.0,0.05263157894736842,0.0,0.0,0.0,0.0,0.0,0.0,0.0,0.0,0.0,0.03333333333333333,0.0,0.034482758620689655,0.0,0.0,0.0,0.0,0.0,0.0,0.0,0.0,0.0,0.0,0.17142857142857143,0.0,0.09375,0.0,0.0,0.0,0.0,0.0,0.21621621621621623,0.0,0.1282051282051282,0.0,0.0,0.2564102564102564,0.0,0.4,0.0,0.4,0.0,0.4,0.0,0.4,0.0,0.4,0.0,0.4,0.0,0.4,0.0,0.4],"total_num_species":[1,1,1,1,1,6,80,46,24,14,11,6,20,9,20,9,25,9,17,10,16,5,32,4,29,5,9,10,7,8,12,9,20,9,28,9,36,12,6,22,6,23,7,22,7,20,8,17,9,15,10,9,30,8,26,9,28,10,9,22,9,20,10,9,29,8,22,10,10,12,7,29,9,32,11,7,22,7,20,8,16,9,12,7,24,8,16,7,27,8,23,7,24,6,29,8,17,7,14,7,19,9,16,6,27,8,19,9,26,6,20,5,20,8,25,9,24,8,28,9,18,6,15,5,16,5,20,5,19,7,14,4,21,4,18,5,19,4,16,4,9,7,7,8,33,8,55,7,65,6,59,6,67,8,58,10,11,6,15,6,28,6,24,7,20,6,17,7,24,7,18,6,25,8,11,8,14,9,14,9,18,9,21,9,18,8,21,6,22,9,22,8,24,8,19,9,9,43,9,76,10,10,12,9,24,10,11,7,16,9,14,7,14,7,19,8,19,7,19,7,23,8,23,7,15,6,20,7,12,8,19,8,25,9,19,9,24,9,20,8,25,7,14,6,17,7,19,10,11,6,21,8,17,7,17,7,21,7,12,7,16,7,20,8,9,8,8,25,7,42,7,62,8,68,7,59,7,57,7,52,8,57,12,7,18,6,26,6,26,6,27,6,18,6,30,6,23,6,23,6],"avg_species_distances":[-1.0,-1.0,-1.0,-1.0,-1.0,0.17023809523809522,0.17014830721318,0.2511091940802087,0.3211453301127218,0.3509601509601507,0.37983471074380154,0.3757575757575757,0.39843168527379064,0.4242424242424242,0.431158169316064,0.4035159285159285,0.4302917637917641,0.4130730380730381,0.4335807574778162,0.4254412254412255,0.4581737706737706,0.4785714285714285,0.4354026433915551,0.0,0.40172859775692354,0.44568431568431566,0.4198494792244792,0.4639239627474924,0.47840889269460696,0.4719019076161933,0.4486676449911745,0.47963915551634845,0.42926252368202866,0.4918530457617145,0.4448049169958109,0.48575670652876535,0.4523560298108797,0.47507529736631915,0.49531799899446965,0.42282494644281465,0.5146116138763197,0.4631035952277038,0.4497279681103211,0.46185134463551114,0.46145958383353336,0.4694253408089573,0.49072561716994484,0.44734003349692664,0.4931538759228389,0.4931651729517719,0.5013906409494643,0.534787543611073,0.44192975819641545,0.5292004187258428,0.4736154332348974,0.5204495939790058,0.4658083908145332,0.5298633392751039,0.5292273222420282,0.47381171157327845,0.5236736234898002,0.5003674263547727,0.5236045593760854,0.53864375138139,0.4420162005726565,0.5507481072139001,0.4740933986566454,0.5481001862902971,0.5521968046477851,0.5216235888294714,0.5634666259666259,0.5045964566197839,0.4912653273560136,0.5103735202552205,0.5426169690875574,0.41676841676841675,0.46050695595513613,0.5211107234916759,0.5021072965019533,0.48966727716727704,0.4862893496729923,0.4150909681611435,0.4937100223477932,0.4810454996213509,0.4702643572831362,0.46985725914297344,0.5047738071086889,0.5014780541096331,0.4679735736821638,0.5149492320544953,0.496596634098318,0.5389312720139786,0.47581926888249026,0.36609686609686615,0.4872468013994486,0.4960984191247348,0.4803539533222197,0.48640832851359167,0.4999365606653056,0.4699248120300752,0.50436769350069,0.5062348713664502,0.4918569171972076,0.543655434883505,0.4609216852860119,0.4930257190595538,0.4910417116803195,0.4459979804032536,0.4659162318534138,0.37602339181286554,0.48430595801898607,0.46716374269005845,0.46187507437289416,0.5041774899615018,0.4950173297537498,0.4947066740926391,0.4487589196971348,0.41477832512315266,0.4485166025031303,0.5135412765630551,0.4459176945632056,0.5016541353383458,0.4933966385944161,0.24,0.4251095136955333,0.5479323308270677,0.45085826694883613,0.36,0.4491061976416666,0.47927832002366166,0.41366545542369726,0.5035714285714286,0.45813182400760044,0.319047619047619,0.4532488704293976,0.44103448275862067,0.4525224017443699,0.5214285714285715,0.4448474334261438,0.5035714285714286,0.5088268978786222,0.5227343264289076,0.5234871967469954,0.4962528007974035,0.452381879805237,0.5102603693299181,0.4391526519930446,0.535067835255805,0.47515770804498225,0.5618743011374591,0.45430491523626526,0.5618743011374591,0.47856095043764724,0.5061658086927782,0.4545011668492527,0.44663633442580813,0.4352806308870383,0.5386402293358814,0.36342473718936597,0.5618743011374591,0.371043917459413,0.5386402293358815,0.4226586921960524,0.5149047846563374,0.4364944703897204,0.5406146926536731,0.4529320143720458,0.5175270946421086,0.42618997017204624,0.5183754526333237,0.3492801038153361,0.5392926613616268,0.31216692792401707,0.49374710746524847,0.48140237726700175,0.49527771971014634,0.45064282265461886,0.4673405679777495,0.43926865379295044,0.46555485369203503,0.43961468195820635,0.46923497826598903,0.41036575365287925,0.4661699315352752,0.43377556622031205,0.48910695196302395,0.41754428481122297,0.5343297432105659,0.34345304372107627,0.4629379788466912,0.41752563112833496,0.48944404258711394,0.3954384051139483,0.49402164999830445,0.40821869522435916,0.4611175707086084,0.45558340462450897,0.46289829374364116,0.4582595333217938,0.4558640114433775,0.4704081855422851,0.47829970511962844,0.469571176379136,0.4674559965210474,0.38921175871153685,0.442896096687622,0.44008693104959323,0.5148612562405666,0.36798050849335107,0.4299191534269171,0.3959476352497426,0.5011946333785412,0.4033083935088976,0.49757850090578454,0.3584379471140063,0.48564443219615633,0.400569999671633,0.505043594124054,0.38569528624378385,0.5087968195521564,0.3969302237245535,0.48320088049152093,0.37286706607341746,0.5066304765971062,0.3617399342656713,0.537982860421641,0.4037731078069984,0.5161709796846146,0.4327199083608381,0.4708498301869474,0.4199995700141807,0.465939808342208,0.34457228158353953,0.4660477127507676,0.3825208828554109,0.4640569720100267,0.3805120566941293,0.478354002562211,0.36647622449163225,0.49971066762537086,0.3821708025533005,0.49385557400318814,0.42914415733203176,0.4940649318198044,0.39450539682113395,0.5061453366953977,0.416112193071489,0.48421468714975213,0.471403946437581,0.436392518026701,0.44562345382656365,0.4871896534725834,0.42570540710037175,0.5292484143415821,0.39438920245759473,0.4717359213611088,0.3775952953228598,0.4752159325408415,0.4385960715693576,0.495858672395404,0.4031087765527123,0.5139180049225027,0.40261281639881796,0.4826584016988814,0.47516441995452485,0.47747068149050326,0.482836913330595,0.46250225073474166,0.5023128458446514,0.4567376655329493,0.5193339838017499,0.45853248883557196,0.4826412858371733,0.4425750806547829,0.5023128458446513,