{"min_species_distances":[-1.0,-1.0,-1.0,-1.0,-1.0,0.0,0.0,0.125,0.1111111111111111,0.0,0.0,0.0,0.0,0.0,0.0,0.0,0.0,0.5,0.0,0.45454545454545453,0.0,0.45454545454545453,0.0,0.0,0.0,0.0,0.0,0.0,0.0,0.2857142857142857,0.0,0.26666666666666666,0.0,0.0,0.0,0.26666666666666666,0.0,0.0,0.0,0.0,0.3333333333333333,0.0,0.0625,0.0,0.0,0.09523809523809523,0.0,0.0,0.0,0.3,0.0,0.0,0.0,0.0,0.0,0.0,0.0,0.0,0.0,0.0,0.0,0.0,0.0,0.0,0.0,0.21428571428571427,0.0,0.07142857142857142,0.0,0.0,0.0,0.0,0.0,0.0,0.0,0.0,0.0,0.0,0.0,0.0,0.0,0.0,0.0,0.0,0.0,0.0,0.0,0.0,0.0,0.0,0.0,0.0,0.0,0.0,0.0,0.0,0.0,0.0,0.0,0.0,0.0,0.0,0.0,0.0,0.0,0.038461538461538464,0.0,0.038461538461538464,0.0,0.0,0.0,0.0,0.0,0.0,0.0,0.0625,0.0,0.0,0.0,0.0,0.0,0.0,0.0,0.0,0.0,0.0,0.0,0.0,0.0,0.0,0.0,0.0,0.0,0.0,0.0,0.0,0.0,0.0,0.0,0.0,0.0,0.0,0.0,0.0,0.0,0.0,0.0,0.0,0.0,0.0,0.0,0.0,0.0,0.09090909090909091,0.0,0.0,0.0,0.0,0.0,0.0,0.5925925925925926,0.5925925925925926,0.0,0.0,0.16666666666666666,0.0,0.07692307692307693,0.0,0.2857142857142857,0.0,0.06666666666666667,0.0,0.09090909090909091,0.0,0.0,0.0,0.0,0.0,0.0,0.0,0.0,0.3125,0.0,0.0,0.058823529411764705,0.0,0.0,0.0,0.0,0.0,0.0,0.0,0.058823529411764705,0.0,0.0,0.0,0.0,0.0,0.0,0.0,0.09090909090909091,0.0,0.0,0.0,0.0,0.0,0.0,0.0,0.0,0.0,0.0,0.0,0.0,0.0,0.0,0.0,0.08333333333333333,0.07692307692307693,0.0,0.0,0.038461538461538464,0.0,0.038461538461538464,0.0,0.0,0.0,0.0,0.07407407407407407,0.0,0.0,0.0,0.0,0.0,0.2857142857142857,0.0,0.07142857142857142,0.0,0.16666666666666666,0.0,0.0,0.0,0.058823529411764705,0.0,0.07692307692307693,0.0,0.038461538461538464,0.0,0.038461538461538464,0.0,0.375,0.05,0.09090909090909091,0.0,0.09090909090909091,0.0,0.375,0.0,0.375,0.0,0.05555555555555555,0.4090909090909091,0.0,0.041666666666666664,0.0,0.038461538461538464,0.0,0.0,0.0,0.0,0.0,0.0,0.0,0.0,0.0,0.0,0.0,0.0,0.0,0.0,0.0,0.0,0.0,0.0,0.0,0.0,0.0,0.0,0.0,0.0,0.0,0.030303030303030304,0.0,0.0,0.037037037037037035,0.0,0.16666666666666666,0.0,0.09090909090909091,0.0,0.08333333333333333],"total_num_species":[1,1,1,1,1,7,112,28,16,10,16,9,23,13,8,23,11,2,14,3,14,3,10,5,5,9,18,6,21,5,24,6,18,7,32,8,39,9,44,11,8,21,9,33,12,6,24,7,17,6,22,7,24,6,20,7,12,7,18,5,18,5,17,5,16,5,20,6,16,7,15,8,12,10,14,5,24,5,14,6,18,5,20,6,22,8,24,8,26,8,15,6,26,8,12,8,20,6,24,6,16,6,18,7,21,7,23,7,16,6,24,7,27,6,25,6,15,8,17,7,18,7,22,9,21,8,15,7,21,9,15,8,20,8,21,7,15,7,14,8,18,9,14,9,14,9,17,7,23,9,12,10,14,3,18,3,15,3,7,5,4,4,7,24,6,45,10,12,6,20,8,17,8,31,9,29,9,23,10,9,13,8,24,10,10,10,10,10,11,9,19,11,5,20,6,21,5,12,6,17,6,16,7,20,10,9,14,8,10,10,10,10,10,10,10,10,10,10,10,11,9,20,10,8,9,9,14,9,26,9,19,9,13,8,17,9,22,10,9,36,11,9,18,9,16,9,17,9,21,8,17,9,16,9,14,8,22,8,22,11,6,31,7,28,6,31,8,28,10,11,6,19,5,22,5,21,7,12,5,21,5,18,4,16,4,13,5,19,7,10,8,8,7,7,45,8,64,9,84,11],"avg_species_distances":[-1.0,-1.0,-1.0,-1.0,-1.0,0.1224489795918367,0.13583034565177377,0.20899470899470915,0.2722552910052907,0.2783950617283952,0.32034872534872505,0.3353535353535354,0.3510916619612273,0.3647815147815145,0.3982683982683982,0.38884527856859824,0.3940771349862256,0.5,0.3237659776121313,0.5086580086580087,0.37102897102897076,0.5292929292929293,0.4132996632996634,0.46233766233766227,0.4675757575757576,0.428061753061753,0.3082784318078436,0.4761616161616161,0.3056767637124779,0.5016450216450216,0.3452552278639235,0.4899855699855699,0.38855001207942363,0.479538517038517,0.42499411513139085,0.49698173849959565,0.45002681357170515,0.4769161394161394,0.4613583116264689,0.5089150506122081,0.5144058555823261,0.45942162633670786,0.5166762513801986,0.4548033355139596,0.4656746031746032,0.48577694235588975,0.45004543039818645,0.4381868131868132,0.45354268949726295,0.5195238095238095,0.42904670960036606,0.4311650650936365,0.42703646494407355,0.4634226884226884,0.39175024536866637,0.49050076907219764,0.44256345506345507,0.4484126984126985,0.38832085673128636,0.495,0.42301767169429416,0.5199999999999999,0.41722700958211356,0.495,0.4586278809769524,0.5307142857142857,0.4288545836688253,0.49999999999999994,0.43495092053915596,0.5078231292517005,0.4438618524332811,0.48431897050318096,0.4528293344082819,0.49432341537604696,0.44070128830105704,0.5014652014652015,0.4357946665092719,0.5452380952380952,0.47839158142801885,0.5028083028083027,0.38683651989615053,0.3860805860805861,0.48929885141555596,0.4599844599844599,0.4529533123518082,0.5288226912838714,0.5072979368587397,0.49737244897959165,0.49597968104769763,0.5198796441653584,0.4937973596996154,0.49564102564102563,0.5035806802945412,0.4945054945054944,0.5346599758561483,0.410541601255887,0.5036668391626841,0.5736263736263736,0.4875194427292063,0.4915750915750915,0.5122397105818158,0.4660219780219779,0.4945761084460777,0.5166718995290424,0.4881232625167471,0.5100071709595518,0.45272292924466845,0.5588801674515961,0.5133431845931847,0.4999706959706959,0.47051255507777273,0.5482993197278913,0.49171906283017414,0.45219047619047614,0.4582412698412695,0.5697063492063491,0.4767392290249436,0.5017006802721088,0.517497219476026,0.5796602031125841,0.4323333093921333,0.5279138321995466,0.5232016234715503,0.5130599364627142,0.4626885693671411,0.5160926870748298,0.5288911564625859,0.5275170068027212,0.467167130488559,0.5415277777777776,0.48611958116580006,0.5205357142857144,0.477967279624401,0.5176785714285714,0.45200149850149907,0.44304029304029297,0.5031604585890306,0.5547619047619049,0.5103585280265956,0.4857878151260504,0.4915264744059689,0.5307642031171442,0.49227686233180745,0.5367930911680913,0.5387965375826875,0.5355680199430201,0.5352475214056103,0.5171788088454756,0.49054457980986765,0.5342325498575498,0.5274284217466036,0.4771111111111111,0.4770245139475908,0.0909090909090909,0.4339144757445413,0.5128205128205129,0.5188269341406598,0.06060606060606061,0.5487328720662052,0.5828076923076922,0.6508333333333334,0.6508333333333334,0.4834920634920635,0.45502764548214364,0.5697619047619047,0.4590490227956043,0.4868177387914229,0.44304647150235393,0.5795952380952382,0.39724937735394855,0.5176530612244897,0.458868937757289,0.5192288961038961,0.4120755867411208,0.49343253968253975,0.43617929564297153,0.5054993386243387,0.4300805762477469,0.4916005291005291,0.5041765873015873,0.4359903344518729,0.5316198979591836,0.36038809188585413,0.4764045584045584,0.49186788048552765,0.49343106131341413,0.49510986616868957,0.5047185392675588,0.4832911892029537,0.5318563258636787,0.4229885989483516,0.4773791698497581,0.5889453781512605,0.4197987199328656,0.5808370927318297,0.4327607532646232,0.6031428571428571,0.4842614111035165,0.5851679197994988,0.43002705208877895,0.5891320346320348,0.45092876827764616,0.5695190356844493,0.4138909804415346,0.4721998556998557,0.5037865497076023,0.47202383664789677,0.5385935211405136,0.5170445727112394,0.5183600668337511,0.5174030784030783,0.519037518037518,0.5238505269908779,0.5202679172679172,0.5167798199201709,0.5226482283148949,0.5294896584896587,0.5224246299509456,0.5260288970288971,0.5056943115364166,0.520303639597118,0.4441922419451626,0.5199220126278952,0.5472765469824292,0.5396992930816461,0.518375628297481,0.4677545737080324,0.5413894665610353,0.43047796386650544,0.5201746456158222,0.425681422375609,0.5435640445852864,0.48677960425697986,0.5543472995258709,0.4797466544893018,0.53614417989418,0.4621767710404079,0.5265735034754642,0.5410371572871573,0.4325928086819244,0.5330516457631083,0.5246333432362843,0.46401444092833716,0.5417232150565483,0.4797631441803439,0.5407925407925407,0.4736945312281833,0.5398223121907332,0.43651835147014295,0.5463682526746435,0.48519689525301013,0.5422346610504506,0.4678760041128463,0.5404346092503988,0.5060937635720747,0.5432259188180241,0.4475422519304951,0.5432259188180241,0.44216617334746905,0.5266168528909875,0.567438596491228,0.4815895328558111,0.5471950462453895,0.4666911580333335,0.5689626630679262,0.4552880261228904,0.5246979162883052,0.46137183552533545,0.48343469785575055,0.500789959087442,0.5837660818713448,0.46719065073635674,0.44947368421052625,0.42645517389878285,0.5263157894736841,0.41871870886544665,