{"min_species_distances":[-1.0,-1.0,-1.0,-1.0,-1.0,0.0,0.125,0.0,0.1,0.1,0.1,0.0,0.0,0.0,0.0,0.0,0.0,0.4166666666666667,0.0,0.0,0.0,0.0,0.0,0.0,0.0,0.0,0.0,0.0,0.0,0.0,0.0,0.0,0.0,0.0,0.0,0.0,0.0,0.0,0.0,0.0,0.0,0.0,0.0,0.0,0.0,0.0,0.0,0.1111111111111111,0.0,0.1111111111111111,0.2857142857142857,0.0,0.0,0.0,0.0,0.0,0.045454545454545456,0.0,0.0,0.21052631578947367,0.0,0.0,0.0,0.0,0.045454545454545456,0.0,0.0,0.0,0.0,0.0,0.0,0.0,0.0,0.0,0.0,0.0,0.06666666666666667,0.0,0.0,0.0,0.0,0.058823529411764705,0.0,0.0,0.0,0.0,0.0,0.0,0.0,0.0,0.0,0.0,0.0,0.0,0.0,0.0,0.0,0.0,0.0,0.05263157894736842,0.0,0.0,0.0,0.06666666666666667,0.0,0.0625,0.0,0.0,0.0,0.0,0.0,0.0,0.0,0.0,0.0,0.0,0.03571428571428571,0.03571428571428571,0.0,0.0,0.0,0.0,0.0,0.0,0.0,0.0,0.0,0.0,0.0,0.0,0.0,0.0,0.0,0.0,0.0,0.0,0.0,0.0,0.0,0.0,0.10526315789473684,0.0,0.10526315789473684,0.0,0.0,0.0,0.0,0.0,0.05,0.0,0.0,0.18181818181818182,0.0,0.0,0.0,0.0,0.0,0.0,0.0,0.2727272727272727,0.0,0.0,0.0,0.2727272727272727,0.0,0.15789473684210525,0.0,0.0,0.0,0.0,0.0,0.2608695652173913,0.0,0.2608695652173913,0.0,0.2608695652173913,0.0,0.2916666666666667,0.0,0.2608695652173913,0.0,0.05555555555555555,0.0,0.047619047619047616,0.0,0.0,0.0,0.0,0.0,0.0,0.0,0.05555555555555555,0.0,0.04,0.0,0.32,0.0,0.05555555555555555,0.0,0.0,0.0,0.24,0.0,0.0,0.0,0.0,0.0,0.0,0.0,0.0,0.3333333333333333,0.0,0.0,0.0,0.0,0.0,0.05555555555555555,0.0,0.0,0.03571428571428571,0.0,0.0,0.0,0.0,0.0,0.0,0.0,0.0,0.0,0.0,0.0,0.0,0.0,0.0,0.0,0.0,0.0,0.0,0.0,0.0,0.0,0.0,0.0,0.0,0.0,0.0,0.0,0.0,0.0,0.0,0.0,0.0,0.0,0.0,0.3076923076923077,0.0,0.16666666666666666,0.0,0.0,0.15151515151515152,0.0,0.0,0.2916666666666667,0.0,0.2916666666666667,0.0,0.2916666666666667,0.0,0.2962962962962963,0.0,0.0,0.0,0.2962962962962963,0.0,0.1111111111111111,0.0,0.2647058823529412,0.0,0.0,0.0,0.0,0.2962962962962963,0.0,0.0,0.0,0.0,0.0,0.0,0.0,0.0,0.0,0.0,0.0,0.0,0.0,0.0,0.0,0.0,0.0,0.0],"total_num_species":[1,1,1,1,1,14,6,47,16,13,9,26,12,8,19,8,36,6,22,8,28,10,9,27,9,26,11,5,18,7,16,5,17,7,18,6,15,4,15,4,9,13,8,8,7,9,54,9,81,12,6,36,8,50,9,42,9,40,10,9,36,9,42,12,8,20,8,28,7,26,8,38,8,27,8,27,8,27,9,25,10,11,8,23,8,28,8,21,9,25,8,30,7,37,8,33,11,6,22,6,26,8,14,4,20,6,14,7,23,6,15,6,14,7,15,7,13,7,18,9,12,9,12,7,15,7,12,6,19,7,20,6,10,7,7,6,6,27,7,51,6,46,6,58,8,51,9,64,9,74,13,6,27,6,34,6,38,6,32,5,26,6,32,5,19,6,33,8,29,8,25,6,25,6,26,6,27,6,32,6,22,7,23,7,24,7,25,8,14,7,15,7,17,7,22,6,22,8,19,9,14,7,13,8,15,9,20,10,10,11,6,14,7,13,7,16,7,15,8,11,7,13,8,11,8,15,8,15,9,14,8,13,8,14,7,19,8,16,8,14,8,13,8,11,8,13,7,7,12,9,9,41,8,78,7,76,8,74,10,9,73,11,7,22,7,27,7,37,7,30,8,30,7,25,8,27,8,19,10,10,13,7,22,8,23,8,33,7,24,8,20,7,22,8,32,8,20,6,20,7],"avg_species_distances":[-1.0,-1.0,-1.0,-1.0,-1.0,0.16797488226059654,0.26203703703703707,0.23825125178039142,0.30761574074074044,0.3386039886039885,0.3995230078563412,0.36788416711493616,0.34659591250500327,0.38133741258741255,0.4109120411751991,0.25961538461538464,0.43414318485747183,0.5009090909090907,0.40336755596495866,0.388465700965701,0.4437710107352969,0.4532930032930031,0.45140045140045143,0.4290294226191661,0.4375254375254374,0.43210025871564284,0.41053885508430976,0.2,0.46014395702977046,0.39440220532657494,0.42466918498168515,0.24,0.46066176470588294,0.32142857142857145,0.44814009949458883,0.362962962962963,0.4651759741233428,0.4507936507936508,0.43296428827941463,0.496031746031746,0.47300837563995457,0.38952737077737065,0.4916935195130684,0.4607411385606875,0.4599594223654374,0.48351028033045573,0.4208298444178329,0.4849407355534808,0.44234954426675527,0.5054740330475626,0.5465495289024701,0.47035112665548995,0.5213137527738368,0.4555166531305707,0.509226720991427,0.4510521458599135,0.5218213431448727,0.4363241236461034,0.5062799824874129,0.5183440720785923,0.4513726989112137,0.5105326726650258,0.4416787068557269,0.5048728679041092,0.5413390356142457,0.4641748948602242,0.49458715304303535,0.45968063692666067,0.5477300010913457,0.4492610123607565,0.5301179562734185,0.4273814135569453,0.5411989795918367,0.44800882364858363,0.5581349206349207,0.45007050044497104,0.5536931818181817,0.4555974333361372,0.5418154498198358,0.4642346405681981,0.5370751964085296,0.5387199037944885,0.5357004830917874,0.4848394127399626,0.5377233432725425,0.4887566323711836,0.524235778841042,0.48842152508056463,0.5228110255284169,0.48008827898494083,0.5544973544973545,0.47693058553357076,0.5202845199749224,0.482944371659542,0.4953918888129413,0.4662520877304871,0.5371870217324763,0.5734455667789001,0.504093140788973,0.5131596668438775,0.4566457026404395,0.43355785296574767,0.42400284590920057,0.505877616747182,0.448915390482896,0.5634500805152979,0.49638440588273375,0.41774978912660066,0.48788411740379517,0.4422222222222222,0.4837931468883852,0.5241975308641976,0.4218732792262205,0.4360902255639098,0.4857920263622021,0.5249292212011509,0.5182544434027926,0.5589169878477707,0.5177154310870089,0.5297580107864883,0.4922156506586334,0.48778969027507046,0.49269411521475553,0.5188193698532044,0.45207433850733314,0.5174695667740781,0.5238091515181298,0.4343358395989974,0.4416728451497768,0.49114222337452823,0.3542052397996167,0.4370152053561896,0.47516683866529064,0.5010060866451843,0.5207518796992481,0.5165431225121627,0.5165431225121627,0.421669182368735,0.4830504833512353,0.40026533405732206,0.4940651629072682,0.45716986704001883,0.4940651629072682,0.4410038324516384,0.46182564330079856,0.43533046470058956,0.45765400820892815,0.4218894389228738,0.4506120373397263,0.4440613629506895,0.4404014074945559,0.49817224880382777,0.43165612287948985,0.500967874231032,0.43691460598861737,0.4987871853546911,0.4169902580175972,0.4987871853546911,0.43099029326410715,0.544712918660287,0.4464569626223221,0.500967874231032,0.43223531324862097,0.544712918660287,0.44673230513231643,0.5022884483937115,0.4150328340389971,0.4498624667258207,0.424528964944705,0.44500140101807323,0.4144846926274852,0.5131140895717555,0.3884711665495093,0.5131140895717555,0.4404331906319251,0.5121366459627328,0.4390243657308733,0.5103611565144746,0.4287631224796383,0.5116190476190475,0.4414571403349702,0.47738374576883885,0.4429585634948939,0.5146879621413781,0.43513288580798154,0.48563738538893814,0.4219329047661042,0.4941932860100561,0.44004628376549576,0.48554421768707484,0.39431503635937154,0.48637566137566135,0.3826375938770022,0.4764556078841793,0.39930828620507397,0.5173626373626373,0.3797905749853805,0.4617597680097679,0.37882432057870674,0.4298107448107448,0.4064223004261228,0.47761601407564136,0.42871007907335884,0.46037720216291644,0.41950681819390334,0.4359008275674942,0.3917615769774298,0.4203712079654107,0.4175091575091575,0.4005530701182874,0.5161239994573328,0.3562574367997206,0.47857918096013335,0.37618896525251033,0.48179312750741315,0.3525360195360199,0.49657363800220944,0.3456405630256563,0.43348673583145636,0.41211899211899217,0.4939281353567067,0.387830844369306,0.4643149770029469,0.3987525807525809,0.4646297749869179,0.36049683121111675,0.46429269143554863,0.3686128844700275,0.44388741916519686,0.3532589104017676,0.45321617535903236,0.3685830852058922,0.45240074392330026,0.3383682037817376,0.4741118669690097,0.3527200717843993,0.44401927437641736,0.3588681942310973,0.4625170068027211,0.3705738705738705,0.4601889644746788,0.3619413919413921,0.45795729402872265,0.3953078403078404,0.45795729402872265,0.35497456247456266,0.4881884605694129,0.4881884605694129,0.393924963924964,0.45778071722516167,0.44369341563786013,0.3979991348961051,0.46413250770393627,0.41725318468648037,0.4819165842975366,0.4065306564695662,0.4589816268387697,0.41080256091547357,0.45902955069621737,0.4698602066657622,0.4153670229273509,0.4486278536278535,0.4827863054053529,0.41967296716371233,0.4827863054053529,0.3690772526964325,0.4827863054053529,0.41986706698321014,0.4799901157044014,0.39937424879661876,0.46591516948659806,0.42012130924968566,0.4799901157044014,0.4051206437575824,0.4570868945868945,0.3975055360382995,0.46941573103600415,0.3991780440209986,0.4410572124295433,0.44898195985424344,