{"min_species_distances":[-1.0,-1.0,-1.0,-1.0,0.25,0.0,0.125,0.0,0.1111111111111111,0.0,0.0,0.0,0.2727272727272727,0.0,0.0,0.0,0.0,0.0,0.0,0.0,0.35714285714285715,0.0,0.0,0.0,0.0,0.0,0.07142857142857142,0.0,0.06666666666666667,0.0,0.0,0.0,0.0,0.06666666666666667,0.25,0.0,0.4,0.0,0.3333333333333333,0.0,0.0,0.0,0.0,0.0,0.0,0.0,0.0,0.4666666666666667,0.0,0.0,0.0,0.0,0.0,0.0,0.0,0.0,0.0,0.0,0.0,0.0,0.0,0.0,0.0,0.0,0.0,0.0,0.0,0.0,0.0,0.0,0.0,0.0,0.0,0.0,0.0,0.0,0.0,0.0,0.0,0.0,0.0,0.0,0.0,0.0,0.0,0.0,0.0,0.0,0.0,0.0,0.0,0.0,0.0,0.0,0.0,0.0,0.0,0.0,0.0,0.0,0.0,0.0,0.0,0.0,0.0,0.0,0.0,0.0,0.0,0.0,0.0,0.0,0.0,0.0,0.0,0.0,0.0,0.5238095238095238,0.0,0.5,0.0,0.0,0.0625,0.0,0.125,0.0,0.05263157894736842,0.2222222222222222,0.0,0.05555555555555555,0.0,0.23529411764705882,0.0,0.0,0.0,0.0,0.0,0.0,0.0,0.0,0.0,0.0,0.5,0.0,0.0,0.0,0.0,0.0,0.0,0.0,0.041666666666666664,0.0,0.0,0.0,0.0,0.0,0.2916666666666667,0.0,0.5263157894736842,0.0,0.37037037037037035,0.0,0.0,0.0,0.0,0.0,0.0,0.0,0.0,0.045454545454545456,0.0,0.04,0.1875,0.0,0.1875,0.0,0.23529411764705882,0.0,0.17391304347826086,0.2777777777777778,0.0,0.0,0.0,0.03225806451612903,0.0,0.0,0.0,0.0,0.0,0.05,0.0,0.0,0.0,0.0,0.0,0.0,0.0,0.0,0.0,0.0,0.0,0.0,0.0,0.0,0.04,0.0,0.0,0.0,0.07142857142857142,0.0,0.0,0.0,0.0,0.0,0.0,0.0,0.0,0.0,0.0,0.03125,0.0,0.0,0.0,0.0,0.0,0.0,0.1875,0.0,0.1875,0.0,0.17391304347826086,0.0,0.0,0.15,0.0,0.05,0.07142857142857142,0.05,0.13333333333333333,0.0,0.0,0.09523809523809523,0.0,0.0,0.0,0.0,0.0,0.0,0.0,0.0,0.0,0.0,0.0,0.0,0.0,0.0,0.0,0.0,0.0,0.45161290322580644,0.0,0.07692307692307693,0.0,0.1875,0.0,0.15384615384615385,0.0,0.0,0.0,0.3157894736842105,0.0,0.2777777777777778,0.0,0.1875,0.0,0.2777777777777778,0.0,0.2777777777777778,0.0,0.35,0.0,0.2,0.0,0.07142857142857142,0.0,0.2777777777777778,0.0,0.0,0.0,0.041666666666666664,0.2777777777777778,0.0,0.09090909090909091,0.0,0.38095238095238093,0.0,0.0,0.0,0.0,0.0],"total_num_species":[1,1,1,1,2,14,5,55,14,13,10,12,6,24,8,12,8,20,7,15,4,14,6,12,7,14,8,18,8,12,6,19,7,10,6,14,5,22,6,14,7,23,8,18,9,20,11,4,24,5,26,7,21,8,30,7,24,7,22,7,26,10,7,19,8,36,12,7,15,8,13,9,16,6,26,6,16,8,16,8,21,7,28,6,24,8,16,7,18,8,15,6,20,7,11,8,14,8,11,8,20,7,13,6,12,7,10,8,6,6,14,6,18,6,14,6,12,5,13,5,9,49,9,62,9,74,12,8,19,9,29,7,28,10,10,9,23,9,22,10,10,11,5,28,7,14,7,15,7,14,7,27,9,22,8,24,7,17,5,20,7,30,8,16,9,20,9,18,10,9,10,9,9,25,9,58,9,71,11,9,20,10,17,8,22,10,9,28,12,9,20,8,31,10,9,15,7,29,8,23,8,24,7,20,8,25,9,15,8,27,7,21,7,22,7,18,8,16,8,9,9,12,8,10,9,46,8,65,8,65,9,65,11,8,17,10,9,13,10,10,12,9,19,10,13,7,22,5,16,6,20,8,19,5,28,7,10,8,7,6,32,7,47,7,71,8,57,10,12,7,34,7,36,8,36,7,31,7,33,7,29,8,17,8,25,8,31,9,23,10,8,30,10,11,7,20,8,19,8,15],"avg_species_distances":[-1.0,-1.0,-1.0,-1.0,0.25,0.14226844583987439,0.27361111111111114,0.25581903693014924,0.30355398569684255,0.3333203833203833,0.3537373737373738,0.3243036424854606,0.39030303030303026,0.33558217145173685,0.41101398601398603,0.40776622367531434,0.35749250749250755,0.3406238498343764,0.3025292168149311,0.3628117913832199,0.4523809523809524,0.3835013725770033,0.46037687802393684,0.38430677067040697,0.3863293569175922,0.3576515060031542,0.42014235764235774,0.38416457309190877,0.4090005232862376,0.4315961815961818,0.45457431457431446,0.35826746353062144,0.37695637695637696,0.39635568135568133,0.4973260073260073,0.4090888940440706,0.5000961538461539,0.3895431076480291,0.5210164835164834,0.4342032172570056,0.46041237007623553,0.42786062130048885,0.48402044384187254,0.4302995403660124,0.45520692757534864,0.4355597837667572,0.4848659673659673,0.5452991452991454,0.4666220955567532,0.48769230769230776,0.45246896391692804,0.47667887667887665,0.4420998707175177,0.4512820512820512,0.4556520084603241,0.39291819291819285,0.4687792681175031,0.5128759195986087,0.48155255419961335,0.4737377002082884,0.4770012679628066,0.45645909645909655,0.45133951016303947,0.47713840281951786,0.35518707482993195,0.4644867208732747,0.4548736023334955,0.5009580498866213,0.4120351416920041,0.44490086632943776,0.46249126376388827,0.5023786630036631,0.4847346716464366,0.5289606625258798,0.48358089400041265,0.46054212454212445,0.49344892040800015,0.38648279824750403,0.4751481922229669,0.4539444765760556,0.4657640942129883,0.4845502645502645,0.47446648996067564,0.3911918328584995,0.48878049068695545,0.5095945373201014,0.4672708539782816,0.5000508750508751,0.49875185915939496,0.5077784318855747,0.4865371789741537,0.4647435897435897,0.4678109241685036,0.4906686358754028,0.48117718538771187,0.4584299289891394,0.46680956406231167,0.4748822605965463,0.493562165388791,0.4812216553287983,0.4407772271588063,0.5188019652305368,0.41055402930402946,0.48128306878306876,0.47224415018532695,0.511977013027433,0.4723195280666547,0.5259353741496599,0.5506613756613756,0.5527960226236087,0.38747293556540285,0.5527960226236088,0.33133198931961555,0.5527960226236088,0.38920652024595953,0.5377840024898848,0.3735270547750532,0.5742055442866801,0.36528487150884936,0.5711752412563772,0.4296645445714873,0.4532127103033859,0.477037350585556,0.44115279896179377,0.49769778853263413,0.4524974894123011,0.4413046485311787,0.5046735148033182,0.40219371592766706,0.48879640930654894,0.36434918950756173,0.5354090575636148,0.4098459232079823,0.46122892301855434,0.4768841348293728,0.4950197264092947,0.44963800103128393,0.4942836928160057,0.4496118031831038,0.48060838950920226,0.48081764540377336,0.4618863985021097,0.5683550569213002,0.4145064781040965,0.5158440211590328,0.4302001256888473,0.45891785741409796,0.3789377924389365,0.5042584817020905,0.43500679335919595,0.48637445061930185,0.4312638148641191,0.4752646603333102,0.4089810329512844,0.5116228070175438,0.4009190351429921,0.5366750208855472,0.4257260312151617,0.5820175438596491,0.44062725132669733,0.5435218336847408,0.4072487828767324,0.523984962406015,0.4287681008075749,0.5123998267273122,0.41373741370971306,0.5130441845354125,0.39536462301856184,0.4937593675546893,0.5031341822569894,0.46911677341501906,0.5056346498963458,0.5103486743654871,0.4470523811249732,0.5103486743654874,0.4458015277490945,0.508610445123173,0.45402786270108103,0.4905781596322045,0.5052182539682539,0.4350799714790035,0.5017421640521054,0.3640317686214272,0.531898886185813,0.41389653674502574,0.49237216216748403,0.5218943824206983,0.42265407400719235,0.49229700261495296,0.49321761193106234,0.4596437106931294,0.4451136481757389,0.4526524130307929,0.5066351162653748,0.49660551842569384,0.45883006954970235,0.49178533892334525,0.445071004367074,0.4766097270826835,0.46138125903591387,0.5256610997539932,0.4530349771479219,0.5389855013878784,0.47298250942185344,0.5261035509280113,0.4416204765428874,0.49872365726143314,0.440444239216735,0.52530733997051,0.42404633318273266,0.5342917585823237,0.4439958011239843,0.4825201444471393,0.3844648732495368,0.5129988950871802,0.42219626735955507,0.44322267361953266,0.3982431086115828,0.45299846234693425,0.5047728023014525,0.48838167326919457,0.5012391407404141,0.5170600392109306,0.5127152558816396,0.5218983839527133,0.4682483353688556,0.5277110366642412,0.46180125848707865,0.5296368069723645,0.4337612559950168,0.5370326722402584,0.41266311445413373,0.5131026975537861,0.5161760247392675,0.3996312085954928,0.4917858333108756,0.5145193994170012,0.44405636843349044,0.4990093147426862,0.5009197164057095,0.45197146550393585,0.4952518124796351,0.44032869174834655,0.49500040341975815,0.43714269825156915,0.4787250384024577,0.3746835843282174,0.5438387096774194,0.45400088442023917,0.5024987199180747,0.44072543922481155,0.5119760807548827,0.39378281389058667,0.5533870967741935,0.42691517674577883,0.5361160345031313,0.465687956270004,0.5072072358450338,0.536401591240301,0.5519975186104219,0.4383356950883991,0.5097867186576864,0.4174652838733846,0.5342298830202057,0.4350128264524904,0.5086626421525563,0.4100814477014919,0.4946962268139737,0.47014013924815196,0.5358832357983461,0.419573214254416,0.5352804563884509,0.4472586737391715,0.512615298348994,0.4419662715948189,0.5352804563884509,0.39612230916411983,0.5352804563884509,