{"min_species_distances":[-1.0,-1.0,-1.0,-1.0,0.0,0.0,0.125,0.0,0.0,0.09090909090909091,0.08333333333333333,0.0,0.0,0.0,0.0,0.0,0.0,0.0,0.0,0.0,0.0,0.0,0.36363636363636365,0.0,0.0,0.0,0.0,0.0,0.0,0.0,0.058823529411764705,0.0,0.0,0.1111111111111111,0.0,0.0,0.0,0.36363636363636365,0.0,0.26666666666666666,0.0,0.0,0.0,0.0,0.0,0.0,0.0,0.0,0.0,0.0,0.0,0.0,0.0,0.0,0.0,0.0,0.0,0.0,0.0,0.0,0.0,0.0,0.05263157894736842,0.0,0.0,0.0,0.0,0.0,0.0,0.0,0.0,0.0,0.08333333333333333,0.0,0.0,0.0,0.0,0.0,0.05263157894736842,0.0,0.0,0.0,0.0,0.0,0.05263157894736842,0.0,0.0,0.0,0.0,0.0,0.0,0.0,0.0,0.0,0.0,0.0,0.0,0.0,0.0,0.0,0.0,0.0,0.03333333333333333,0.0,0.0,0.0,0.0,0.0,0.0,0.0,0.15384615384615385,0.0,0.0,0.0,0.0,0.0,0.125,0.2222222222222222,0.0,0.0,0.0,0.10526315789473684,0.0,0.0,0.0,0.0,0.0,0.0,0.2777777777777778,0.0,0.13333333333333333,0.0,0.42857142857142855,0.0,0.29411764705882354,0.0,0.0,0.0,0.0,0.0,0.0,0.047619047619047616,0.0,0.0,0.0,0.0,0.07142857142857142,0.0,0.0,0.0,0.0,0.0,0.0,0.0,0.0,0.0,0.0,0.0,0.0,0.0,0.0,0.0,0.0,0.0,0.0,0.0,0.0,0.0,0.0,0.0,0.0,0.0,0.0,0.0,0.0,0.0,0.0,0.0,0.0,0.0,0.0,0.0,0.0,0.034482758620689655,0.0,0.0,0.0,0.0,0.0,0.1875,0.0,0.08333333333333333,0.0,0.0,0.0,0.0,0.0,0.3333333333333333,0.0,0.13333333333333333,0.0,0.0,0.0,0.0,0.0,0.0,0.0,0.03225806451612903,0.0,0.0,0.0,0.0,0.0,0.0,0.0,0.0,0.0,0.0,0.0,0.0,0.0,0.0,0.0,0.0,0.0,0.0,0.0,0.0,0.0,0.0,0.0,0.0,0.0,0.0,0.0,0.0,0.07142857142857142,0.15789473684210525,0.0,0.0,0.0,0.0,0.42424242424242425,0.0,0.38095238095238093,0.0,0.0,0.0,0.0,0.0,0.0,0.0,0.0,0.0,0.0,0.0,0.0,0.0,0.0,0.037037037037037035,0.0,0.0,0.0,0.17647058823529413,0.0,0.0,0.0,0.0,0.0,0.0,0.0,0.0,0.0,0.0,0.0,0.0,0.0,0.0,0.0,0.0,0.0,0.0,0.0,0.0,0.0,0.0,0.0,0.0,0.0,0.0,0.0,0.0,0.0,0.0,0.0,0.0,0.0,0.0,0.0,0.0],"total_num_species":[1,1,1,1,3,14,10,19,10,22,10,14,8,19,6,34,8,38,9,23,10,12,4,22,6,11,7,11,5,8,7,7,12,7,24,6,45,5,35,6,41,8,38,8,53,7,44,9,53,12,8,30,10,10,10,12,7,17,7,14,5,18,6,20,8,20,8,22,8,25,10,11,4,25,4,29,4,20,4,19,5,12,5,16,7,16,6,12,6,25,6,11,5,12,5,11,4,11,4,19,5,19,6,16,4,12,5,9,9,6,6,22,8,52,8,52,13,7,24,7,26,8,30,9,28,11,8,17,7,15,7,20,6,14,6,21,7,10,9,9,34,11,9,20,10,11,8,20,9,20,12,7,29,7,24,7,22,7,33,8,22,6,18,8,27,9,17,7,30,7,19,7,31,9,29,9,25,7,26,6,21,6,19,5,19,6,23,6,19,5,22,7,13,5,23,8,11,6,16,5,22,6,23,6,19,7,15,7,12,6,28,9,9,11,9,10,12,9,16,8,16,8,11,8,12,9,10,10,10,9,15,10,9,17,9,16,10,9,20,10,10,11,6,18,7,22,9,17,10,10,10,10,10,10,10,10,10,10,11,6,23,8,36,5,29,7,26,8,15,6,27,8,25,8,20,8,20,8,27,7,16,6,16,6,21,8,18,8,22,7,22,8,26,7,18,7,19,6,18,5],"avg_species_distances":[-1.0,-1.0,-1.0,-1.0,0.16666666666666666,0.21254142682714097,0.30666666666666675,0.31528589993502265,0.3584848484848487,0.36549696095150597,0.40006734006734007,0.3941076017999091,0.41258741258741255,0.3954061533008899,0.40888888888888886,0.40307262553252077,0.4205044955044954,0.4174791780054943,0.44565388315388316,0.4378496832548216,0.4186628186628187,0.44187807142352614,0.5522727272727274,0.4509282363082972,0.43939393939393934,0.383746556473829,0.49659409218232736,0.4303151839248096,0.4283088235294118,0.5068356888209828,0.5100108225108224,0.49872676343264566,0.4430085165379284,0.5209235209235208,0.4398044707326747,0.5082392552980788,0.479519047665216,0.5536616161616161,0.4844455418184507,0.5451262626262625,0.4841659702442748,0.489876443001443,0.4886623614646255,0.4498782467532467,0.4831305016998362,0.5073653198653199,0.4819263751765899,0.5008663019079685,0.4651059962877233,0.5132609814427996,0.5040398735251677,0.488277377907196,0.5079368344074227,0.47930002640786945,0.44343434343434357,0.49127813659899244,0.49189372718784485,0.4561032033134111,0.5241596638655462,0.46189513101277835,0.4954545454545455,0.4837240667402149,0.5047555013499285,0.44481674771555835,0.5155528499278498,0.4661417252202655,0.506079592921698,0.4610610809497064,0.531820607030691,0.43425923096511315,0.41906931122617375,0.47593582887700525,0.4785353535353536,0.4774932659932664,0.47222222222222227,0.47455085977634737,0.5121136173767752,0.45014069614603835,0.48046444613950334,0.4754642266184286,0.4209401709401709,0.4901283043055459,0.41953216374269003,0.5034418241411949,0.44140907825118336,0.4600249209431137,0.32598590493327334,0.4576193034327008,0.4719188066785322,0.4591220056323032,0.43816490315346146,0.4903650125618089,0.45647023541760384,0.4416964280791338,0.3736842105263158,0.4764323840410797,0.5358974358974359,0.4861396011396013,0.39999999999999997,0.4278942792100689,0.44857142857142857,0.3918468549929136,0.5538173129552441,0.3463328157349903,0.30952380952380953,0.5080980842412627,0.43238095238095237,0.44636387163561086,0.5246460295198023,0.5330572808833679,0.5416897595158464,0.3865191416588933,0.5129938513867086,0.377353466889058,0.5197867608581894,0.33530772347764676,0.45996282377971354,0.5339893222246164,0.4118044524759827,0.5178071228491397,0.3978961023325381,0.5045742721192215,0.38098982935596565,0.5017592592592591,0.39484956099157303,0.45683198678920595,0.5078107606679036,0.3884059817284643,0.5379852951281523,0.3949242408287078,0.5349095349095349,0.3519322935316097,0.5490786990786991,0.37908048641726755,0.5592359927654046,0.37622928425449415,0.5477910977910978,0.47091269659897106,0.49737642531760184,0.5112673183751615,0.3271586403336424,0.47803313887538484,0.5125833891356766,0.37694618482577774,0.49849853355678864,0.4833953769154885,0.5215797430083147,0.396757167807993,0.5039241622574957,0.408016658848888,0.47061080181789555,0.4907185748199574,0.4442454047318983,0.5249664128974474,0.43876874935399723,0.5058551279749436,0.45917566505102453,0.508043378514226,0.48021184359955355,0.46237775129133024,0.47109727468194873,0.4592327213016868,0.5078420824981053,0.5151128633271492,0.41062913481186836,0.5291159486407292,0.47069862451896377,0.49967223252937537,0.4815123515736715,0.4507627293341579,0.4824212423810668,0.45658722230150817,0.4590020807454753,0.4875020465259621,0.4269792650963026,0.501383913021844,0.42189588357559726,0.4762384577655513,0.4046701547985365,0.5154012654012654,0.3869035152040074,0.5200391006842621,0.39654605947797217,0.5042879534258844,0.3931449166505662,0.499820868786386,0.40451312779921156,0.5035154500671741,0.42514987652274683,0.5539268920734438,0.4207707048501769,0.5208373317979229,0.4475561475561476,0.5492163009404389,0.41136808370335837,0.4641252425735184,0.42776458419091673,0.5414629049111807,0.3944362639139242,0.5418599791013585,0.431192234659165,0.5204953079016047,0.4038624612414858,0.4753689821755789,0.42896418964426297,0.5023843258435641,0.39364313064495254,0.5180293973596919,0.4385305093733139,0.5183918196218498,0.41952236996770503,0.5079475495227296,0.4725266594973123,0.49115216687029567,0.46732931537303557,0.46495637087867864,0.48169513340274744,0.4901623312198937,0.46256867554176684,0.5111578345126317,0.4491947503430827,0.5111493216525377,0.5118407310274483,0.4967569128536456,0.4345397525368024,0.49201164906538025,0.5287367685418256,0.5243077650456217,0.5229922528068615,0.5281919406826711,0.4327683736947999,0.5164678861286203,0.5289983922955742,0.395440745175771,0.523281119723463,0.41397775065831705,0.5168053826322077,0.5211514405000162,0.3751324393314046,0.5063857637233611,0.5022091653865848,0.4941228264287245,0.5255650603259057,0.4910369498083706,0.5164715232945807,0.4747062186672411,0.5103054356912811,0.4536228310413172,0.4947783975592653,0.515393895762197,0.51570854834203,0.5143107958555677,0.5110395136729953,0.5119826190988593,0.5119826190988593,0.5109463927803749,0.5076742439367576,0.5084678947304084,0.5037966436292695,0.4904962640594825,0.44859972157530903,0.5109485661209798,0.4275330567747064,0.5167588665560269,0.4280170778446197,0.4679388300077955,0.46120252089517444,0.41669569255776145,0.4717951911404292,0.5148853615520282,0.42354148468278885,0.41888270459699023,0.46381783431276175,0.34659863945578223,0.45025209763539253,0.4206207482993198,0.4148491859018172,0.5012396069538926,0.4377045176865976,0.4822373393801964,0.4785658873639385,0.4731428571428571,0.44513536866359443,0.4937142857142857,0.43630436740018175,