{"min_species_distances":[-1.0,-1.0,-1.0,-1.0,0.125,0.0,0.1,0.0,0.0,0.0,0.0,0.0,0.0,0.0,0.0,0.0,0.0,0.0,0.0,0.0,0.0,0.0,0.0,0.0,0.0,0.0,0.0,0.0,0.0,0.06666666666666667,0.0,0.058823529411764705,0.0,0.0,0.0,0.0,0.0,0.0,0.0,0.0,0.0,0.06666666666666667,0.0,0.0,0.0,0.0,0.0,0.1111111111111111,0.0,0.0,0.0,0.1111111111111111,0.0,0.0625,0.0,0.0,0.0,0.0,0.0,0.0,0.07692307692307693,0.0,0.0,0.0,0.0,0.0,0.0,0.0,0.09090909090909091,0.058823529411764705,0.14285714285714285,0.16666666666666666,0.0,0.05263157894736842,0.14285714285714285,0.0,0.2,0.0,0.0,0.0,0.0,0.0,0.2,0.0,0.2,0.0,0.08333333333333333,0.2,0.0,0.2,0.0,0.1,0.0,0.0,0.0,0.0,0.0,0.0,0.0,0.0,0.0,0.0,0.0,0.0,0.0,0.0,0.0,0.0,0.0,0.0,0.0,0.0,0.0,0.0,0.0,0.0,0.0,0.0,0.0,0.0,0.0,0.0,0.0,0.0,0.0,0.0,0.09090909090909091,0.0,0.0,0.0,0.0,0.0,0.0,0.0,0.0,0.0,0.0,0.0,0.0,0.0,0.125,0.0,0.0,0.0,0.0,0.0,0.0,0.0,0.0,0.0,0.05263157894736842,0.0,0.0,0.0,0.0,0.0,0.0,0.0,0.15384615384615385,0.0,0.46153846153846156,0.0,0.23076923076923078,0.0,0.15384615384615385,0.0,0.2,0.13333333333333333,0.0,0.29411764705882354,0.0,0.23076923076923078,0.07142857142857142,0.0,0.07142857142857142,0.0,0.058823529411764705,0.0,0.125,0.0,0.125,0.0,0.0,0.0,0.0,0.0,0.0,0.0,0.0,0.0,0.0,0.0,0.0,0.0,0.0,0.0,0.0,0.0,0.0,0.0,0.0,0.0,0.0,0.0,0.0,0.0,0.0,0.0,0.0,0.0,0.0,0.058823529411764705,0.0,0.058823529411764705,0.0,0.0,0.0,0.0,0.0,0.0,0.0,0.0,0.0,0.0,0.0,0.0,0.56,0.0,0.2,0.0,0.0,0.0,0.0,0.0,0.0,0.0,0.0,0.0,0.0,0.0,0.0,0.0,0.11538461538461539,0.0,0.0,0.0,0.0,0.0,0.3103448275862069,0.0,0.3103448275862069,0.0,0.3103448275862069,0.0,0.3103448275862069,0.0,0.3103448275862069,0.0,0.0,0.0,0.0,0.0,0.0,0.3548387096774194,0.0,0.0,0.0,0.047619047619047616,0.058823529411764705,0.0,0.15789473684210525,0.0,0.07692307692307693,0.125,0.3548387096774194,0.0,0.0,0.0,0.0,0.07692307692307693,0.0,0.25,0.0,0.21052631578947367,0.0,0.05,0.3548387096774194,0.0,0.14285714285714285,0.07142857142857142,0.14285714285714285,0.045454545454545456,0.14285714285714285,0.0,0.0,0.0,0.0,0.0,0.0,0.058823529411764705],"total_num_species":[1,1,1,1,3,16,6,59,16,10,17,10,17,6,16,7,23,9,21,10,9,15,11,6,21,5,28,9,17,7,20,6,19,6,13,5,13,6,23,4,20,5,20,4,15,7,20,7,16,8,15,7,15,7,11,7,9,8,9,14,10,9,25,10,9,41,9,33,10,13,9,10,11,10,9,22,8,9,22,10,10,12,9,22,9,10,11,8,23,9,32,11,7,20,9,20,9,18,9,20,10,11,7,18,7,21,7,22,8,12,8,16,9,14,7,18,8,18,8,19,8,18,9,20,9,19,7,18,8,13,7,20,7,20,6,21,7,12,8,14,8,15,8,13,7,14,8,16,7,14,7,10,8,8,7,16,7,29,7,31,6,34,7,42,7,39,10,10,13,7,18,9,10,11,9,22,9,18,8,17,9,18,11,8,23,7,29,9,13,8,20,8,26,9,26,11,9,17,8,24,8,27,9,16,10,8,17,8,30,9,16,7,25,8,19,9,16,10,9,10,9,8,8,11,7,12,6,18,7,22,7,23,8,18,9,23,8,20,9,19,9,14,8,18,8,13,8,15,7,16,7,18,7,22,7,17,7,24,9,21,10,10,11,7,17,8,26,8,10,8,9,47,10,11,7,23,10,9,23,9,31,9,29,9,35,11,8,17,10,10,9,13,9,18,10,10,15,10,11,7],"avg_species_distances":[-1.0,-1.0,-1.0,-1.0,0.20833333333333334,0.1850529100529098,0.28814814814814815,0.2676774634547886,0.33663720538720526,0.35666666666666685,0.3802491217932391,0.39482517482517476,0.38663273001508286,0.41393939393939383,0.3846475746475748,0.4503427128427128,0.40511604666742973,0.48153806977336394,0.3647062904415843,0.4670257846728435,0.4756943764296705,0.42456315859677196,0.44008264462809915,0.45987041281158925,0.44436344234663516,0.4448306595365419,0.4208243061534375,0.49611733582321815,0.43867222022498853,0.5306055755635587,0.4526029032027486,0.5527513637033761,0.4719279062810107,0.5171177944862154,0.4762753335702256,0.42436974789915966,0.4855441753676456,0.5168417366946778,0.45858868663081975,0.4943977591036415,0.47967508325867414,0.5380112044817926,0.4601364867276554,0.35185185185185186,0.47526803118908434,0.5135930103035367,0.49004612807936954,0.4731615745713491,0.4968287907268171,0.5225190953574412,0.49029011923748805,0.516240999323706,0.512867784540717,0.5381708238851095,0.4947405166213216,0.4826152683295539,0.4054621848739494,0.43478641456582634,0.5130110630110631,0.4988927824841137,0.49731330397997064,0.4960677683265403,0.44068296724488754,0.5080224989435516,0.5088141025641026,0.4437372585400766,0.49091739766081877,0.42886424421394703,0.4749307855886802,0.4236479207067441,0.48684348739495803,0.509005807001163,0.486212880686565,0.511576858813701,0.5248511904761906,0.40280010994296805,0.5394770408163265,0.4979442239858908,0.4693474013741601,0.4828968253968255,0.4852649510982845,0.4619318181818181,0.5226466049382715,0.3798056320783597,0.5207362467779135,0.4867074900408233,0.49142037255673615,0.5391369047619048,0.38242932956371717,0.5207362467779135,0.34189728002731995,0.513074776101092,0.5157701947175632,0.46034292461924076,0.5330076660668764,0.46459578510132526,0.5402772239943291,0.507776713310769,0.5341606858054225,0.4693103606919398,0.5406636540847066,0.5314576731083906,0.5156194056569996,0.5097756372774588,0.48863636363636365,0.501188355725065,0.5017857142857143,0.49032255613947634,0.4821095104708549,0.5156325156325157,0.5486756664388245,0.4865419983067047,0.5262769822099532,0.45210319356282125,0.563913125636728,0.4936589589722588,0.5641498447204968,0.4874090743016575,0.525696405044231,0.515708271286635,0.5088400348697831,0.48389144904615544,0.4325396825396824,0.4225100655764277,0.4432649911816577,0.4910947123475735,0.5830988455988455,0.490129803555409,0.5637018443741134,0.4953456347573996,0.5346931313317868,0.471576159650463,0.5695369056713593,0.483675612313384,0.5629940865234982,0.5055080651271131,0.5767418078342447,0.5244422536912658,0.5372177856649906,0.538967062248027,0.5802880981452408,0.4652319399658338,0.5348173360253193,0.5006135839469172,0.5498701896217424,0.42415242186409274,0.5568073518384076,0.516981449561541,0.5718321568817373,0.5086057105287879,0.5791877900410101,0.5767121929402633,0.5832025117739402,0.5861884825700614,0.5901808091657715,0.4615189077703382,0.5835724244517968,0.4906798355906974,0.5924497299946793,0.5033677530090008,0.615570202603002,0.507826615454562,0.6005716322268572,0.48495351626389754,0.5910904397746501,0.46154087929338233,0.5600833629798201,0.5580538607705794,0.5303255328395244,0.599854786719006,0.48363478458178866,0.5673343308308479,0.5448393954972902,0.5246282226545388,0.5562934013011414,0.4124965878061858,0.5479330593010935,0.48959377379064173,0.5691944540974284,0.49552846486892,0.5562502047602668,0.48191934725960106,0.5312093401954083,0.5459163533834586,0.48123336221667135,0.5924483828619167,0.4737096435670465,0.5639184767474241,0.5204828516063335,0.5674961786333966,0.49536349277069547,0.5693922305764411,0.4779935300866477,0.5602681918471393,0.4597663915032337,0.5455718444235191,0.5346866218576747,0.504228886270547,0.5711320226030916,0.47178610400935345,0.3827205882352941,0.5014119363827542,0.3854296066252587,0.5036070208386385,0.5166886087768441,0.48365996398559413,0.5113372604481587,0.5292145996329565,0.501167376839895,0.5355007931554585,0.47754256909137693,0.448122944830106,0.4912762025678508,0.5675492387590487,0.49343066397758517,0.5291772863568215,0.5068150096384271,0.5390993423599916,0.5443976602385081,0.5503668102404862,0.5493076684696866,0.5778258936008186,0.5785890381056636,0.46591550299230555,0.5939678375098165,0.47987527610653563,0.6220977011494252,0.4849508039974804,0.5966050903119869,0.45774764968647547,0.5839614121510672,0.432870233191876,0.5583870415982486,0.5012739209412671,0.5279744266297862,0.5044227352586719,0.5616952531823222,0.4486826850901069,0.5448394051431074,0.41657057606076797,0.5410789396968181,0.4813164648558297,0.5739408528663452,0.44229672342150556,0.5719981527093596,0.4881312295480593,0.5719981527093596,0.43769747234781575,0.6052279085325063,0.5017746196653589,0.6043062495463312,0.45906335917819263,0.6003092690543032,0.46553830936927354,0.597184103526468,0.44159601721013003,0.597184103526468,0.4686171970037401,0.5869171040063534,0.4918496479051391,0.5667661425420046,0.5667661425420046,0.5116802313129153,0.6013651159388486,0.47359126329353646,0.5670705782312925,0.4344627305172614,0.5772595731841123,0.5462410352432492,0.5621029460171164,0.5793646582854987,0.5045782644147678,0.5728795101979961,