{"min_species_distances":[-1.0,-1.0,-1.0,-1.0,0.25,0.0,0.125,0.0,0.09090909090909091,0.09090909090909091,0.0,0.0,0.0,0.0,0.0,0.0,0.0,0.0,0.0,0.0,0.0,0.0,0.0,0.0,0.0,0.45454545454545453,0.0,0.0,0.0,0.0,0.0,0.0,0.0,0.0,0.0,0.05,0.0,0.0,0.0,0.047619047619047616,0.0,0.0,0.0,0.0,0.0,0.0,0.0,0.0,0.0,0.0,0.0,0.0,0.0,0.0,0.0,0.0,0.0,0.0,0.0,0.0,0.0,0.0,0.09090909090909091,0.0,0.0,0.0,0.0,0.0,0.0,0.0,0.08,0.0,0.0,0.0,0.0,0.0,0.0,0.0,0.08333333333333333,0.0,0.0,0.0,0.0,0.0,0.0,0.0,0.05,0.26666666666666666,0.0,0.0,0.0,0.0,0.0,0.11764705882352941,0.0,0.0,0.0,0.0,0.0,0.0,0.5217391304347826,0.0,0.5217391304347826,0.0,0.0,0.0,0.0,0.0,0.0,0.0,0.0,0.0,0.0,0.0,0.04,0.0,0.0,0.0,0.07142857142857142,0.0,0.0,0.375,0.14814814814814814,0.0,0.0,0.17857142857142858,0.0,0.375,0.0,0.11538461538461539,0.0,0.11538461538461539,0.0,0.12,0.12,0.03571428571428571,0.36,0.0,0.3157894736842105,0.0,0.07142857142857142,0.0,0.2631578947368421,0.0,0.0,0.4,0.0,0.0,0.0,0.0,0.0,0.0,0.0,0.0,0.0,0.0,0.0,0.0,0.0,0.0,0.0,0.0,0.0,0.0,0.04,0.0,0.0,0.0,0.0,0.1875,0.0,0.1111111111111111,0.05263157894736842,0.1875,0.0,0.07142857142857142,0.0,0.0,0.1111111111111111,0.0,0.1111111111111111,0.0,0.0,0.0,0.037037037037037035,0.0,0.038461538461538464,0.0,0.0,0.0,0.08333333333333333,0.0,0.0,0.0,0.0,0.0,0.0,0.0,0.037037037037037035,0.0,0.0,0.0,0.0,0.0,0.0,0.0,0.0,0.034482758620689655,0.0,0.0,0.0,0.0,0.0,0.3157894736842105,0.0,0.0,0.0,0.15625,0.0,0.09090909090909091,0.0,0.05263157894736842,0.07142857142857142,0.0,0.0,0.0,0.07142857142857142,0.0,0.0,0.0,0.2777777777777778,0.0,0.0,0.0,0.0,0.0,0.0,0.0,0.0,0.0,0.0,0.0,0.0,0.0,0.045454545454545456,0.0,0.0,0.0,0.20833333333333334,0.0,0.0,0.0,0.0,0.0,0.0,0.0,0.0,0.0,0.0,0.0,0.0,0.0,0.0,0.0,0.0,0.0,0.0,0.0,0.11764705882352941,0.0,0.0,0.0,0.0,0.0,0.0,0.05263157894736842,0.0,0.10526315789473684,0.0,0.0,0.0,0.38095238095238093,0.0,0.0,0.0,0.0,0.0,0.045454545454545456,0.0,0.0,0.0,0.0,0.0,0.0,0.0,0.0,0.0,0.1875,0.0,0.1875],"total_num_species":[1,1,1,1,2,12,6,45,12,9,36,14,9,31,12,9,20,10,9,31,9,31,8,30,12,4,28,7,19,5,22,6,21,7,15,6,15,7,11,6,24,8,28,9,23,9,18,9,16,7,28,9,16,8,29,9,23,8,17,9,18,11,4,17,3,15,3,12,4,10,6,7,7,6,8,21,9,69,9,76,10,13,7,17,8,28,11,5,18,6,26,6,20,6,28,8,18,9,29,11,4,14,4,11,6,9,11,9,13,10,10,13,6,21,7,15,8,11,7,9,13,6,7,7,34,7,63,6,60,7,64,8,58,10,10,12,6,25,7,25,8,49,9,40,11,7,17,8,30,9,22,10,11,6,16,5,21,6,23,7,12,7,10,9,9,12,7,9,49,9,81,11,10,9,16,10,10,12,8,14,8,23,10,11,6,19,7,17,6,12,6,17,7,18,6,18,7,15,7,12,7,11,6,10,7,7,11,6,10,7,33,6,56,5,53,7,47,7,59,10,10,12,6,21,7,25,8,23,7,28,6,27,8,16,8,26,9,29,9,31,9,34,10,12,7,30,9,18,9,14,9,15,10,11,6,14,8,17,8,16,9,11,9,10,9,8,8,55,9,72,13,9,13,9,25,8,21,9,35,10,11,6,22,8,11,8,18,8,15,7,17,8,14,9,9,8,36,8,49,8],"avg_species_distances":[-1.0,-1.0,-1.0,-1.0,0.25,0.19498556998556996,0.3005555555555556,0.27935575087090364,0.31970844811753896,0.3493827160493827,0.36470344029868035,0.40019074332261106,0.42083333333333345,0.4123302623302641,0.43788459015731745,0.422008547008547,0.4432425177162018,0.5002242855184033,0.413001813001813,0.4339895588282691,0.4362724466891134,0.4444071102135618,0.3653929403929404,0.45143597143597186,0.4910556305293146,0.5820232399179768,0.45820629465679613,0.5234413143247729,0.4458913000579665,0.2736842105263158,0.4269813304472141,0.5376329713171819,0.4442135920331407,0.5306592599825682,0.4914274545543894,0.5681977671451356,0.49917614549193523,0.47845804988662116,0.5317372101582631,0.5019047619047619,0.4661680154958187,0.4452451814058956,0.5090920091233369,0.5310646407685882,0.4775393688437164,0.47415239487607913,0.49032958212524747,0.4290013227513227,0.41953503550543053,0.48299319727891155,0.4781743319337301,0.49691912118382703,0.5148590155759276,0.45511750154607294,0.5154217015959977,0.4693404634581105,0.4599485922257172,0.39566576630652256,0.47677841189951914,0.5487979062947095,0.5191951484150968,0.5364887456959071,0.09090909090909093,0.5192002173385746,0.49275362318840576,0.5329291335608283,0.49275362318840576,0.5027474538344103,0.3695652173913044,0.3753736192332683,0.5747145135566188,0.5115535049745576,0.5229551150603783,0.5746677299308879,0.5370398398593886,0.5083776499190038,0.4983735806104226,0.4755584080671573,0.5022896815659973,0.43260990464223475,0.4611332624490518,0.44749454886094553,0.5143388774967722,0.47149704382361046,0.5149291831357049,0.45858098759142907,0.4760625392682809,0.5983333333333334,0.4249561661539496,0.514057239057239,0.42563148975259457,0.5075093035619352,0.4335217881399985,0.544088842388075,0.3981982651022178,0.4983465284733962,0.4377912623624977,0.4295536890645586,0.3973202592802296,0.45389435442085385,0.6214866051822573,0.4401443621940515,0.6214866051822573,0.4736609174751468,0.5006854256854256,0.479039489093837,0.4533884297520663,0.4872234247234247,0.43967692935084246,0.4807527910685806,0.4894506974506976,0.4596295652817392,0.5492424242424242,0.3938640326111726,0.5226324469181612,0.43187865045007917,0.5253130797773654,0.44968842093348027,0.5385745207173779,0.4600686761797873,0.4236973413060369,0.5541501976284585,0.5258537758537758,0.5066738816738817,0.48408708145242335,0.5138888888888888,0.47660373484991264,0.542888888888889,0.46701990012134986,0.5233089133089133,0.48191713794554203,0.520003990262611,0.4673123566733341,0.49388613238613255,0.49388613238613255,0.47264687893475776,0.5496767676767678,0.42314707667060636,0.5321515910989595,0.4272733046050387,0.5163713667285096,0.41637813455230266,0.49593596786579247,0.4283570675938438,0.481021199243167,0.5345219273480143,0.40896611096948793,0.5195522774327122,0.3811343421301607,0.5009480676328502,0.4099357515233174,0.48998734759604334,0.4786612767996166,0.5263112491373361,0.43562936158044835,0.5445652173913043,0.40073671738889155,0.5074879227053141,0.4259988439125755,0.5160455486542443,0.4205599472990777,0.4894755003450655,0.4640072463768115,0.498138946399816,0.4925090579710145,0.4491728621619927,0.5432977650368955,0.4969034854744574,0.4605510626770215,0.5012681159420291,0.4503924984826644,0.4731600088974903,0.4907416833456118,0.5106665961750343,0.4569061021771263,0.4969944987422103,0.491771572884273,0.4699978776741833,0.5091327108019654,0.4416017834354647,0.5091327108019653,0.4086534717351635,0.5096157063548368,0.47878957830341234,0.4916284735125315,0.46173828121196536,0.4966061474757127,0.4232841214750347,0.48909158474375874,0.4174182069706364,0.4665796763622849,0.4280950915729765,0.47498938259807816,0.37623702952038196,0.4671125975473801,0.4424500155155167,0.42661286780852,0.41411296030861217,0.4584586776615761,0.4552353816654753,0.47439917996183983,0.47035114986433446,0.4821583241992449,0.43364431229763284,0.5054497061193294,0.4833854321338731,0.4672121731342121,0.5147775318689861,0.4071742373444465,0.5062484630700522,0.3930643164268914,0.5138210181836078,0.43375056551269536,0.5440401274926446,0.42439230807919076,0.48618084888812313,0.4269595725642089,0.5083560527998016,0.4548757929019356,0.4793373678682234,0.4671121100439362,0.45374449811111994,0.511364159190246,0.4234877460246283,0.4454915673609324,0.4387841442880011,0.4594006139155054,0.4223188973732541,0.48668911229756034,0.39074299057250067,0.5223540892124342,0.3513530959819984,0.4342747501057459,0.3749464712143273,0.46654513839196277,0.3222245966347982,0.45520980975632697,0.3269435567802546,0.43955815192374326,0.33057239847063385,0.4521445841572067,0.329747274094054,0.455547297700099,0.4250743826281181,0.4809281381811937,0.3539094540636689,0.4634928330474711,0.38297236479037317,0.4695991398347405,0.38759161500409717,0.4344043887147334,0.40030927964708757,0.45474928946177184,0.45910800585835654,0.45596113408175115,0.45599215317508207,0.4958166040864898,0.4312970684668036,0.45271081542836217,0.4460857266258849,0.48617592070235705,0.4833392563410215,0.501777107657509,0.47124176228676407,0.49138057797679596,0.48302139066868516,0.5019202229926386,0.3629715989843701,0.46308452421451307,0.3742753102200542,0.4069605136335686,0.4750950665190896,0.4095852658101718,0.4732811180677143,0.3309021384193487,0.4906066293712354,0.3459657396883167,