{"min_species_distances":[-1.0,-1.0,-1.0,-1.0,0.25,0.0,0.1,0.0,0.09090909090909091,0.1111111111111111,0.0,0.0,0.08333333333333333,0.0,0.0,0.0,0.0,0.0,0.07692307692307693,0.0,0.0,0.0,0.0,0.0,0.0,0.0,0.25,0.0,0.0,0.0,0.0,0.0,0.0,0.0,0.07142857142857142,0.0,0.0,0.0,0.0,0.0,0.0,0.0,0.0,0.0,0.0,0.0,0.0,0.0,0.0,0.0,0.0,0.0,0.0,0.0,0.0,0.0,0.0,0.0,0.0,0.0,0.0,0.0,0.0,0.06666666666666667,0.05263157894736842,0.0,0.0,0.0,0.05263157894736842,0.0,0.0,0.0,0.15789473684210525,0.0,0.05,0.0,0.0,0.13636363636363635,0.0,0.0,0.47368421052631576,0.0,0.2857142857142857,0.0,0.0,0.0,0.0,0.0,0.0,0.0,0.0,0.0,0.0,0.0,0.0,0.0,0.0,0.0,0.2631578947368421,0.0,0.0,0.0,0.08333333333333333,0.0,0.0,0.0,0.0,0.0,0.0,0.0,0.0,0.047619047619047616,0.0,0.0,0.0,0.0,0.0,0.0,0.0,0.0,0.0,0.0,0.0,0.05,0.0,0.0,0.05555555555555555,0.05263157894736842,0.0,0.0,0.0,0.0,0.0,0.0,0.0,0.0,0.0625,0.0,0.0,0.0,0.0,0.0,0.0,0.0,0.0,0.0,0.0,0.0,0.0,0.0,0.0,0.0,0.0,0.0,0.0,0.0,0.0,0.0,0.0,0.1111111111111111,0.0,0.0,0.0,0.0,0.4482758620689655,0.0,0.29411764705882354,0.0,0.0,0.0,0.0,0.0,0.0,0.0,0.0,0.0,0.0,0.0,0.0,0.0,0.0,0.0,0.35294117647058826,0.0,0.03333333333333333,0.0,0.4666666666666667,0.0,0.0,0.0,0.4666666666666667,0.0,0.0,0.0,0.0,0.0,0.0,0.0,0.0,0.0,0.0,0.0,0.0,0.0,0.0,0.0,0.0,0.0,0.0,0.0,0.0,0.03225806451612903,0.0,0.0,0.0,0.0,0.0,0.0,0.0,0.0,0.0,0.0,0.0,0.0,0.05263157894736842,0.2631578947368421,0.0,0.2631578947368421,0.0,0.0,0.0,0.0,0.0,0.0,0.0,0.36363636363636365,0.0,0.0,0.0,0.06666666666666667,0.0,0.4166666666666667,0.043478260869565216,0.4166666666666667,0.0,0.36363636363636365,0.0,0.045454545454545456,0.0,0.045454545454545456,0.0,0.0,0.0,0.06666666666666667,0.0,0.0,0.0,0.0,0.0,0.0,0.0,0.0,0.0,0.0,0.0,0.0,0.0,0.0,0.0,0.0,0.0,0.0,0.0,0.03225806451612903,0.5357142857142857,0.0,0.125,0.0,0.0,0.0,0.0,0.0,0.0,0.0,0.0,0.0,0.0,0.2222222222222222,0.0,0.06666666666666667,0.0,0.5357142857142857,0.0,0.0,0.0,0.0,0.0,0.0,0.0,0.2222222222222222],"total_num_species":[1,1,1,1,2,12,5,62,15,10,11,10,9,24,10,10,12,10,7,12,10,9,26,9,28,11,4,10,7,21,7,20,9,19,12,6,21,7,15,6,20,6,13,8,14,9,21,6,20,6,20,8,19,7,16,8,16,7,14,7,14,8,9,8,8,20,7,23,8,21,8,31,8,29,9,30,11,7,12,11,5,19,6,17,6,24,7,18,8,26,7,14,9,16,8,18,9,15,7,23,9,14,8,22,9,16,9,21,10,9,16,9,18,8,20,8,17,9,17,10,10,9,11,10,10,10,10,10,10,11,7,19,6,25,6,13,6,16,6,24,6,18,7,15,8,10,8,10,9,9,18,8,14,8,20,8,15,8,19,9,16,10,10,12,6,14,7,13,8,21,9,14,10,14,8,26,9,24,9,20,9,13,7,20,7,13,6,18,7,15,6,15,7,27,8,20,9,20,9,25,10,10,10,9,16,8,20,7,37,8,14,7,17,8,14,9,9,9,9,26,9,67,9,75,11,7,21,7,27,9,24,9,30,10,11,7,15,8,18,8,23,7,11,7,13,8,23,9,21,9,17,9,26,9,15,10,15,7,21,8,21,7,21,7,18,8,17,7,15,6,14,8,25,11,5,35,6,18,6,14,9,16,8,10,11,6,14,6,20,4,11,4,8,6,7,12,7,9,38,7],"avg_species_distances":[-1.0,-1.0,-1.0,-1.0,0.25,0.16095478595478596,0.30166666666666664,0.26375870589249906,0.326574589431732,0.3718726952060286,0.3663728191000917,0.3494276094276094,0.37424242424242415,0.3421897546897543,0.4148795648795648,0.3612864912864912,0.3922287308650943,0.441941391941392,0.451271744128887,0.4327301486392395,0.40456617456617455,0.4390799015799016,0.43007113399421104,0.45415371665371673,0.40993450993450953,0.38812884085611354,0.5134803921568628,0.4791015629250922,0.47221691706985824,0.3831239197310627,0.44597624597624597,0.4205118411000765,0.4532065973242443,0.44476624167026674,0.47791787089915455,0.48317442361560003,0.46260862892165444,0.3912103977893451,0.4668591165661052,0.4553418803418803,0.46690732920059175,0.17948717948717946,0.4529091551150377,0.4862194877951179,0.4516203917464423,0.4269863215941646,0.4584812899518786,0.41544973544973546,0.45317130968446834,0.4640211640211639,0.44967342519790837,0.43619838286191676,0.47137127475308477,0.33508771929824566,0.45544818242186724,0.46184807256235827,0.44145641882484016,0.41238015674105905,0.43912069551167365,0.489937641723356,0.37908323923361525,0.4620677437641722,0.5178562726260093,0.5253359996311124,0.5059502967853808,0.44818656959971975,0.5176162232774351,0.4270033155549386,0.5064756045959053,0.41291525382082683,0.5063381492948056,0.4225683412910025,0.488047017052435,0.44022003430336637,0.4670286828181564,0.4494824785825108,0.47212854397064935,0.535764284448495,0.4831592871066559,0.47933848049876776,0.5698245614035088,0.45534436281204516,0.5644862155388471,0.4652080150241914,0.5267105263157894,0.46784415008982655,0.5232627022100707,0.469618862153187,0.5446344087874385,0.44365565712955907,0.5464121533780977,0.47944455430153327,0.5320152324156902,0.46823282815252626,0.5353549314462628,0.44001604574003655,0.5156241204615819,0.4690092791849417,0.5574313457440393,0.45277799838873956,0.5402517499556976,0.4857257622501933,0.5476036207944104,0.4582092575879218,0.5341490563530037,0.4667364207199652,0.5305470642093449,0.5133157989867707,0.5343565357631854,0.530703343503687,0.48960957080402817,0.5290566483548941,0.45724949383953956,0.4651106934001672,0.434157387302034,0.5190434579041966,0.46623946557701773,0.5348964918237364,0.45465100218788074,0.5413544225652929,0.5487310166549932,0.5404276012785646,0.5172737879647534,0.512161613183285,0.5136194726803602,0.5174717426124852,0.5329889538661471,0.5230265478511094,0.5420233243040262,0.5476838100761549,0.5787518037518038,0.4792569354986639,0.5562677484787019,0.4149779223484407,0.5595019157088122,0.5184167733946792,0.5546029258098223,0.5225441702992207,0.47151515151515144,0.5070298562839785,0.5536022897642088,0.5189258799197946,0.5602728397705908,0.469678270486318,0.5196610501567398,0.5294052180259079,0.5508521014218165,0.5335246027779763,0.5457531006322235,0.5357671957671957,0.4241451422891587,0.5584787708186723,0.5146574235826177,0.5429316209242318,0.4301586858392666,0.5424434760641657,0.4106203581737243,0.5572424707430865,0.377802211959804,0.5315955556257279,0.41187438147208244,0.5107073932169717,0.5065918121186319,0.4803715804107653,0.58936046286621,0.4491498922533403,0.5741382562545511,0.4573658397483615,0.5375709061053887,0.37523714966074706,0.5392880375765771,0.43363992704763493,0.5179550178366947,0.4404502322859318,0.5038231245127796,0.4538718081082556,0.5465996310866154,0.42153505590243123,0.5359055456038214,0.45275007422720215,0.5326896035708295,0.4933194161593504,0.5612902945922361,0.45322092515630347,0.5524196930600872,0.48269401440640874,0.5803607503607504,0.4440711018747806,0.5628684807256236,0.44677653198440476,0.5902380952380953,0.47394439753572876,0.5357709750566894,0.397995211798102,0.5513455382152862,0.4567426714370951,0.5335103485838781,0.4588620725890791,0.5468644049399628,0.42733172056701574,0.52515392015392,0.5114504255808602,0.5071475256769373,0.5017195767195768,0.4778475723622781,0.5283163265306122,0.45840283211800226,0.5551020408163264,0.42148286585406236,0.5532738095238096,0.507742181753338,0.5630385487528344,0.4619782611320387,0.5273214285714285,0.5087143699212662,0.5442852802349467,0.5415628991060024,0.5305411877394638,0.5330899044205496,0.4804187523464279,0.5433637168870761,0.4837080028734214,0.5397910490456128,0.4804292972618636,0.511990742434321,0.566883444242791,0.4792935115783954,0.566883444242791,0.4684335594688839,0.5116464302149419,0.4760321072341151,0.5307283147737372,0.44343872718270433,0.49858584840133546,0.49373520443393404,0.5731749625427787,0.43239442650513404,0.555792427559669,0.4679918347267849,0.556642412920524,0.4696240292461601,0.5658773982134361,0.5282424924846496,0.5658773982134361,0.497392750617241,0.55240791957599,0.45606446953836777,0.5272535632972448,0.42382669726732913,0.5272535632972448,0.49309559825047106,0.5387590803033817,0.46220989034711546,0.5384453482805042,0.5108274407345459,0.5201481686370125,0.4326930383660839,0.5396483037659507,0.4690554575932403,0.5468958272964357,0.42910004403558716,0.5330177232183196,0.46227354990617125,0.5553021208483392,0.46885049785756894,0.5404361744697878,0.47151423626804223,0.5567902160864344,0.462463918900893,0.5607563025210084,0.478461126386038,0.5532639668770732,0.4556921080173032,0.5140874590305331,0.5966183247492545,0.48055729765267724,0.5790594560404808,0.46130156514141923,0.5746385651034609,