{"min_species_distances":[-1.0,-1.0,-1.0,-1.0,-1.0,0.0,0.125,0.0,0.1111111111111111,0.09090909090909091,0.0,0.0,0.0,0.0,0.0,0.0,0.0,0.0625,0.0,0.0,0.0,0.0,0.0,0.0,0.0,0.0,0.07692307692307693,0.09090909090909091,0.06666666666666667,0.0,0.0,0.0,0.125,0.0,0.0,0.0,0.07142857142857142,0.0,0.0,0.0,0.07142857142857142,0.0,0.0,0.058823529411764705,0.0,0.0,0.0,0.0,0.06666666666666667,0.0,0.0,0.0,0.0,0.0,0.0,0.0,0.0,0.0,0.0,0.0,0.0,0.0,0.0,0.0,0.0,0.0,0.0,0.0,0.0,0.0,0.0,0.0,0.0,0.0,0.0,0.0,0.0,0.0,0.0,0.0,0.0,0.0,0.0,0.0,0.0,0.041666666666666664,0.0,0.0,0.0,0.06666666666666667,0.0,0.0,0.0,0.3157894736842105,0.0,0.13333333333333333,0.0,0.13333333333333333,0.0,0.0,0.0,0.045454545454545456,0.0,0.0,0.0,0.3157894736842105,0.0,0.05263157894736842,0.0,0.36363636363636365,0.0,0.07142857142857142,0.0,0.12,0.0,0.0,0.0,0.13333333333333333,0.0,0.0,0.0,0.0,0.0,0.0625,0.0,0.0,0.05263157894736842,0.0,0.0,0.391304347826087,0.0,0.391304347826087,0.0,0.391304347826087,0.0,0.0,0.0,0.0,0.0,0.1111111111111111,0.0,0.0,0.0,0.0,0.0,0.0,0.0,0.0,0.0,0.0,0.0,0.0,0.0,0.0,0.0,0.0,0.0,0.0,0.0,0.0,0.03333333333333333,0.0,0.0,0.0,0.0,0.05263157894736842,0.05263157894736842,0.0,0.0,0.0,0.0,0.05263157894736842,0.0,0.0,0.0,0.0,0.0,0.0,0.0,0.0,0.0,0.0,0.15384615384615385,0.0,0.0,0.0,0.0,0.0,0.28,0.0,0.28,0.0,0.0,0.0,0.28,0.0,0.28,0.0,0.28,0.0,0.28,0.0,0.28,0.0,0.28,0.0,0.28,0.0,0.28,0.0,0.28,0.0,0.28,0.0,0.28,0.0,0.28,0.0,0.0,0.058823529411764705,0.0,0.03225806451612903,0.0,0.0,0.0,0.0,0.0,0.0,0.0,0.0,0.0,0.28,0.0,0.0,0.0,0.0,0.0,0.0,0.0,0.0,0.0,0.0,0.0,0.0,0.0,0.2647058823529412,0.0,0.0,0.0,0.05,0.0,0.041666666666666664,0.0,0.0,0.0,0.0,0.0,0.0,0.11538461538461539,0.0,0.0,0.0,0.0,0.0,0.0,0.0,0.037037037037037035,0.0,0.0,0.0,0.0,0.0,0.0,0.0,0.0,0.0,0.0,0.0,0.0,0.0,0.0,0.0,0.0,0.0,0.0,0.04,0.0,0.04,0.0,0.038461538461538464,0.0,0.0,0.0,0.0,0.0,0.0,0.0,0.038461538461538464,0.0,0.0],"total_num_species":[1,1,1,1,1,14,5,44,17,13,11,5,20,8,22,10,11,6,8,6,7,16,8,23,8,31,11,8,14,9,23,11,7,13,8,18,7,27,9,23,10,8,16,8,15,9,15,11,5,13,6,25,9,13,8,22,8,13,7,16,6,15,6,15,6,17,8,12,7,17,8,10,8,8,8,21,8,14,10,10,10,10,9,12,10,10,10,9,18,9,18,10,12,6,14,8,22,9,24,9,19,9,16,9,12,8,17,10,12,6,27,7,17,7,25,8,12,8,9,11,9,8,22,9,13,10,9,20,11,7,14,7,23,7,22,9,15,10,11,7,29,6,34,8,27,7,19,8,16,8,21,11,5,32,7,23,8,21,10,11,4,14,4,8,5,5,4,6,22,5,43,5,36,7,50,8,58,9,51,11,4,22,5,26,5,18,6,19,4,13,4,16,5,11,4,15,4,14,4,14,4,15,4,17,4,17,4,12,4,11,4,11,4,15,4,11,4,9,23,7,61,9,52,10,12,5,16,6,28,5,28,4,27,7,24,7,24,9,16,7,17,9,16,8,27,6,26,8,18,8,24,8,26,8,25,10,10,12,6,25,7,21,6,18,7,11,9,13,8,19,7,24,9,17,10,10,10,8,19,9,19,8,12,8,16,8,13,7,16,8,13,7,13,8,15,7,13,7,14,11],"avg_species_distances":[-1.0,-1.0,-1.0,-1.0,-1.0,0.11616954474097331,0.2375,0.2437602771905111,0.31141748366013017,0.34778554778554766,0.3680440771349863,0.395944055944056,0.39068273831431705,0.33603896103896114,0.4076606654528731,0.3745791245791246,0.32944903581267226,0.4031746031746032,0.4628652597402597,0.4807359307359306,0.4894345617034692,0.43998132586367894,0.4496173469387754,0.44935376824472373,0.49627976190476186,0.46273037736035894,0.47981740481740465,0.4587707431457432,0.47035630282236623,0.4627587145969499,0.4649114319249173,0.4501334776334779,0.49725829725829723,0.4495386024232179,0.4426367283510141,0.44290989778302353,0.4597532097532098,0.4416568746319876,0.4301515573445397,0.47470277168006564,0.5165415075502794,0.5160128736809408,0.4700295096773424,0.49417885744041207,0.5000973679047542,0.4768229455729456,0.4758256029684602,0.4769809765398002,0.4716133470932233,0.4316554695513977,0.23875457875457876,0.48416758399266174,0.35954034391534384,0.4648742096110514,0.3994633838383839,0.4570431720124138,0.4841747225205871,0.4716847480005376,0.526643990929705,0.4503251499962025,0.5531404268246374,0.4208763250116636,0.43915343915343913,0.48571444428587285,0.5145157579940188,0.4922131363947223,0.5245245265431601,0.3869089044926365,0.35816326530612247,0.4961373842128319,0.5453148473334808,0.5266390614216702,0.5412979618724961,0.5319028089704781,0.5288497217068647,0.44343917233227576,0.5204664383235812,0.4670027045206214,0.5050547198373286,0.51532061294075,0.5101880723734269,0.5173022671878506,0.5221824908170463,0.5031029503003074,0.5155268780394041,0.5338058040969303,0.5312514243203283,0.5248881731973518,0.41290484776326175,0.5224809541298225,0.40458997084190573,0.4970703462897715,0.4876283814498916,0.557926942961268,0.47404517558162534,0.533095419708692,0.4304833596214223,0.5099573275647519,0.4431216273197178,0.5060162391779476,0.4520824967866205,0.5134980255498944,0.4646414167096851,0.5143345481255475,0.47658250388504886,0.5498357498929581,0.4238978598570239,0.5317208418988232,0.5014432866211523,0.5789528828659262,0.4583010363525657,0.5372358605277859,0.48388368124952,0.5562062506161884,0.44716601274375584,0.5483911318150448,0.4856086747391097,0.5731607170685011,0.5353921401957867,0.5105095563198329,0.5447428491374261,0.5564848075742687,0.4590700777740143,0.5365071217698029,0.5116448474929596,0.5164175749173843,0.5267501471711045,0.4723318724241576,0.5291315954576826,0.5713402510762758,0.48040315086951846,0.5736851284211532,0.4413860435130158,0.5736851284211532,0.46674295458509574,0.5399446065206934,0.504128488282047,0.5156257188865886,0.513785583103765,0.5607220160791588,0.46329535292640983,0.487037037037037,0.47851800470965256,0.5440988895558222,0.4720438610868865,0.5347694633408918,0.4780635706074302,0.559547652394291,0.46068699684102155,0.5401160801702597,0.4814253912391172,0.535603053637109,0.5029411764705882,0.5057396656604239,0.4671002904085612,0.49523115864009704,0.5544538926681783,0.48965692787836324,0.39644033455285727,0.47735791411653483,0.5445083014048531,0.4233922560601328,0.3453216374269006,0.4549289891395153,0.5095614035087719,0.45280701754385966,0.5295321637426901,0.4550877192982457,0.361940800678689,0.46457735247208926,0.3735470360434103,0.47855263157894734,0.40400528788666323,0.43864461879336014,0.38735104935779224,0.4147243107769422,0.39738718785546456,0.40091190947588407,0.429516250241395,0.37623774646955643,0.514821536600121,0.3700204583313417,0.49112020103308673,0.3795735878103455,0.42885662431941923,0.4006220787366671,0.4465687561077761,0.34837940659063366,0.553502722323049,0.35759506383719053,0.553502722323049,0.3215460471948407,0.47527404718693295,0.3503379347009112,0.553502722323049,0.2836919885921702,0.553502722323049,0.31218653984000416,0.553502722323049,0.312967948033604,0.553502722323049,0.2959098761101539,0.553502722323049,0.2751985694459269,0.553502722323049,0.2688474478613906,0.553502722323049,0.31185858801530847,0.553502722323049,0.340729545912849,0.553502722323049,0.33944585601935867,0.5598245614035088,0.29339443847714525,0.5598245614035088,0.35412587618779545,0.5598245614035088,0.3931293511556669,0.438139696489456,0.4812722983930414,0.3927368433728457,0.43950933122114927,0.43317350590534054,0.41769525262431456,0.40277322675828536,0.5237894736842105,0.3968089378526423,0.4912219679633868,0.3848641906122564,0.5237894736842106,0.4044879877537928,0.5598245614035088,0.39644731226606295,0.478792088917947,0.36338002575752537,0.47119029457702216,0.3766861057219291,0.4416925163149419,0.4052753305364864,0.4828990501616359,0.39955559855521205,0.4471160642448416,0.4209120184791207,0.46896802797866194,0.3764137359335492,0.4984955009992026,0.38974496555136867,0.4793433747768114,0.3930204288998035,0.4810164709158518,0.38498100315014416,0.46743176778427153,0.3836314508617352,0.4696885186823267,0.3974113603855582,0.45952405173595406,0.45763796396751333,0.42491283053203593,0.4933501362758329,0.3812193482656169,0.4308485490071168,0.38120293217294526,0.5026868096166343,0.3572978091099174,0.5039240257506511,0.3950076390639004,0.44844822956923064,0.42774257513871194,0.4670027605485863,0.377293030278346,0.5047764097149896,0.3951556245044368,0.4144047619047619,0.4421651203282509,0.4852606981294686,0.47981324278438015,0.44026215816254133,0.3708226144864075,0.44027873857595223,0.3700742210464432,0.41407568065462785,0.4453401360544217,