{"min_species_distances":[-1.0,-1.0,-1.0,-1.0,0.25,0.0,0.125,0.0,0.09090909090909091,0.1,0.0,0.0,0.0,0.08333333333333333,0.0,0.0,0.0,0.0,0.0,0.0,0.0,0.0,0.0,0.0,0.0,0.0,0.0,0.0,0.0,0.0,0.0,0.0,0.0,0.0,0.0,0.0,0.0,0.0,0.0,0.0,0.0,0.0,0.0,0.0,0.0,0.0,0.0,0.0,0.0,0.0,0.0,0.0,0.0,0.0,0.0,0.06666666666666667,0.06666666666666667,0.0,0.06666666666666667,0.0,0.125,0.0,0.07692307692307693,0.0,0.0,0.0,0.05263157894736842,0.0,0.0,0.14285714285714285,0.0,0.14285714285714285,0.0,0.125,0.0,0.0,0.0,0.3181818181818182,0.0,0.0,0.0,0.0,0.0,0.125,0.0,0.0,0.0,0.125,0.0,0.0,0.0,0.07142857142857142,0.0,0.0,0.0,0.0,0.0,0.07142857142857142,0.0,0.05,0.0,0.0,0.05,0.0,0.05,0.0,0.05,0.0,0.06666666666666667,0.0,0.0,0.0,0.0,0.0,0.0,0.0,0.0,0.0,0.0,0.0,0.0,0.0,0.0,0.0,0.0,0.0,0.0,0.0,0.0,0.0,0.0,0.0,0.0,0.0,0.0,0.2692307692307692,0.0,0.0,0.0,0.0,0.0,0.0,0.0,0.0,0.0,0.2692307692307692,0.0,0.2692307692307692,0.0,0.25925925925925924,0.08695652173913043,0.0,0.08695652173913043,0.0,0.0,0.0,0.0,0.0,0.25925925925925924,0.0,0.2857142857142857,0.0,0.3103448275862069,0.0,0.2857142857142857,0.0,0.03571428571428571,0.0,0.0,0.0,0.0,0.0,0.16129032258064516,0.0,0.047619047619047616,0.0,0.0,0.0,0.09090909090909091,0.0,0.047619047619047616,0.0,0.0,0.3548387096774194,0.0,0.0,0.0,0.3548387096774194,0.0,0.4666666666666667,0.0,0.375,0.0,0.047619047619047616,0.0,0.0,0.0,0.0,0.0,0.030303030303030304,0.0,0.3939393939393939,0.0,0.0,0.0,0.3939393939393939,0.0,0.0,0.0,0.4666666666666667,0.0,0.3548387096774194,0.0,0.0,0.0,0.047619047619047616,0.0,0.0,0.0,0.3548387096774194,0.0,0.0,0.0,0.047619047619047616,0.038461538461538464,0.0,0.0,0.1875,0.0,0.1875,0.0,0.375,0.0,0.375,0.0,0.375,0.0,0.375,0.0,0.375,0.0,0.375,0.030303030303030304,0.11764705882352941,0.03225806451612903,0.0,0.0,0.0,0.0,0.0,0.09090909090909091,0.0,0.2,0.0,0.16666666666666666,0.0,0.16666666666666666,0.0,0.0,0.2,0.0,0.11764705882352941,0.0,0.2,0.0,0.11764705882352941,0.0,0.2,0.0,0.14285714285714285,0.0,0.2,0.0,0.2,0.0,0.14285714285714285,0.0,0.14285714285714285,0.0,0.14285714285714285,0.0,0.14285714285714285,0.0,0.2,0.0,0.2,0.0,0.2,0.0,0.047619047619047616,0.0,0.0,0.1891891891891892,0.0,0.03571428571428571,0.0,0.4117647058823529,0.0,0.02857142857142857,0.0],"total_num_species":[1,1,1,1,3,11,8,53,16,10,9,49,16,11,8,24,8,18,8,36,10,10,12,6,23,6,13,7,33,7,17,7,26,9,16,7,24,8,21,8,22,7,25,7,25,7,23,8,13,9,9,9,9,9,83,13,7,39,8,32,9,35,9,32,9,47,11,8,14,8,22,9,18,10,11,7,20,7,17,9,23,8,20,8,18,7,14,7,22,7,20,7,14,8,21,7,14,7,15,9,14,10,8,19,8,12,8,16,10,11,5,24,6,13,7,15,7,18,9,12,7,22,9,11,7,21,8,19,8,8,8,7,14,7,15,6,17,7,20,8,12,7,15,8,14,6,15,6,11,6,7,34,8,57,8,62,10,11,6,18,6,22,6,35,6,29,7,34,8,39,7,30,8,37,8,28,9,35,9,33,9,28,11,6,22,7,23,6,35,5,27,6,20,7,17,7,19,7,13,7,16,6,19,6,20,6,19,7,16,5,15,6,21,7,18,7,15,7,14,6,21,7,11,7,10,8,11,8,12,7,15,6,14,6,16,6,12,6,15,6,19,6,13,7,8,28,9,45,9,60,8,64,7,62,8,50,9,66,12,7,25,8,19,7,18,8,23,7,25,8,24,7,24,7,26,8,20,8,16,8,25,8,25,7,29,7,35,8,23,9,24,10,9,19,10,11,6,15,7,13],"avg_species_distances":[-1.0,-1.0,-1.0,-1.0,0.25,0.22619047619047608,0.30228174603174607,0.27026668300253304,0.31122474747474727,0.3482042648709317,0.3842592592592593,0.3534236573139658,0.401619769119769,0.4425931644113463,0.4250333000333,0.4057951106864147,0.47678333571190706,0.3893148518148517,0.46007563864706713,0.42598737435922424,0.47942057942057964,0.4850286967934028,0.4768909788963266,0.45833333333333326,0.43415474125192816,0.524096459096459,0.46912921480229175,0.4836754877389552,0.4529214878939149,0.48534080298786186,0.4824389314549351,0.41906762705082035,0.47405678484411656,0.4242193173565722,0.48158467553688145,0.4964819261037748,0.4733859727465869,0.4645320678878839,0.4889358820451257,0.5351852279373286,0.48689472046946697,0.46727665425144405,0.4239816490698853,0.43973486830629677,0.49528260192966117,0.3432150638032991,0.4792521417201738,0.5111694677871147,0.48515708577628075,0.48672293478795037,0.5117880485527544,0.537283431891275,0.5425485008818342,0.5366609606805687,0.5058926968777574,0.5357358279482595,0.5689164554710772,0.5084917671128661,0.5574800095476786,0.5216510188765784,0.5511044125627458,0.5162313085618753,0.5372810876487348,0.5101708041879838,0.5341217627401839,0.5196705357496303,0.5027379053694843,0.5675968852453261,0.5207348643051871,0.5557364393125671,0.4520558624590426,0.5571080494487357,0.45645051121740254,0.554484764843382,0.5401750964268556,0.514003262123563,0.4935230486586313,0.5972755662605286,0.5062627323656737,0.5438399238837837,0.4780367972712027,0.5679638083303497,0.49787280292535335,0.5607515813342879,0.47829731221493527,0.5675150177029876,0.5186241226551035,0.5869336038508971,0.4798244988094613,0.5675150177029876,0.4878536802532646,0.5768090862075824,0.46971480900052337,0.5242309643155508,0.42316639813820256,0.5618999646642283,0.4543137902934452,0.5797274465341692,0.4609068422690713,0.5262695819068368,0.49297802791832007,0.5062427856132706,0.5518895277409209,0.4174814309543547,0.5347976910062269,0.503389151320477,0.5556273625877783,0.45537717399559485,0.5233936693585818,0.5219679093529728,0.578421052631579,0.48886764157157275,0.5287552213868004,0.4865048933059431,0.47938099216294705,0.516768490490295,0.4835382106058797,0.5236951310738717,0.5248126102292769,0.5221882483737591,0.4025041900818298,0.5061222495377737,0.5386800334168758,0.5178385939696529,0.5169608804620248,0.44308909712325845,0.5471458148476781,0.4394915587978339,0.5467162082224194,0.5218703785862171,0.5235698824984539,0.5207137927634823,0.3926284895228996,0.5225278517203983,0.4658572271222375,0.590467696554653,0.4591635660209831,0.5149314798383122,0.4379098719739451,0.5120463904625395,0.5030751374229637,0.5535178417165996,0.46923316848782753,0.5236548648039332,0.41176500677217376,0.5932815493685059,0.3947788205966261,0.5903829986438682,0.45910257360850265,0.5909527992136688,0.5675187131708871,0.5038806320136237,0.5496727392690126,0.49704115868988885,0.5282646701124963,0.48758519378206494,0.5159015273508027,0.5102534967594256,0.5902312984921683,0.4985968681335707,0.5970923520923522,0.49185354194213415,0.6007145669589449,0.47213861200428364,0.595624254972081,0.4943377278348949,0.5594217089558704,0.4843747731288398,0.49742679680567886,0.4804283608722149,0.5599218548493912,0.4710897847390117,0.552929247160156,0.4995074479801908,0.5559750505081412,0.47239903782822756,0.5329428638564393,0.4746514521916583,0.5415122164747354,0.4627720596665977,0.5203064913751237,0.4756246773955292,0.5194271666475564,0.5808832441604764,0.4504659212701192,0.5544461512203447,0.46655400377639566,0.5808832441604764,0.462904474032712,0.6035829307568438,0.4756457447411442,0.5836386205045625,0.4248739495095757,0.5585919271090078,0.4311939050508969,0.5573743386243386,0.4213677535455618,0.5573743386243386,0.4855779210106134,0.5496408616879632,0.46058741832879757,0.5862270043429464,0.429353166662604,0.5740740740740741,0.43897077532603807,0.5862270043429464,0.43239371120093,0.5601250601250601,0.44305594305570867,0.6035829307568438,0.4210010052882025,0.5830337817948851,0.44728207234832495,0.5559822495306366,0.394636839770985,0.5579033883565374,0.4327402158631039,0.5435142515787676,0.4089858468890728,0.5802747909199523,0.4064866532312767,0.554615406497127,0.47589237077140323,0.5530163200286088,0.5012056218373423,0.52817140296979,0.45838626128948706,0.5331130935969646,0.42044262065095395,0.5507671957671958,0.3597175110831023,0.5752407407407407,0.3847303382446065,0.5752407407407407,0.34957305069233857,0.5752407407407407,0.4254335364953645,0.5752407407407407,0.38310340983190444,0.5752407407407407,0.3365395399035279,0.5752407407407407,0.416854149397859,0.5551439464674759,0.518142853263821,0.378684859116806,0.4767913920991028,0.4528717224897019,0.4798984323289878,0.47197378399942685,0.5131499865874866,0.48198872126293024,0.5400102212602212,0.4798686850596791,0.5279845650381365,0.4652173874632894,0.5101567927956816,0.46912543713064186,0.5039913694280895,0.5456351564194702,0.4483137826226065,0.5195788416376651,0.39241512465798684,0.5456351564194702,0.4525704306942293,