{"min_species_distances":[-1.0,-1.0,-1.0,-1.0,0.0,0.1,0.1,0.09090909090909091,0.0,0.1,0.0,0.07692307692307693,0.09090909090909091,0.07692307692307693,0.25,0.0,0.0,0.0,0.0,0.0,0.0,0.0,0.0,0.0,0.0,0.0,0.0,0.0,0.0,0.0,0.0,0.0,0.0,0.0,0.5,0.0,0.0,0.0,0.058823529411764705,0.0,0.0,0.0,0.09090909090909091,0.0,0.0,0.0,0.0,0.0,0.0,0.0,0.0,0.0,0.0,0.0,0.0,0.0,0.0,0.0,0.0,0.0,0.0,0.0,0.0,0.0,0.0,0.0,0.0,0.0,0.05263157894736842,0.0,0.0,0.0,0.0,0.0,0.0,0.0,0.0,0.0,0.0,0.0,0.0,0.0,0.0,0.0,0.0,0.0,0.0,0.0,0.0,0.0,0.0,0.0,0.0,0.0,0.0,0.0,0.0,0.0,0.0,0.0,0.0,0.0,0.0,0.0,0.0,0.0,0.0,0.047619047619047616,0.0,0.0,0.0,0.0,0.0,0.0,0.0,0.0,0.0,0.06666666666666667,0.0,0.0,0.0,0.35714285714285715,0.0,0.06666666666666667,0.0,0.26666666666666666,0.0,0.05555555555555555,0.0,0.0,0.0,0.0,0.05263157894736842,0.0,0.47368421052631576,0.0,0.0,0.0,0.0,0.0,0.0,0.0,0.0,0.0,0.05,0.0,0.0,0.0,0.0,0.0,0.0,0.0,0.04,0.0,0.0,0.0,0.034482758620689655,0.0,0.0,0.0,0.0,0.0,0.0,0.0,0.0,0.0,0.0,0.0,0.0,0.0,0.07407407407407407,0.0,0.0,0.0,0.0,0.0,0.0,0.0,0.0,0.0,0.0,0.0,0.0,0.0,0.0,0.0,0.0,0.0,0.0,0.0,0.0,0.0,0.038461538461538464,0.0,0.0,0.5,0.0,0.5,0.09090909090909091,0.0,0.0,0.0,0.0,0.0,0.0,0.045454545454545456,0.07692307692307693,0.0,0.0,0.0,0.0,0.0,0.0,0.0,0.0,0.0,0.0,0.0,0.0,0.0,0.0,0.0,0.0,0.0,0.0,0.0,0.0,0.0,0.0,0.0,0.0,0.0,0.0,0.0,0.0,0.05,0.0,0.0,0.0,0.0,0.0,0.047619047619047616,0.0,0.047619047619047616,0.0,0.0,0.0,0.09090909090909091,0.0,0.0,0.0,0.0,0.0,0.36363636363636365,0.0,0.0,0.0,0.0,0.0,0.0,0.0,0.0,0.0,0.0,0.0,0.0,0.0,0.09090909090909091,0.0,0.0,0.0,0.0,0.0,0.0,0.0,0.0,0.05263157894736842,0.2,0.0,0.0,0.0,0.0,0.0,0.0,0.0,0.0,0.0,0.0,0.0,0.0,0.0,0.0,0.0,0.0,0.0,0.0,0.0,0.0,0.0,0.0],"total_num_species":[1,1,1,1,7,17,12,10,12,6,25,10,10,13,5,23,7,18,8,24,8,18,9,25,9,19,10,11,5,16,7,14,6,17,3,15,4,12,5,11,4,14,4,23,4,18,5,13,6,16,6,17,6,12,7,17,7,20,8,15,7,11,7,11,7,22,7,24,6,20,7,13,7,16,8,14,9,19,7,20,8,11,6,13,7,10,12,6,18,7,15,7,13,7,15,7,11,7,14,6,22,8,12,8,10,10,8,7,7,21,8,21,8,27,9,31,12,7,19,7,13,6,17,7,23,7,18,8,23,9,18,10,10,12,5,29,6,28,7,24,7,15,9,19,7,13,8,17,9,18,10,11,5,16,4,19,5,19,7,17,5,25,5,15,5,13,5,18,4,16,6,13,7,16,5,10,9,8,8,11,8,14,6,15,7,16,7,11,7,16,8,16,9,15,12,5,15,5,7,9,42,8,79,9,73,10,10,21,9,33,8,19,10,12,7,20,8,22,9,13,9,24,10,9,22,8,24,8,27,8,19,9,20,8,17,8,17,8,15,8,23,9,17,8,20,9,19,10,11,6,28,9,14,7,13,10,8,11,9,18,10,8,19,8,16,10,8,9,10,10,9,17,10,9,22,10,12,9,27,10,12,9,24,10,9,18,8,31,10,10,11,5,22,6,28,6,16,4,19,3],"avg_species_distances":[-1.0,-1.0,-1.0,-1.0,0.15495086923658355,0.24549194677871125,0.29982399755127015,0.3405611672278341,0.3617068957978048,0.37777259777259775,0.37410894660894606,0.4292400192400194,0.45039405039405056,0.43501263693571385,0.44988344988344975,0.4248510711949441,0.4594072594072594,0.4093083387201035,0.45054945054945056,0.39938835319270116,0.47508373978962215,0.4397267220796631,0.49163429163429156,0.41881997659203546,0.47096435699376865,0.4278904517681609,0.4849096546155367,0.49280868559154545,0.45678733031674207,0.46194696568051796,0.5253306878306878,0.44261204481792726,0.4261111111111111,0.47307117224880385,0.5625,0.47950258891435366,0.4848039215686275,0.3843522119591638,0.508235294117647,0.4873285181841333,0.4931372549019608,0.4612965573534419,0.5377302436125965,0.46043310070280635,0.3636363636363636,0.39056015751517476,0.5195187165775401,0.4826950324687884,0.4799253034547152,0.4529114132055307,0.4790660225442834,0.3701160088929012,0.21714285714285714,0.48639608516381366,0.46268285091814493,0.4226822535570844,0.47625813610468354,0.4773291750650752,0.5243859862785694,0.44527242956910446,0.46911723753829015,0.4551032900252788,0.5303118908382066,0.44540935672514625,0.41989895373354,0.4628204464328871,0.42202222728538513,0.42657917713695775,0.4670793144477354,0.5027962205959112,0.5263375830881551,0.49068008444943434,0.5065655480693075,0.4427580927489226,0.4667626859356183,0.46051007815713674,0.5117278043593835,0.3096921718406153,0.33741171109592166,0.45996857743908065,0.523105441469286,0.47081859787809444,0.52982844462936,0.4374995881759916,0.4133050016345211,0.4483551995931861,0.47235263812629547,0.5508901601830662,0.45336268413937003,0.4843325705568269,0.467365616480706,0.45427928796349853,0.3871514472443005,0.4833518579056337,0.44395765705605533,0.4365609676364825,0.4738434459006542,0.5156369183829139,0.4294629195834968,0.368421052631579,0.42752725916341455,0.45327382000150884,0.44365751334858883,0.3919491663942466,0.5012637250875237,0.47407254200160376,0.4645901438378556,0.5141922031970683,0.5372719522591646,0.4555539691502422,0.551292403248925,0.4597931757341796,0.5471889201024539,0.44355426261145786,0.534599126718692,0.4281858334246325,0.4881126234558727,0.5526724160297223,0.45198120148938764,0.5646992870374694,0.4830116089097783,0.5882852720035383,0.4622159754499459,0.5555629152245692,0.4493112476138679,0.5539099886468307,0.4730435829787804,0.5184184166244094,0.4496833987282359,0.5402326328642116,0.46498839160619104,0.5117874993752185,0.5130283518415613,0.4953016133047092,0.5941801619433198,0.469194773725955,0.5279427200479831,0.4751002317339512,0.47426436461524185,0.4998692045859401,0.5173708079723118,0.47770002737937284,0.5118266737848781,0.48192110536632865,0.5455944366050514,0.4844604937722347,0.4404829036877909,0.48962418509119937,0.5399801587301587,0.44972665708870424,0.4767757356353849,0.4848979030648721,0.5243122605363985,0.4383036758563075,0.5305263157894737,0.5135160889177518,0.5510689655172414,0.4814288488139865,0.4591060985797829,0.5163056269555151,0.5103157894736843,0.49061345029239706,0.5526666666666668,0.39370975056689367,0.4863157894736843,0.4225358267463537,0.5489824561403509,0.47646950458096016,0.5185964912280702,0.4404655023339242,0.5348278924510811,0.4756163135110503,0.4909511874925409,0.471141459269606,0.5397101449275363,0.5313438018592284,0.5181223205136248,0.5363146997929606,0.5347469122581565,0.4839169960474308,0.5373193807231723,0.44007699557715874,0.5337921727395413,0.4731891881319801,0.5597774197398258,0.4289426073545069,0.5596073517126149,0.48832959934686576,0.5568914961396164,0.41331985412248573,0.4894373984411578,0.45903271801298123,0.5124250167903419,0.4487612795514266,0.45631082367924486,0.6023917486022748,0.4669906043089002,0.6023917486022748,0.5381572182574689,0.5384495828245828,0.4897331049256566,0.5440855572998429,0.4870178182987825,0.5191931216931217,0.49110271391350596,0.5323352123548203,0.5279225419944374,0.4413991666506585,0.5451463816986694,0.4059050922206157,0.5402391725921136,0.4793629161611621,0.5268176147261114,0.49367724456381956,0.5492868534973796,0.47573379432594093,0.542387875282612,0.42994486561572753,0.5169268596900175,0.5174455610988465,0.5169268596900176,0.47549146069785464,0.48934077618288135,0.5184583691162639,0.4703726796567656,0.5274677953625321,0.44930664195574443,0.521175026346651,0.4488343804697517,0.5367678431408408,0.47546204253076096,0.5121567461269977,0.46700294425649586,0.5373491039852596,0.382142167147304,0.5222907184348832,0.40478354177229026,0.5381761716544325,0.434587111119965,0.5381761716544327,0.37993107684336963,0.4947417894843525,0.39231392289677375,0.5235929494935706,0.42015179603406777,0.5160276005670742,0.40099840090144767,0.506969622969623,0.48886913086913075,0.5415757575757575,0.4739650907692692,0.4948795648795649,0.44079283354008675,0.534193342888995,0.4434850619466003,0.5147041107041107,0.5318111055611056,0.46349729058819944,0.4927707960316656,0.44975087430330407,0.5210435570870354,0.49176484230055645,0.37563222945373975,0.5210185647685647,0.4583961780972653,0.49866252266252264,0.523704747633319,0.5119567007067006,0.4975216395804632,0.4912962745315687,0.50953764372882,0.45323496836688915,0.48430148917105453,0.5052699373895025,0.46265835702453467,0.49239921806588477,0.46532920636675584,0.5087115589089273,0.3818653601037378,0.4878629325585848,0.45755288848174214,0.4578995078995079,0.4537889971821926,0.5224208754208755,0.4801608679386456,0.4711846465029187,0.516048766048766,0.43863483788214946,0.4967178999207984,0.495087743532188,