{"min_species_distances":[-1.0,-1.0,-1.0,-1.0,0.25,0.0,0.0,0.1111111111111111,0.09090909090909091,0.09090909090909091,0.0,0.0,0.0,0.0,0.0,0.0,0.23076923076923078,0.0,0.0,0.0,0.0,0.0,0.0,0.0,0.07142857142857142,0.0,0.0,0.0,0.09090909090909091,0.0,0.0,0.0,0.0,0.0,0.0,0.0,0.0,0.0,0.0,0.0,0.0,0.0,0.0,0.0,0.0,0.0,0.0,0.0,0.0,0.0,0.0,0.0,0.0,0.0,0.0,0.0,0.0,0.0,0.0,0.0,0.0,0.0,0.0,0.0,0.0,0.0,0.0,0.0,0.0,0.0,0.08333333333333333,0.0,0.0,0.0,0.0,0.0,0.0,0.0,0.0,0.0,0.0,0.0,0.0,0.0,0.0,0.0,0.6521739130434783,0.0,0.0,0.0,0.0,0.0,0.05263157894736842,0.0,0.05263157894736842,0.0,0.0,0.0,0.0,0.0,0.05,0.0,0.48,0.0,0.0,0.0,0.0,0.0,0.0,0.0,0.0,0.0,0.0,0.0,0.0,0.0,0.0,0.0,0.0,0.0,0.0,0.0,0.0,0.0,0.0,0.0,0.0,0.0,0.0,0.0,0.0,0.0,0.0,0.08333333333333333,0.0,0.25,0.0,0.0,0.0,0.0,0.0,0.0,0.0,0.08333333333333333,0.0,0.08333333333333333,0.0,0.0,0.0,0.0,0.0,0.0,0.0,0.09090909090909091,0.0,0.0,0.0,0.0,0.0,0.0,0.0,0.0,0.0,0.0,0.0,0.0,0.0,0.0,0.0,0.0,0.0,0.0,0.0,0.0,0.041666666666666664,0.0,0.0,0.0,0.0,0.0,0.0,0.0,0.0,0.0,0.6,0.0,0.045454545454545456,0.0,0.0,0.0,0.0,0.0,0.0,0.0,0.0,0.0,0.045454545454545456,0.0,0.045454545454545456,0.0,0.0,0.0,0.0,0.0,0.0,0.0,0.0,0.0,0.0,0.0,0.0,0.0,0.0,0.4838709677419355,0.0,0.15384615384615385,0.0,0.0,0.0,0.2,0.0,0.0,0.0,0.0,0.15384615384615385,0.0,0.35294117647058826,0.0,0.0,0.0,0.0,0.0,0.0,0.0,0.0,0.0,0.0,0.0,0.08695652173913043,0.0,0.4838709677419355,0.0,0.0,0.0,0.0,0.0,0.043478260869565216,0.0,0.0,0.0,0.0,0.0,0.0,0.0,0.26666666666666666,0.0,0.1875,0.0,0.3125,0.0,0.16666666666666666,0.0,0.21052631578947367,0.0,0.0,0.0,0.0,0.0,0.0,0.0,0.0,0.0,0.0,0.0,0.0,0.41935483870967744,0.0,0.0,0.0,0.41935483870967744,0.0,0.0,0.0,0.034482758620689655,0.0,0.0,0.0,0.0,0.0,0.0,0.0,0.0,0.0,0.0,0.0,0.0,0.0,0.0,0.0,0.0],"total_num_species":[1,1,1,1,2,10,31,20,13,8,32,13,7,34,7,15,6,23,8,26,8,27,8,25,9,21,9,20,10,9,16,8,21,12,5,13,6,20,6,25,7,15,7,13,6,14,5,18,7,19,6,23,8,20,9,11,8,20,8,12,8,14,7,11,7,11,8,16,6,15,7,20,7,23,8,15,9,15,9,18,8,14,9,19,10,11,2,12,3,10,5,19,4,20,4,16,5,11,4,17,4,18,5,16,4,11,4,18,7,22,6,18,6,21,7,20,8,23,9,13,8,12,8,10,7,7,7,10,10,10,14,7,18,7,16,7,16,8,23,8,28,9,31,8,32,9,40,12,8,18,9,28,11,6,17,7,17,8,21,9,19,10,8,22,9,24,9,23,9,19,8,25,8,20,9,27,10,11,6,24,5,26,6,29,3,19,4,15,5,20,4,15,5,18,6,17,6,18,6,13,6,15,6,13,7,8,7,7,12,7,14,7,17,5,22,7,20,7,18,7,28,8,23,10,10,12,7,20,7,21,9,18,8,19,9,19,10,12,6,17,5,15,6,15,8,21,7,19,7,9,8,12,8,23,7,16,8,23,7,25,9,19,9,27,10,14,9,21,9,27,9,31,9,34,12,6,21,6,26,6,24,9,20,9,19,9,16,9,23,10,14,6,24,9,18,8,26,8,23,8],"avg_species_distances":[-1.0,-1.0,-1.0,-1.0,0.25,0.21547619047619043,0.26749018603857333,0.32408958001063237,0.3664076664076661,0.3839826839826839,0.36852481076271654,0.40609668109668096,0.41609977324263037,0.4115446348066681,0.4265099979385693,0.4260894660894661,0.4817715617715617,0.42863135437246086,0.4463411588411588,0.3943668297514455,0.45387548958977514,0.41537333353572764,0.43159340659340656,0.392886446886447,0.4773453398453398,0.3978466242751957,0.4384157509157507,0.4215144504618187,0.4793288193288194,0.4815850815850815,0.43144161394161384,0.4938603063603063,0.4234658991801846,0.4840677444955519,0.475,0.4349982596588931,0.0,0.4460954989283159,0.4544117647058823,0.3866170904259145,0.4726890756302521,0.43304614153353616,0.4798884466067128,0.45366691712845564,0.4557692307692307,0.45606771308128746,0.4078947368421053,0.4451078908714127,0.3742628630399528,0.45399710798317616,0.5201168929110105,0.44648710222352905,0.4219333566760036,0.46347993636367485,0.4587800519818064,0.4787807222017747,0.49059894783579006,0.44508178686502825,0.5245930474078969,0.47113960067098265,0.4770377648667123,0.48113587899038507,0.5091399132752515,0.5052765257071479,0.48247354497354483,0.5064292525656166,0.4873093176664604,0.38399898336527616,0.5089181286549708,0.4557639472588613,0.535923141186299,0.4642661898554441,0.488142287954318,0.4470668179992605,0.4499168985776128,0.4142016508889577,0.45586251529878985,0.47554888781669036,0.41159786268481935,0.4772782348367174,0.44333826648068125,0.49717996179498447,0.5161769917961868,0.47259764478275207,0.43964377173871494,0.4881039497138566,0.6521739130434783,0.4404793549530391,0.0,0.5167839082408116,0.4879830917874396,0.45031377175883247,0.50682261208577,0.404646707348081,0.49658869395711497,0.42284255021612005,0.431906432748538,0.45183413078149925,0.3157894736842105,0.44894097990073245,0.4948343079922028,0.48224941438563695,0.5904269005847953,0.45251291423001944,0.5052631578947367,0.4269300290352923,0.325,0.46996610010025924,0.5047015687366565,0.426652128155887,0.46812698412698406,0.4563629914403903,0.4124291497975709,0.5005060402328565,0.427437641723356,0.48490072459601574,0.47756132756132763,0.4817607309286115,0.4430850203511021,0.49810176968834513,0.5153001551497791,0.4837142904839321,0.45734250221827855,0.4999102695009129,0.5463814528269142,0.5459484921182644,0.543315587104407,0.5278178879628155,0.526489674576631,0.5259017850998526,0.4446310832025118,0.5624413983484449,0.4181756909378393,0.5557733038242784,0.39066063579931654,0.5499931581828135,0.4673532512844106,0.5208536356821589,0.4461606107690995,0.5165867546418867,0.434944448002303,0.477878421900161,0.43422145733736384,0.5297280468251374,0.4125832625266852,0.5062232320464418,0.4082985807170925,0.4543298347006788,0.5234603051747014,0.3994176128365408,0.4884217634217635,0.362325483090631,0.45564079742379787,0.5543722943722944,0.43662008583286616,0.5176097711811998,0.4638105766371669,0.5131019601516497,0.4515164434906778,0.5333903169266737,0.44342453436544116,0.48722330753815013,0.4936930885206748,0.42915810952480193,0.5149741462241463,0.43580763032141884,0.5139725924039651,0.42774846569414027,0.517399190315857,0.4458839063646443,0.5367740277929353,0.4079694704676129,0.5191130246565029,0.4528522047244586,0.5214082857561118,0.442806142581503,0.5340856437209873,0.49977046893775184,0.2222222222222222,0.47790233124899734,0.4416666666666667,0.43608352127847194,0.47777777777777786,0.47236036359700373,0.6355555555555555,0.4618765558154353,0.47095959595959586,0.4684179244862976,0.5094871794871795,0.40962708367639306,0.3333333333333333,0.4491118224147676,0.45060606060606057,0.39420743548909487,0.39406972955360053,0.45028878606337164,0.5684297064942226,0.4555217503699476,0.45155555555555554,0.4724974441398139,0.5028655788655788,0.4532857504900518,0.5406216006216006,0.4604786748955487,0.4509024309024309,0.5206792192276063,0.5441729119148474,0.5285265351932017,0.488308560126742,0.5430265075426364,0.4669845986329502,0.5477744477744477,0.47916340853959505,0.6072373862696444,0.4561954593374791,0.5659543221755203,0.4551750773906976,0.5540931674572227,0.47357062627988195,0.5655891471559674,0.42168654381095133,0.5259381171823567,0.3342033317313815,0.4878902116402116,0.5063040173334291,0.46498087288528445,0.5590652927837801,0.38636242659212755,0.5585471875794455,0.40386458541107423,0.5266432591701409,0.4111233911843119,0.5305286111737725,0.40610375470933896,0.517415990180563,0.4033001784312792,0.49092190167459,0.47980699129887017,0.566442066582319,0.429783620090706,0.6087525377847959,0.4915267411508012,0.5637237762237762,0.4899340926109457,0.5356120166779352,0.4461279183083693,0.5573635830097459,0.48446351662930975,0.5236698785085879,0.5160851693109756,0.5284151332538428,0.46993662902753824,0.5548765750378652,0.34493582525578526,0.5740643578885747,0.4230492032608966,0.5546714410012096,0.3717419457088308,0.5736579069035824,0.3607229777712858,0.53615663052267,0.40303208054491757,0.54228535758519,0.36496217719551793,0.5320239147394956,0.475374069207443,0.5397255452894073,0.4218552155029391,0.5408871507240065,0.3935047587252597,0.549828598100289,0.3872165206895055,0.545805347906269,0.3864556906248626,0.5039186706162191,0.5780827566945475,0.46288934696282424,0.5654385844041017,0.4862737453049281,0.5780607786725696,0.4936098636937285,0.5246883242365878,0.4548806255143461,0.5287747930601101,0.451720201325448,0.5069900881011994,0.5004164620187291,0.52086744267099,0.4579289043191848,0.5111664968705198,0.5042271525788012,