{"min_species_distances":[-1.0,-1.0,-1.0,-1.0,0.125,0.0,0.1,0.0,0.0,0.0,0.0,0.0,0.0,0.0,0.0,0.0,0.06666666666666667,0.06666666666666667,0.0,0.0,0.0,0.0,0.0,0.0,0.0,0.0,0.0,0.0,0.0,0.0,0.0,0.0,0.06666666666666667,0.0,0.0,0.0,0.0,0.0,0.0625,0.0,0.0,0.0,0.0,0.0,0.0625,0.0,0.0,0.0,0.058823529411764705,0.0,0.0,0.0,0.0,0.058823529411764705,0.0,0.1111111111111111,0.0,0.045454545454545456,0.0,0.0625,0.0,0.2857142857142857,0.0,0.23076923076923078,0.0,0.07142857142857142,0.0,0.0,0.0,0.16666666666666666,0.0,0.09090909090909091,0.058823529411764705,0.0,0.045454545454545456,0.0,0.0,0.0,0.16666666666666666,0.0,0.0,0.0,0.0,0.0,0.0,0.0,0.058823529411764705,0.0,0.0,0.0,0.0,0.0,0.0,0.0,0.0,0.0,0.0,0.0,0.0,0.0,0.0,0.0,0.0,0.0,0.0,0.0,0.0,0.0,0.0,0.0,0.22727272727272727,0.0,0.16,0.0,0.0,0.2608695652173913,0.0,0.05263157894736842,0.0,0.0,0.12,0.0,0.0,0.10526315789473684,0.0,0.0,0.0,0.0,0.47368421052631576,0.0,0.07142857142857142,0.0,0.0,0.0,0.0,0.0,0.0,0.0,0.0,0.0,0.0,0.0,0.0,0.0,0.0,0.0,0.0,0.0,0.0,0.0,0.0,0.0,0.0,0.0,0.0,0.0,0.0,0.0,0.0,0.0,0.0,0.0,0.0,0.0,0.0,0.0,0.0,0.0,0.0,0.0,0.0,0.0,0.0,0.0,0.0,0.0,0.0,0.0,0.058823529411764705,0.0,0.0,0.5517241379310345,0.0,0.05,0.0,0.2777777777777778,0.0,0.07142857142857142,0.0,0.0,0.0,0.0,0.0,0.0,0.0,0.0,0.0,0.3,0.0,0.0,0.0,0.0,0.0,0.3,0.0,0.0,0.0,0.3,0.0,0.05,0.0,0.3333333333333333,0.0,0.047619047619047616,0.0,0.0,0.0,0.0,0.0,0.0,0.0,0.0,0.0,0.0,0.0,0.0,0.0,0.0,0.0,0.0,0.0,0.029411764705882353,0.0,0.0,0.0,0.0,0.0,0.0,0.0,0.0,0.0,0.0,0.0,0.07142857142857142,0.0,0.1111111111111111,0.0,0.041666666666666664,0.0,0.07142857142857142,0.0,0.0,0.0,0.0,0.0,0.0,0.0,0.0,0.0,0.0,0.0,0.0,0.0,0.0,0.0,0.0,0.0,0.0,0.0,0.0,0.0,0.0,0.0,0.0,0.0,0.0,0.0,0.0,0.0,0.0,0.0,0.038461538461538464,0.0,0.038461538461538464,0.0,0.0,0.0,0.0,0.0,0.0,0.0,0.0,0.0,0.038461538461538464,0.0,0.0,0.0,0.058823529411764705,0.0,0.0],"total_num_species":[1,1,1,1,5,24,12,11,9,19,7,20,8,32,11,10,6,9,15,10,12,5,22,7,21,10,9,18,8,19,9,21,9,18,9,13,10,12,6,12,6,23,7,16,7,22,10,10,7,8,7,7,17,6,21,7,13,8,17,7,28,6,27,7,33,8,30,8,27,8,33,10,10,10,10,13,8,19,9,15,9,23,10,10,10,11,6,25,7,19,9,26,10,11,8,20,8,18,10,7,16,7,16,7,10,8,9,8,9,53,7,69,9,77,11,7,29,8,27,10,9,25,10,10,13,9,21,11,5,23,7,23,7,26,8,29,9,17,9,29,9,13,7,19,12,6,25,7,18,10,8,25,8,12,8,11,8,16,8,18,8,13,7,17,8,17,9,9,9,9,10,9,43,9,53,9,69,10,8,53,11,5,20,7,31,7,24,7,32,8,36,9,32,8,32,8,20,7,25,8,21,8,26,7,28,8,30,7,30,8,29,7,26,8,28,9,30,8,35,11,7,14,7,19,10,9,11,9,14,10,11,6,19,6,19,6,21,8,17,9,14,7,20,8,13,7,17,7,16,7,12,8,14,8,22,8,18,8,19,9,18,9,21,8,15,7,19,9,20,7,21,9,15,10,10,10,14,5,20,5,23,4,24,4,23,5,19,6,14,6,16,6,14,3,13,4,24,4,17,5],"avg_species_distances":[-1.0,-1.0,-1.0,-1.0,0.22678571428571428,0.24370974235104695,0.28771043771043775,0.31982552800734615,0.3498737373737374,0.3440058479532163,0.3607503607503609,0.35028442317916025,0.3626984126984128,0.34547851342206276,0.39651015651015664,0.37076923076923074,0.4650793650793651,0.4441646316646317,0.3735810221524508,0.43339438339438346,0.42174655409949535,0.41373626373626377,0.40059702202559355,0.42857142857142855,0.4106588960370475,0.46762176095509445,0.4578042328042328,0.4108286049462522,0.4428571428571428,0.4079274354816149,0.48902879527879534,0.40906637013779906,0.4906862745098039,0.4040416107025105,0.4698412698412697,0.43223443223443214,0.4681294740118271,0.4543109668109669,0.4602777777777778,0.4724662592309656,0.32972222222222225,0.4784434590700581,0.5145930594460006,0.4466897175536886,0.5133503401360544,0.4451746966729281,0.48525580017582076,0.49947406642969067,0.5351353539821032,0.5115168435795371,0.5201336675020886,0.5360971874129768,0.4380732635957089,0.5092798990941406,0.4352302547813384,0.5593665378882097,0.4705656625950148,0.5316166501565661,0.45977137665724643,0.5265967498110355,0.47264230711482486,0.5624089635854342,0.4787010179554042,0.5390376865996062,0.4719556073024969,0.5131419673132411,0.4574953431481674,0.5146467358873374,0.46483545884990696,0.5140018946174962,0.4672385366206283,0.5055317164966289,0.5056466493785335,0.5106790123456791,0.5165155523488857,0.4743649868649866,0.5374801587301588,0.3771884815610981,0.5487767792302106,0.4885671790083556,0.5435448438634712,0.4494020124518842,0.545851125635439,0.5474066811909947,0.5518159320708338,0.5280347593582885,0.518425925925926,0.5016321494094715,0.4881941373040445,0.4865679063411399,0.4937545388525781,0.4245957755509557,0.49975576195390436,0.517089887523324,0.46290323821836415,0.43693009613817857,0.4783489644170758,0.49481163673781914,0.5417171426975349,0.48639455782312924,0.4791422371917726,0.5226299273918322,0.44803921568627497,0.49824602205554575,0.4916575557098433,0.5310474617197306,0.5291986390197605,0.5485409188416706,0.5391102021218981,0.43679790202939744,0.5625017329277983,0.4959606782758971,0.5385427605514053,0.4750159714687398,0.5231036629505529,0.563397509185893,0.44524314438687,0.537557691542654,0.45539741100474174,0.5083428497504865,0.52542537285863,0.4596030886987406,0.5217510175177575,0.5209502949695289,0.4780846195976092,0.5334855384648985,0.47937105465558993,0.5193209222959954,0.5803818890660996,0.48243549905635463,0.5258725216118698,0.4172127132344459,0.5003669800367427,0.4540378308151593,0.4548005565862709,0.47196793858058994,0.4684504822662717,0.48353211617530456,0.49191539454697353,0.47611184775431475,0.5124088630667578,0.48932846655518714,0.5253230478794388,0.4900791438649241,0.45021299805988785,0.3227931488801054,0.50040835445055,0.43764172335600904,0.5057034852392069,0.5116676238415369,0.4991676674417894,0.40366582780038623,0.49861357586512867,0.4347621238082259,0.42698739915756406,0.4941114377875998,0.48756407974120564,0.47821672497084766,0.5083366248230246,0.4422868943088908,0.49556731374572455,0.4965272253937474,0.5070354433173024,0.4761615508006088,0.522766098843685,0.4609357520722006,0.5465190296967116,0.5270331830437195,0.5143493927138563,0.5384060915670112,0.5188690311047026,0.4950533222295779,0.4613043413458076,0.507170199622411,0.46390340824880405,0.5230004796847676,0.46291914449857713,0.5053074294569103,0.5350245852923555,0.4717500797134637,0.5151772462003954,0.6051792285675346,0.46620075417688356,0.5470505918150518,0.4289594366715257,0.5483640233502146,0.4596334330198834,0.5496507125143935,0.4519007152476523,0.5199262979583347,0.46574075309300317,0.4887750502739062,0.47122904801029114,0.5112833275602731,0.4731796766903258,0.5039581414009333,0.4693494814693239,0.5418993795424003,0.4604389703458869,0.500417298186177,0.4304974806140766,0.4974533266738184,0.4605733427991606,0.5350968825225119,0.45179839514439063,0.4974533266738184,0.45072937025308846,0.5352829537612147,0.4565973732571848,0.4993785943885598,0.4536504046340177,0.5362737848762694,0.45072587714264817,0.5037307792554738,0.44082028250552424,0.4701784845718928,0.43884686313854127,0.5085411695597531,0.43977788566730125,0.4591255343180628,0.5486365356631838,0.4353681340522359,0.536514311619501,0.36459629104495106,0.4762066332192559,0.5006279611381295,0.46412250039050995,0.5045703044346926,0.4146302182540941,0.4831398696302583,0.4433173473392928,0.5516798210635353,0.43114673794192576,0.5702213330399949,0.40273107313839107,0.5702213330399949,0.4197494600543272,0.545378126706503,0.4626979867565222,0.524992994134876,0.4513747872093616,0.5531885876226278,0.4511431379796594,0.5267842793116226,0.4645565920712994,0.5316277919885982,0.388508985674985,0.5279493102108123,0.45715408583034145,0.5529834564818124,0.4453704717279643,0.48634607980639666,0.44015015725112,0.5182979690239817,0.42615824847425116,0.45148522241996375,0.44230686932270563,0.5106437155308948,0.3686255215165696,0.492582092061611,0.42301348899620256,0.5066367060194918,0.3481107052778701,0.5007252386961415,0.4551364172130366,0.5319874066711511,0.477436573727597,0.48900429942887247,0.37133656049454805,0.4415060745705906,0.45126067150181254,0.4944329043119365,0.4247383414243765,0.4926678458936523,0.48983299854267587,0.4945981724368819,0.45685839329050953,0.3883333333333333,0.4810159675206114,0.4425,0.4352068251205082,0.44880341880341884,