{"min_species_distances":[-1.0,-1.0,-1.0,-1.0,-1.0,0.0,0.0,0.0,0.1111111111111111,0.1,0.09090909090909091,0.0,0.0,0.0,0.0,0.0,0.0,0.0,0.0,0.0,0.0,0.0,0.0,0.0,0.0,0.0,0.0,0.0,0.0,0.0,0.0,0.0,0.0,0.0,0.0,0.0,0.0,0.0,0.0,0.07142857142857142,0.0,0.09090909090909091,0.0,0.0,0.0,0.0,0.0,0.0,0.0,0.0,0.0,0.0,0.0,0.0,0.0,0.0,0.0,0.0,0.0,0.0,0.0,0.0,0.0625,0.5263157894736842,0.0,0.16666666666666666,0.0,0.07692307692307693,0.07142857142857142,0.0,0.0,0.0,0.0,0.17647058823529413,0.0,0.0,0.0,0.06666666666666667,0.06666666666666667,0.0,0.0,0.0,0.0,0.0,0.0,0.0,0.0,0.0,0.0,0.0,0.0,0.0,0.0,0.0,0.0,0.08333333333333333,0.0,0.0,0.0,0.0,0.0,0.0,0.0,0.0,0.0,0.0,0.0,0.0,0.0,0.0,0.0,0.0,0.0,0.0,0.0,0.0,0.0,0.0,0.0,0.0,0.0,0.0,0.0,0.0,0.0,0.0,0.0,0.0,0.0,0.0,0.0,0.0,0.0,0.0,0.0,0.0,0.0,0.0,0.0,0.0,0.0,0.0,0.0,0.0,0.0,0.0,0.0,0.0,0.0,0.0,0.0,0.0,0.0,0.0,0.0,0.0,0.0,0.0,0.0,0.0,0.0,0.0,0.0,0.0,0.0,0.0,0.0,0.0,0.0,0.0,0.0,0.0,0.0,0.0,0.07692307692307693,0.0,0.0,0.0,0.0,0.0,0.0,0.0,0.6666666666666666,0.0,0.0,0.0,0.0,0.0,0.045454545454545456,0.0,0.0,0.0,0.034482758620689655,0.06666666666666667,0.0,0.6,0.0,0.2,0.0,0.2,0.0,0.125,0.0,0.0625,0.0,0.0,0.0,0.0,0.0,0.0,0.0,0.0,0.0,0.0,0.0,0.0,0.05263157894736842,0.0,0.0,0.0,0.0,0.0,0.0,0.0,0.0,0.0,0.0,0.0,0.0,0.0,0.0,0.0,0.17857142857142858,0.0,0.3333333333333333,0.0,0.3333333333333333,0.0,0.0,0.25806451612903225,0.0,0.0,0.05263157894736842,0.0,0.0,0.0,0.0,0.0,0.038461538461538464,0.0,0.0,0.0,0.0,0.0,0.0,0.0,0.0,0.0,0.0,0.0,0.0,0.0,0.07692307692307693,0.0,0.041666666666666664,0.0,0.03571428571428571,0.0,0.0,0.0,0.03571428571428571,0.0,0.0,0.0,0.0,0.0,0.0,0.03125,0.03225806451612903,0.043478260869565216,0.15384615384615385,0.0,0.0,0.0,0.11538461538461539,0.0,0.11538461538461539,0.0,0.11538461538461539,0.0,0.04,0.04,0.07142857142857142,0.0,0.1111111111111111,0.0,0.0,0.0,0.07142857142857142,0.0],"total_num_species":[1,1,1,1,1,8,128,27,13,12,8,30,10,15,5,29,6,25,7,25,8,29,9,25,9,20,8,27,10,8,28,8,24,10,10,10,8,22,11,5,15,4,25,6,15,6,16,8,16,7,25,7,22,11,3,8,15,7,13,8,8,7,6,5,40,7,61,11,7,24,8,28,10,9,35,9,38,10,9,31,9,35,10,16,10,9,18,9,16,9,14,10,10,10,13,6,12,7,21,7,22,10,13,7,22,9,11,9,19,8,19,8,27,9,22,8,15,8,14,7,14,6,23,7,24,8,13,8,11,5,31,7,19,7,17,8,19,8,21,8,15,9,19,8,20,7,18,8,17,9,13,8,16,7,12,8,24,9,19,10,10,10,10,10,10,10,10,9,15,9,12,11,5,12,3,22,4,14,5,16,5,13,2,19,4,12,4,18,4,9,6,6,5,5,19,4,30,5,35,6,57,8,79,11,6,23,6,37,6,34,9,29,9,37,11,8,12,9,21,9,23,9,20,10,10,10,9,10,9,10,9,38,9,56,8,73,8,71,14,9,23,11,9,27,9,33,10,14,7,15,8,15,8,17,6,22,7,11,7,18,7,19,6,23,7,11,8,13,8,18,8,17,9,15,10,9,12,9,10,9,7,10,9,56,9,66,9,91,8,79,10,11,7,31,8,23,8,23,8,27],"avg_species_distances":[-1.0,-1.0,-1.0,-1.0,-1.0,0.10714285714285711,0.11059433000562381,0.20874033374033382,0.2704772079772078,0.3439393939393938,0.34772727272727266,0.36745733194009217,0.3526374859708194,0.37731601731601716,0.3809090909090909,0.37501741553465723,0.4143097643097643,0.4043060088060084,0.40729640729640726,0.38736524586524623,0.44691419691419687,0.40708235388038416,0.45723566556899886,0.40621258371258373,0.40681232347899005,0.41450581582160523,0.3964547357404499,0.4307508256226204,0.469799336466003,0.4409479409479409,0.4058907142240476,0.4337912087912087,0.4511816283555409,0.4490516890516893,0.47044634377967703,0.48301994301994294,0.4815018315018314,0.4411400107828685,0.39671661671661657,0.5136675824175824,0.43535036392179244,0.49134199134199125,0.47431922570893154,0.36363636363636354,0.4795750864448348,0.5331164449585502,0.4862498381248384,0.4936340940805226,0.5202845297475719,0.41238015674105905,0.49479643962848296,0.46726190476190477,0.5048954152247149,0.49621704053522236,0.4666666666666666,0.4600344304388421,0.48624757505341326,0.5474716202270382,0.4989191750801656,0.5147119717452197,0.5224868894926392,0.5599072802964886,0.5704660380898771,0.609094427244582,0.4832687020438543,0.5399733737195036,0.47692348163937737,0.4702780866754975,0.5282057860562946,0.4445614605477986,0.5496370630632115,0.3867950935962105,0.5074764300160273,0.5167030605784139,0.4324607630620712,0.4773530159584812,0.43076040602908977,0.4667789717150329,0.4937658024934239,0.4407425385398577,0.4910047130768571,0.4242496644190943,0.45438341520182934,0.40959056982823666,0.49863320919519605,0.5263076569300488,0.39921838502529877,0.5152173913043477,0.44234327871753826,0.5318176577775783,0.4508973471451598,0.504574216159894,0.48417321840169236,0.49856681938815023,0.4768665589805715,0.589001610305958,0.5104249011857708,0.5697785306480959,0.4371704925509279,0.572015182884748,0.4570999305738822,0.524495206322056,0.5004449974129608,0.43961352657004826,0.5091942445951483,0.541410481627873,0.5493147169036499,0.4996765742379777,0.5155553588429265,0.5187370600414078,0.5213748606959896,0.5306935817805384,0.49515148545248694,0.5394364224074368,0.48242650964277184,0.563768115942029,0.528747096014177,0.41459627329192533,0.5289798340694184,0.5473641472399237,0.5225706438304828,0.5958323065188054,0.4910727935035335,0.4698964803312629,0.5221099715653731,0.5199901928734881,0.5349629242337393,0.5585968379446641,0.5453440065932267,0.5121739130434783,0.5164392119777061,0.5335250364235872,0.47696930580225805,0.5467834960070984,0.521217207238627,0.5316252587991718,0.5325080102540055,0.557560917343526,0.4967498409113314,0.5595459923099674,0.5422803007896179,0.5366459627329192,0.49784986180867224,0.4788487133984028,0.44904714355057557,0.5620526471458148,0.4998217960877808,0.5248988005997001,0.4830593106807945,0.5421433925894196,0.4826257243314099,0.5159852854185151,0.49052150385846,0.5352631167409493,0.4439995140700469,0.41191326530612243,0.49479539630132796,0.5409940466274797,0.47239588982112485,0.48416651625347273,0.5156433211965447,0.5058164568509398,0.5457636639555681,0.539983135416419,0.5466724882708557,0.5517033769101071,0.5420841484019896,0.5705942663588841,0.4748886746151686,0.5164519739519738,0.523735883288607,0.5216379547488992,0.29560439560439566,0.5691699264975126,0.49690539345711765,0.5292006728295734,0.351010101010101,0.5419994654553202,0.4756410256410256,0.48663986715710833,0.26666666666666666,0.5085673266707749,0.6666666666666666,0.42279851013379005,0.5972222222222222,0.4481950042294867,0.457070707070707,0.4421883277867053,0.5894660894660894,0.403024587994603,0.5430857298623415,0.5905478429616361,0.6146103896103896,0.621047171219585,0.4955508429192649,0.6854617604617604,0.4867803735763292,0.6324016563146998,0.4668405532457869,0.5832919254658385,0.4115574422725631,0.5080384871339838,0.3509291639788463,0.47840504976694226,0.5923395445134575,0.43840337545757446,0.5879458450046685,0.3426263809948798,0.5879458450046684,0.3439987346204425,0.5016833786654759,0.3173743385410138,0.5002140269734414,0.3072378558923987,0.4594510828040194,0.5188313737867908,0.45155351102093094,0.48747130562685625,0.38143614383552493,0.5095177853759087,0.3691589150231627,0.5110659246478332,0.3945695625961088,0.49660584849708556,0.49008714143725574,0.48712818497715527,0.5090373881563813,0.5005785628399708,0.5201770588733841,0.5016781717656666,0.5217214886786834,0.49003108849033417,0.5450205839911721,0.4504274186225487,0.5377479463033462,0.46845742371631066,0.5393802296514679,0.4584203278844689,0.49769214622951347,0.5329255623084515,0.4700937049007056,0.5183266242873537,0.5106115100748599,0.45786083859770726,0.5314734181459286,0.46408946608395746,0.5080921961497733,0.43570654821211013,0.5407209313761108,0.4321699804985509,0.5308728330041695,0.4594660314136951,0.5336129654590384,0.41739789638770936,0.5854149434794597,0.4658995958919462,0.5746829335539013,0.5061577610436467,0.538425731974119,0.43540404531865595,0.5703822435940249,0.43148283364751905,0.5721532947339399,0.41131911662276516,0.5626053158311223,0.48864990608392367,0.5335212310730745,0.4688197613513178,0.5456619992910315,0.4506696546829373,0.5128461208530333,0.4713727049289298,0.5195173195979648,0.4646203353826112,0.5171698242020821,0.5008721624850656,0.5191059230653728,0.5244110217356759,0.5197611432772722,0.49554776492013514,0.5383231024635553,0.48487085871377605,