{"min_species_distances":[-1.0,-1.0,-1.0,-1.0,0.25,0.0,0.1,0.0,0.08333333333333333,0.0,0.0,0.09090909090909091,0.0,0.0,0.0,0.0,0.0,0.0,0.0,0.0,0.0,0.0,0.0,0.0,0.0,0.0,0.0,0.0,0.0,0.0,0.0,0.0,0.0,0.0,0.0,0.0,0.0,0.0,0.0,0.0,0.0,0.0,0.0,0.10526315789473684,0.0,0.0,0.0,0.0,0.0,0.05555555555555555,0.0,0.0,0.0,0.0,0.0,0.0,0.0,0.0,0.0,0.0,0.0,0.0,0.0,0.0,0.0,0.0,0.0,0.0,0.0,0.0,0.0,0.0,0.0,0.0,0.0,0.0,0.0,0.0,0.0,0.08333333333333333,0.0,0.0,0.08333333333333333,0.0,0.0,0.0,0.0,0.08333333333333333,0.0,0.0,0.0,0.0,0.0,0.0,0.14285714285714285,0.0,0.13333333333333333,0.0,0.07142857142857142,0.0,0.0,0.0,0.0,0.0,0.0,0.0,0.0,0.0,0.0,0.07692307692307693,0.0,0.0,0.0,0.0,0.0,0.0,0.0,0.4,0.4090909090909091,0.0,0.0,0.13333333333333333,0.13333333333333333,0.07692307692307693,0.42857142857142855,0.0,0.05555555555555555,0.0,0.14285714285714285,0.0,0.05263157894736842,0.3157894736842105,0.0,0.2,0.0,0.045454545454545456,0.0,0.0,0.0,0.0,0.0,0.0,0.3684210526315789,0.0,0.0,0.0,0.0,0.0,0.29411764705882354,0.0,0.0,0.0,0.0,0.0,0.05,0.0,0.0,0.0,0.0,0.0,0.0,0.0,0.0,0.0,0.0,0.0,0.0,0.0,0.0,0.0,0.0,0.0,0.0,0.0,0.16666666666666666,0.0,0.13043478260869565,0.0,0.0,0.0,0.0,0.0,0.0,0.0,0.0,0.0,0.0,0.0,0.0,0.0,0.0,0.0,0.0,0.0,0.0,0.0,0.0,0.0,0.0,0.0,0.0,0.0,0.0,0.0,0.0,0.0,0.0,0.0,0.05555555555555555,0.0,0.16666666666666666,0.0,0.05263157894736842,0.0,0.0,0.2777777777777778,0.0,0.0,0.0,0.0,0.0,0.0,0.0,0.0,0.0,0.07142857142857142,0.0,0.0,0.1875,0.0,0.045454545454545456,0.0,0.0,0.0,0.0,0.0,0.14814814814814814,0.0,0.0,0.0,0.0,0.0,0.0,0.0,0.0,0.0,0.38095238095238093,0.0,0.0,0.0,0.0,0.0,0.045454545454545456,0.0,0.09090909090909091,0.0,0.0,0.0,0.0,0.0,0.0,0.0,0.0,0.2777777777777778,0.0,0.2777777777777778,0.0,0.0,0.0,0.0,0.0,0.0,0.0,0.0,0.0,0.0,0.0,0.08,0.0,0.0,0.0,0.4,0.0,0.04,0.0,0.0,0.0,0.4,0.0,0.10526315789473684,0.0,0.08695652173913043,0.36666666666666664,0.0,0.36666666666666664,0.0,0.36666666666666664,0.0,0.2857142857142857,0.0],"total_num_species":[1,1,1,1,3,18,8,72,17,10,13,9,30,10,11,8,11,9,19,9,18,10,8,11,8,17,8,9,15,8,22,8,24,9,22,11,7,19,8,21,9,23,11,6,16,5,22,9,16,7,21,9,12,8,20,10,9,15,10,10,9,15,8,10,10,9,9,10,13,8,11,9,12,8,10,9,16,9,30,8,30,11,7,18,9,19,10,8,11,11,6,20,7,18,6,13,7,12,8,11,7,19,7,30,8,19,10,8,14,8,12,9,23,10,10,9,10,7,7,9,45,10,10,11,7,21,9,18,10,10,12,8,16,9,11,8,19,8,21,10,8,11,8,10,9,10,10,11,8,23,10,13,8,18,9,14,9,11,9,18,10,11,7,24,8,22,7,20,7,18,8,15,7,24,8,18,8,23,8,19,8,16,9,12,9,14,9,12,10,10,17,6,21,5,17,6,11,4,19,5,10,5,5,5,5,42,7,70,7,73,7,91,9,82,11,5,26,7,27,8,31,9,23,9,33,11,7,11,6,21,6,15,7,19,7,22,6,20,7,14,9,15,8,19,7,19,6,16,7,21,6,26,7,19,8,16,9,9,16,8,16,8,24,7,32,8,30,9,23,9,27,10,11,8,18,9,21,9,17,9,13,7,13,8,9,9,51,7,62,9,73,11,7,21,7,25,7,24,8,17],"avg_species_distances":[-1.0,-1.0,-1.0,-1.0,0.25,0.19894439257184338,0.2931547619047619,0.28480247365224026,0.33046642899584056,0.3223905723905725,0.3472999222999222,0.3638047138047139,0.3597143852316276,0.3630976430976431,0.3079381224835771,0.34490509490509497,0.3777331759149941,0.4061339894673229,0.38641163904321785,0.36603211603211594,0.38826696179637354,0.4007018907018909,0.43717532467532466,0.4380863833136562,0.4060741341991342,0.4267233991498698,0.44862012987012984,0.4431572671156004,0.411806672163815,0.45472132034632035,0.3849077509791791,0.47625811688311687,0.38374805785291716,0.4336595117845118,0.3827537722018238,0.4396284271284271,0.4705670146846618,0.4348401020872643,0.44479305416805415,0.4409828403000673,0.47885307321581827,0.420302004177847,0.4865613418385724,0.5007651332728733,0.45762110517335,0.2577922077922078,0.48377269761512504,0.41862315101479186,0.4798884047239317,0.5032768157768156,0.47866959090919736,0.40986251402918056,0.4823155800428533,0.5273200189166575,0.5029072975618525,0.5146384479717815,0.5307439474106141,0.4558018061025585,0.5322877168033536,0.5100558819094289,0.47782751968488046,0.455099595717445,0.5350555241859588,0.537445713170351,0.4836977893423355,0.5042368125701459,0.5042868571663385,0.49460282972106007,0.41316657746863683,0.4818879791705878,0.4109981235277677,0.43939393939393934,0.4127333945515764,0.5130732793776271,0.43242765822475965,0.46926487093153746,0.4380244755244755,0.4830352132435466,0.407087565353286,0.5105845543345543,0.47594876069014014,0.4675704850704851,0.5475861284684813,0.42627706353196515,0.4546892831206557,0.4451900820579871,0.4794817927170868,0.5170068027210885,0.48455988455988447,0.46092604505917206,0.5206349206349207,0.47477792430986204,0.5006613756613758,0.4629524809668076,0.5533068783068783,0.4667215581689264,0.540400604686319,0.49925539859750373,0.536422902494331,0.4732334916545441,0.5530388923246067,0.45411701769042506,0.529004329004329,0.4317640845408548,0.5379393424036281,0.4281092039863971,0.5069454359805236,0.49900639043496176,0.47077650837049345,0.5399560756703614,0.4833472526056258,0.5023220403702859,0.4543718856554299,0.47963316735246564,0.47874427846357687,0.5169356471988051,0.4972228074211293,0.5464843094624068,0.5419953201908088,0.5135286448444343,0.4525790410192317,0.5036490890525976,0.5026723652932652,0.48797829668424647,0.5504008035962924,0.42566527317179687,0.5205868019722507,0.41578529206572074,0.5099054007567939,0.5078936065654333,0.48625917139849006,0.5433337808807736,0.42331274264091623,0.5276559454191035,0.5008277065212049,0.5227939572958371,0.41051293406923206,0.5412210314747911,0.4019650368387655,0.4952699678489153,0.5374037773003939,0.4953215835461826,0.5504964792934717,0.5119067927956815,0.528483797364161,0.5124762126194351,0.509663136186012,0.5006670576403197,0.55157091119276,0.3873008858486837,0.5163277908245228,0.46422660854033354,0.5451910259053118,0.40658348139094397,0.5228595478595479,0.44486926245786296,0.5335361552028219,0.4951809016975257,0.5335361552028219,0.3890403191782788,0.5158953556731335,0.506566210211519,0.5000000000000002,0.42533813384037256,0.5232568027210884,0.45433775914978913,0.5202380952380953,0.41678070175438586,0.5440476190476191,0.43180921475039113,0.5230906593406593,0.4312131519274376,0.5224867724867726,0.4142985745088767,0.5129447933019361,0.44529962412315327,0.5372562887150988,0.412168117727492,0.517348660111818,0.443779900072806,0.49927944862155405,0.4562813783103639,0.47613636363636375,0.5008286326468147,0.5330146705146707,0.44375089196517764,0.4983465608465609,0.49341452355286347,0.4997022772884842,0.48525252525252527,0.45556646571672127,0.30698412698412697,0.4936158313498209,0.5656486042692939,0.46525183741208104,0.3733333333333333,0.45819995551220855,0.5257575757575758,0.4115144580819642,0.26625,0.4632630654369787,0.5139958592132505,0.5139958592132505,0.53,0.533,0.44757487602515517,0.513397581254724,0.4480936617171613,0.5164229024943309,0.4516550589344014,0.5211052778599361,0.4386441473292065,0.48029346463986045,0.43641549429322596,0.48683377095377384,0.5437129054520359,0.43178412348334283,0.4492083790037756,0.3934036279970376,0.43100958919036725,0.42475408234535394,0.43867801548960966,0.43466818694144643,0.448700775874689,0.40214533502534816,0.4287660851734078,0.5012853692201518,0.4294557127337447,0.5290942028985508,0.34086484759171903,0.5078976096367401,0.4099471452959521,0.5059119141727839,0.3809151672839497,0.5081703857066177,0.36722083696399355,0.530198604401503,0.37562375199618414,0.4856452726017944,0.424956538503449,0.4542427088924673,0.4370971688847355,0.5151560865892251,0.39741340445592527,0.5079180142266247,0.39150497192016137,0.5444858523119394,0.4005058205032628,0.5145354760261591,0.3763891729287827,0.5308703320297524,0.38144448784540297,0.5226141928005281,0.398812757778727,0.5078338658695801,0.40873927856898845,0.4851923304821855,0.4851923304821855,0.3987168266516089,0.5056912664055522,0.4030954733672126,0.5063698206555349,0.35510033284912657,0.5380501591092723,0.36654407590252225,0.5120306246845655,0.3719027616043201,0.502621397334041,0.3656033010522816,0.48520156408087456,0.4445237151854937,0.4960661827175237,0.48253578843992967,0.5202169033757704,0.42210596625427643,0.5091851395730705,0.4172901120955312,0.5158720334582402,0.40264422176313674,