{"min_species_distances":[-1.0,-1.0,-1.0,-1.0,0.25,0.0,0.0,0.1111111111111111,0.0,0.0,0.0,0.0,0.0,0.0,0.0,0.0,0.0,0.0,0.0,0.0,0.0,0.0,0.0,0.0,0.0,0.0,0.0,0.0,0.0,0.0,0.0,0.0,0.0,0.0,0.0,0.0,0.0,0.0,0.0,0.0,0.0,0.058823529411764705,0.0,0.0,0.0,0.0,0.0,0.10526315789473684,0.0,0.0,0.09090909090909091,0.0,0.0,0.0,0.0,0.09090909090909091,0.0,0.09090909090909091,0.0,0.07692307692307693,0.0,0.09090909090909091,0.0,0.1875,0.0,0.0625,0.0,0.0,0.0,0.0,0.07142857142857142,0.0,0.07142857142857142,0.0,0.35294117647058826,0.0,0.0,0.0,0.0,0.0,0.0,0.0,0.0,0.0,0.0,0.0,0.0,0.0,0.0,0.0,0.0,0.045454545454545456,0.0,0.0,0.0,0.08695652173913043,0.0,0.09090909090909091,0.0,0.5,0.0,0.045454545454545456,0.0,0.0,0.0,0.09090909090909091,0.0,0.0,0.0,0.0,0.0,0.43478260869565216,0.0,0.0,0.0,0.17647058823529413,0.0,0.0,0.0,0.0,0.375,0.0,0.09090909090909091,0.0,0.35294117647058826,0.0,0.0,0.0,0.0,0.0,0.0,0.0,0.47368421052631576,0.0,0.0,0.0,0.0,0.0,0.0,0.0,0.0,0.0,0.0,0.0,0.0,0.0,0.0,0.0,0.037037037037037035,0.0,0.0,0.0,0.0,0.0,0.0,0.0,0.0,0.0,0.0,0.0,0.0,0.0,0.0,0.0,0.14285714285714285,0.0,0.0,0.05263157894736842,0.0,0.0,0.0,0.0,0.0,0.07142857142857142,0.0,0.38461538461538464,0.0,0.0,0.0,0.0,0.0,0.0,0.0,0.0,0.0,0.0,0.0,0.0,0.0,0.07142857142857142,0.0,0.0,0.0,0.0,0.0,0.037037037037037035,0.0,0.0,0.0,0.11764705882352941,0.0,0.0,0.0,0.07142857142857142,0.0,0.25,0.0,0.25,0.0,0.0,0.0,0.3181818181818182,0.0,0.0,0.0,0.37037037037037035,0.0,0.0,0.10526315789473684,0.0,0.0,0.0,0.45454545454545453,0.0,0.0,0.0,0.0,0.0,0.4782608695652174,0.0,0.0,0.0,0.0,0.0,0.0,0.0,0.0,0.0,0.4642857142857143,0.0,0.0,0.0,0.037037037037037035,0.0,0.034482758620689655,0.0,0.0,0.0,0.0,0.0,0.047619047619047616,0.0,0.0,0.0,0.0,0.0,0.0,0.0,0.0,0.0,0.0,0.0,0.0,0.0,0.0,0.0,0.0,0.0,0.0,0.0,0.0,0.1111111111111111,0.0,0.1111111111111111,0.0,0.0,0.0,0.0,0.15789473684210525,0.0,0.0,0.0,0.16666666666666666,0.0,0.0,0.0,0.05263157894736842,0.09090909090909091,0.0,0.05555555555555555,0.0,0.09090909090909091,0.0,0.0,0.0,0.0,0.0,0.09090909090909091,0.0,0.0],"total_num_species":[1,1,1,1,2,10,27,14,14,9,28,12,8,22,6,31,8,24,9,19,11,5,19,5,25,4,21,5,11,6,20,7,17,6,13,5,18,5,12,4,16,4,19,5,13,5,14,6,10,6,6,11,6,9,28,6,34,8,38,8,57,8,49,8,41,13,8,21,7,26,9,24,9,23,8,22,10,15,6,32,6,26,8,38,8,25,11,7,9,13,10,9,15,10,11,5,27,6,15,4,20,6,24,7,13,7,8,10,8,8,23,6,22,8,21,8,31,8,37,11,7,16,8,12,8,17,9,14,9,16,10,12,6,26,8,21,10,9,12,11,5,28,7,19,7,15,6,30,7,19,7,25,7,19,6,14,6,21,6,15,7,11,7,15,6,8,10,7,11,8,17,7,11,6,11,5,11,7,11,8,11,7,7,10,10,10,15,8,24,8,21,8,29,8,35,7,32,8,32,9,23,9,28,9,25,9,21,8,23,10,12,7,23,7,36,6,27,10,7,20,10,11,5,22,7,20,7,12,5,23,6,16,7,18,6,20,6,13,5,20,7,20,7,24,7,22,6,23,7,14,7,17,7,15,10,8,15,9,14,8,16,8,11,9,22,7,18,9,12,8,12,6,9,7,7,39,8,57,7,64,8,66,9,68,9,69,10,10,16,8,27,8,27,9,19,9,23,7,21,8],"avg_species_distances":[-1.0,-1.0,-1.0,-1.0,0.25,0.18743386243386254,0.23471487360376253,0.28819989534275225,0.35223665223665174,0.4064814814814815,0.36798407353963003,0.3861078315623767,0.4283008658008658,0.4107317646278686,0.3116883116883116,0.39337844950748224,0.36688311688311687,0.4262756567104393,0.44556277056277044,0.4147458779037724,0.47140556413283713,0.35952380952380947,0.4525075314548996,0.4672727272727272,0.40548451548451503,0.31601731601731603,0.3984250669964953,0.49983766233766236,0.4130991735537187,0.49369429590017816,0.4183121999259767,0.444083694083694,0.4288145293768131,0.45,0.39192404817404797,0.4875,0.36478758169934633,0.41875,0.4289316966456003,0.33578431372549017,0.4569172113289763,0.5177696078431373,0.42658221360491755,0.46590909090909094,0.3504597254597253,0.3083333333333333,0.46721349917051286,0.500484667551231,0.40987654320987627,0.5291423001949317,0.5275274676590466,0.42611182794126795,0.520343137254902,0.4069896266587442,0.474438795349835,0.5145791245791247,0.46120029624814224,0.49764159451659445,0.4539532835218835,0.4898920523920523,0.4723833249332849,0.5045525960967138,0.47387096651526,0.5058174872513107,0.49184598289106196,0.5078715397839,0.5086444074930917,0.4902234558813508,0.5326730287256602,0.46957072446199294,0.5163361277525366,0.4916459632537059,0.505321309810474,0.47516477425800885,0.5230977917482783,0.5049815238066621,0.5046943055224791,0.46850799069065335,0.47137501874343984,0.4602901814277035,0.4832722832722832,0.45394977244977214,0.4730965463108321,0.46066021410041263,0.5336280261092291,0.49397216297061475,0.5128087223781005,0.4569540734954269,0.4856853672643146,0.5207997131074054,0.5259566359566361,0.5444742878953406,0.5094591979521699,0.5343582343582346,0.5373658239686948,0.5341745211310429,0.4972091543792526,0.5308112177677395,0.46112993286906356,0.6026570048309179,0.4914733226346502,0.5654112554112555,0.5022896395769744,0.49848484848484853,0.5258943954596128,0.5697404389950973,0.5592603049124788,0.5317713365539453,0.5571475625823453,0.5574977026383677,0.4490740914851085,0.5827898550724637,0.4511138551166626,0.5575877089966422,0.4696335114166543,0.5522494323816484,0.4683124548932069,0.5599841893279051,0.4430730069604749,0.5201008190669654,0.5794842284739983,0.48053449996145836,0.5727736074667021,0.5158387056102093,0.5627175201184151,0.4813023210867161,0.5601229536385122,0.46428113286034917,0.5563397000627783,0.46523324025326285,0.5327487500974287,0.5032610637702477,0.6075638839705335,0.47440020266528216,0.5460871071316622,0.4453874898103602,0.5422880999439084,0.5500952269920726,0.5401558397082696,0.5334943364006376,0.6079248366013071,0.5222114069695363,0.4746174448186832,0.5286106505700767,0.5564560829906098,0.4963091145042185,0.4878582202111614,0.49131347179180895,0.5671131700543465,0.4762244727863696,0.4606834186666119,0.5089995596506673,0.5602263697501793,0.4896805316332396,0.557959714100065,0.5192044599593574,0.5563402809016844,0.49400195815146297,0.5952177452177452,0.5044976183801513,0.5603569362967858,0.5111931927721401,0.5618471644950885,0.474086833583401,0.5928359788359788,0.4854798357520681,0.5388636394053686,0.5249219507866124,0.5259145931467915,0.5705340503272834,0.45398244524451115,0.5721634978777834,0.5442965792377555,0.5672975172975172,0.48353966295142753,0.6152319902319903,0.5341390635508282,0.5688496271203038,0.5291674608915986,0.5621184371184371,0.49506949191159716,0.5953543810686668,0.5953543810686668,0.5581720535743523,0.5450413783747117,0.5492497625830957,0.5071620619239667,0.5775662829234259,0.524513488496136,0.5782589104017675,0.5287053046084249,0.5753953718239432,0.5228356819899993,0.5699626004247853,0.5065546986544696,0.5788466383704479,0.5118551944090455,0.5700579530466748,0.5119878753692637,0.5403563982425351,0.5015050953091049,0.5518521558898235,0.4473544107895505,0.5511945954197415,0.4716568580794416,0.5524539760650868,0.42401570261047145,0.5690533011961583,0.4720537574421409,0.5563366263366261,0.5193526738000889,0.5877284091569805,0.45453925666281736,0.5945513921704398,0.4566323429778497,0.6058133224799891,0.47878001579129703,0.535232636109829,0.5370197425335269,0.4843027080765393,0.5443103132645616,0.5214205588846735,0.5733516483516483,0.48383217459316824,0.5087195413282369,0.46601191340141146,0.5119005708250559,0.49526198439241914,0.5726387456936657,0.4709604964343303,0.5444428378638905,0.47763785130561487,0.5105299879735972,0.4907762185195966,0.5541835357624831,0.4556895276081679,0.541530107319581,0.4728800048819596,0.5834107490949597,0.48368780888770885,0.5245518328789005,0.45822998020824995,0.49100098893958544,0.43061952880457294,0.515157752756275,0.4784301986518506,0.5531181657848324,0.4724572029669481,0.47838063171396505,0.4992979771551199,0.5326984126984128,0.4903655960740063,0.5338672438672438,0.456274230122156,0.521155081189564,0.49236394557823127,0.4666356914307221,0.5255671866447728,0.42370304643596535,0.5349659863945578,0.45437209027531583,0.5261285492457852,0.48356179304566393,0.45434833353631304,0.40520672009675773,0.37458378223084104,0.3731350341964556,0.5019377987373157,0.41652054564348406,0.4610716892120833,0.42198273458268465,0.5432646412624166,0.4753151521709178,0.5253684039239419,0.5099367147674791,0.4257371187833129,