{"min_species_distances":[-1.0,-1.0,-1.0,-1.0,0.0,0.0,0.09090909090909091,0.0,0.09090909090909091,0.09090909090909091,0.0,0.0,0.0,0.0,0.0,0.0,0.0,0.0,0.0,0.0,0.0,0.0,0.0,0.0,0.14285714285714285,0.0,0.05555555555555555,0.0,0.0,0.0,0.0,0.0,0.0,0.0,0.0,0.0,0.0,0.0,0.0,0.0,0.0,0.5555555555555556,0.0,0.2631578947368421,0.0,0.0,0.0,0.0,0.0,0.0,0.0,0.0,0.0,0.0,0.0,0.0,0.0,0.0,0.0,0.0,0.0,0.0,0.5294117647058824,0.0,0.3125,0.0,0.0,0.0,0.38095238095238093,0.0,0.04,0.09090909090909091,0.0,0.0,0.0,0.0,0.0,0.0,0.0,0.0,0.0,0.0,0.0,0.0,0.0,0.0,0.0,0.0,0.0,0.0,0.0,0.0,0.05555555555555555,0.0,0.0,0.14285714285714285,0.0,0.05,0.0,0.0,0.0,0.0,0.0,0.0,0.0,0.0,0.0,0.0,0.0,0.0,0.058823529411764705,0.0,0.05,0.0,0.36363636363636365,0.0,0.05,0.0,0.0,0.0,0.391304347826087,0.0,0.391304347826087,0.0,0.36363636363636365,0.0,0.36363636363636365,0.0,0.36363636363636365,0.0,0.13793103448275862,0.0,0.16,0.0,0.08333333333333333,0.0,0.06666666666666667,0.0,0.06666666666666667,0.0,0.0,0.0,0.16666666666666666,0.0,0.25,0.0,0.11764705882352941,0.0,0.11764705882352941,0.0,0.0,0.0,0.0,0.07142857142857142,0.0,0.0,0.037037037037037035,0.0,0.0,0.0,0.0,0.0,0.0,0.0,0.0,0.0,0.0,0.0,0.0,0.0,0.0,0.0,0.0,0.0,0.19047619047619047,0.0,0.05555555555555555,0.16666666666666666,0.0,0.0,0.0,0.0,0.0,0.0,0.05555555555555555,0.0,0.05555555555555555,0.0,0.10526315789473684,0.0,0.10526315789473684,0.0,0.0,0.4230769230769231,0.0,0.21052631578947367,0.0,0.2,0.0,0.21052631578947367,0.0,0.0,0.0,0.2,0.0,0.0,0.0,0.2,0.0,0.2,0.0,0.2,0.0,0.2,0.0,0.05263157894736842,0.034482758620689655,0.2,0.0,0.0,0.0,0.0,0.0,0.0,0.0,0.034482758620689655,0.034482758620689655,0.0,0.0,0.034482758620689655,0.125,0.0,0.0,0.0,0.0,0.0,0.0,0.0,0.0,0.0,0.16666666666666666,0.0,0.0,0.0,0.0,0.0,0.13636363636363635,0.0625,0.0,0.0,0.0,0.0,0.0,0.0,0.3684210526315789,0.0,0.17391304347826086,0.0,0.17391304347826086,0.0,0.17391304347826086,0.0,0.17391304347826086,0.0,0.0,0.0,0.05,0.05,0.21052631578947367,0.0,0.0,0.0,0.0,0.0,0.0,0.0,0.0,0.20833333333333334,0.0,0.25,0.0,0.09523809523809523,0.25,0.0,0.2692307692307692,0.0,0.0,0.0,0.0,0.0,0.0,0.0,0.0,0.0,0.0,0.0,0.0,0.0,0.0,0.0],"total_num_species":[1,1,1,1,6,14,8,68,18,11,7,25,9,32,9,19,12,9,18,9,21,12,4,15,4,13,4,16,5,17,7,15,8,7,7,9,14,7,11,6,15,4,12,5,12,6,18,8,15,9,22,8,24,10,8,16,9,31,10,9,23,11,4,18,7,23,7,21,5,24,12,6,22,7,21,8,15,7,10,7,7,11,8,12,8,19,8,26,8,40,7,28,8,27,10,10,16,7,29,8,37,11,7,13,8,13,8,11,8,13,7,7,7,20,6,16,7,11,7,11,6,20,6,20,6,26,6,21,6,17,7,11,7,10,9,57,8,64,8,79,10,16,7,33,7,23,8,42,9,37,10,10,11,10,10,15,7,22,8,19,8,10,9,8,14,8,15,7,13,7,12,7,7,37,8,46,10,9,58,10,10,11,9,13,9,15,9,20,9,20,9,30,11,6,22,7,15,7,17,7,14,8,19,8,20,9,18,8,23,8,19,8,22,9,20,10,10,9,14,11,7,25,10,8,12,10,10,11,4,10,7,8,7,9,41,10,10,13,9,18,9,24,11,8,10,11,7,10,9,9,51,11,8,16,6,24,7,27,8,25,7,23,7,27,9,27,10,10,8,19,10,10,10,10,10,10,10,9,18,8,22,10,10,13,8,22,10,11,7,27,6,24,5,21,6,22,5,14,7,17],"avg_species_distances":[-1.0,-1.0,-1.0,-1.0,0.16666666666666666,0.23182016396302096,0.2865259740259741,0.289490746547376,0.3345084835280913,0.3394123048668505,0.30346320346320343,0.3598127428127421,0.40980069313402645,0.35569955917738266,0.34797979797979806,0.3848474624790416,0.40519840008476354,0.4743245520819051,0.4179931270617545,0.3486307265719031,0.4223933116370092,0.40023461387097736,0.4259259259259259,0.45884549313120726,0.37462537462537465,0.45114668040364664,0.4071895424836602,0.4245833333333336,0.45178571428571423,0.4161405125775802,0.4246933621933622,0.3792243564092305,0.42782738095238093,0.4763572095504868,0.4999166333199946,0.45411015283306305,0.41193886461467194,0.5066000084244224,0.4266153351292672,0.5163157894736842,0.32445188601756536,0.5652777777777779,0.3264695272048212,0.5549561403508771,0.42428176613548163,0.46666666666666656,0.42132623453269374,0.5163265306122449,0.45125346331228705,0.5025297619047617,0.43677187412813334,0.5079081632653061,0.4476035352078576,0.47870837223778406,0.5066476590636254,0.4623782952227226,0.5056667403803626,0.42881508329326157,0.4853376906318085,0.4805662030894228,0.42425241335592734,0.4795389543377157,0.5779411764705883,0.46663674757828844,0.526652024446142,0.434802238311214,0.49457783113245296,0.41307431664850963,0.5378711484593838,0.46879956904270387,0.4959478747946239,0.5565231552073656,0.4622068493696094,0.500907029478458,0.48500266099705913,0.5019421055135341,0.46322031221190907,0.554095904095904,0.4334414412174991,0.5516963428728134,0.5479353979353979,0.4693531517736416,0.5268813702637232,0.4615959460372632,0.521862696127402,0.4420979848984965,0.5239858825385141,0.4645355588963055,0.5258655817866343,0.48393536844310947,0.5474656922025344,0.4792015012029929,0.5154025648414193,0.45781309070166615,0.5262599756751805,0.5286267762516996,0.47970202827372876,0.4965568565682982,0.4675582217868149,0.5320830485304169,0.4744166895558396,0.5030064222296139,0.5548855905998764,0.4682290599770953,0.554354694360833,0.43987771774149476,0.47369515988213473,0.49939604724012265,0.5313898286587363,0.43817332478323184,0.5482371969766928,0.5298228382261996,0.5300392884426498,0.3663314700310926,0.5814662592309651,0.3749404660414886,0.5410968023573065,0.46202733214497915,0.5408803521408563,0.4870506052542788,0.5854188284009256,0.46420891483443677,0.5768059919620022,0.46171845918797083,0.5727216704863765,0.46188756779321377,0.5727216704863765,0.4471009923783038,0.5727216704863765,0.46848187980138273,0.5428903975383257,0.4371914484802185,0.5345388590218697,0.46582902335437826,0.49511993181110825,0.47909027568625634,0.5368745680090219,0.4960169174175186,0.5303841536614647,0.48207540268675486,0.5057824064098575,0.46773971985672785,0.5340449590869759,0.4481161576183439,0.5534717383456877,0.45837305650079657,0.5354816402085308,0.4264433644746805,0.5223781937017231,0.4398425569185806,0.5059861053978701,0.5078542855269198,0.49096596058037095,0.5024048706711245,0.48793509666574675,0.45137932537755643,0.5305888011770363,0.437916772241103,0.5049609587424714,0.4673356870295292,0.5266750056666022,0.5062330165598141,0.5160340567203313,0.5409638680647083,0.4362781449319911,0.5183351312552993,0.3987228457816696,0.5355666742221364,0.4186196533481602,0.5355666742221364,0.41442795172741703,0.5355666742221364,0.5342051609558611,0.4451107469016821,0.5510219861060196,0.45060283876091994,0.5167920097331863,0.5394740823746909,0.4486261896412131,0.5177457579440902,0.5177457579440902,0.5160799969319242,0.5387166196827543,0.4974213991762912,0.535702508040681,0.48965660203243905,0.5164519481922183,0.45512827841966264,0.5282438528960004,0.46567764060074823,0.5328252256433341,0.44724418364866175,0.5223244128447891,0.5488087476593224,0.4633011489526949,0.5319306849857364,0.49405858169076566,0.5564249713675001,0.47235527133546795,0.5340951871502385,0.5023369477951556,0.5406327708051845,0.45566993228661035,0.5378904095069508,0.45638526639300314,0.5257423398227997,0.46531696870629036,0.5367105117105119,0.442564806680357,0.5367105117105119,0.4561999461438018,0.5350871350871352,0.4682991978275643,0.5335069251735919,0.4616403115710594,0.5291712800764415,0.523812959683884,0.533501831788763,0.4786081225930854,0.5096710625127516,0.5020820161116554,0.4667058767172195,0.5022302248325641,0.5252099404355042,0.5032653691002146,0.47867283998693283,0.50562724798837,0.5002622787852125,0.4802631578947369,0.49544898188060355,0.5300247091081938,0.5142322400829662,0.5224505228588713,0.4736484021920927,0.3388343348976791,0.44846130426358877,0.451404853128991,0.39072764694628676,0.48303199329741986,0.35496403623349077,0.4859814766802063,0.3182473067915894,0.45237344621619213,0.47494405656999644,0.4493630049317568,0.46590336596608606,0.5125734641874128,0.4586655847878758,0.4784322215980564,0.47797460005377435,0.36714507456874146,0.44432482721956396,0.502113890020618,0.39074349847319456,0.5457724771699364,0.3520949983219136,0.520658977707709,0.3534654685929289,0.5017705634293487,0.3674079669647217,0.520658977707709,0.36612076776938635,0.520658977707709,0.354371788458445,0.48158560913778703,0.3579274299071908,0.46370026557314487,