{"min_species_distances":[-1.0,-1.0,-1.0,-1.0,-1.0,0.0,0.0,0.125,0.2222222222222222,0.0,0.1,0.09090909090909091,0.0,0.0,0.0,0.0,0.0,0.0,0.0,0.0,0.0,0.0,0.0,0.0,0.0625,0.0,0.0,0.0,0.2,0.0,0.0,0.0,0.06666666666666667,0.0,0.06666666666666667,0.0,0.0,0.0,0.0,0.0,0.0,0.0,0.0,0.0,0.0,0.0,0.0,0.0,0.0625,0.0,0.0,0.05,0.1,0.0,0.0,0.0,0.058823529411764705,0.0,0.058823529411764705,0.0625,0.0,0.125,0.0,0.0,0.0,0.05555555555555555,0.0625,0.07142857142857142,0.0,0.0,0.0,0.0,0.0,0.0,0.05,0.0,0.058823529411764705,0.0,0.0,0.0,0.0,0.0,0.0,0.0,0.0,0.0,0.0,0.09090909090909091,0.0,0.0,0.0,0.09090909090909091,0.0,0.0,0.0,0.0,0.0,0.0,0.0,0.0,0.0,0.05,0.0,0.0,0.0,0.0,0.0,0.0,0.0,0.0,0.0,0.0,0.0,0.0,0.05555555555555555,0.0,0.0,0.0,0.0,0.0,0.0,0.0,0.0,0.0,0.0,0.0,0.0,0.0,0.0,0.0,0.0,0.0,0.0,0.0,0.0,0.0,0.0,0.0,0.0,0.0,0.0,0.0,0.0,0.0,0.0,0.0,0.045454545454545456,0.0,0.0,0.0,0.0,0.0,0.0,0.0,0.10526315789473684,0.0,0.0,0.0,0.09523809523809523,0.10526315789473684,0.0,0.3125,0.0,0.14285714285714285,0.0,0.3125,0.0,0.10526315789473684,0.0,0.10526315789473684,0.0,0.0,0.0,0.35294117647058826,0.0,0.0,0.0,0.0,0.0,0.0,0.0,0.0,0.0,0.0,0.0,0.0,0.05,0.0,0.07692307692307693,0.0,0.0,0.0,0.0,0.0,0.0,0.0,0.0,0.0,0.0,0.0,0.0,0.0,0.0,0.0,0.0,0.0,0.0,0.0,0.0,0.0,0.0,0.0,0.0,0.0,0.0,0.0,0.0,0.0,0.0,0.0,0.0,0.0,0.0625,0.0,0.0,0.0,0.0,0.0,0.0,0.0,0.0,0.0,0.0,0.0,0.0,0.0,0.0,0.0,0.0,0.0,0.0,0.0,0.0,0.0,0.0,0.0,0.0,0.0,0.0,0.0,0.0,0.07142857142857142,0.0,0.0,0.0,0.0,0.0,0.0,0.0,0.0,0.0,0.0,0.0,0.0,0.0,0.0,0.0,0.0,0.0,0.0,0.0,0.0,0.0,0.0,0.0,0.0,0.0,0.0,0.0,0.13333333333333333,0.0,0.23529411764705882,0.0,0.11764705882352941,0.1111111111111111,0.2222222222222222,0.0,0.0,0.0,0.0,0.0,0.0,0.0,0.07142857142857142,0.0,0.043478260869565216,0.06666666666666667,0.43478260869565216,0.0,0.43478260869565216],"total_num_species":[1,1,1,1,1,10,32,11,9,38,13,11,8,13,8,27,7,27,8,32,10,9,25,11,5,11,5,19,4,14,4,17,4,13,6,18,6,21,4,16,6,11,7,14,6,14,5,23,7,13,8,14,8,15,7,23,6,9,7,7,18,8,28,8,28,11,8,12,8,23,8,20,10,11,6,24,9,14,9,34,9,20,9,41,10,9,29,7,34,9,32,6,33,7,30,9,31,8,33,7,33,7,26,7,20,9,18,9,11,10,9,14,8,22,8,13,10,9,19,9,14,9,11,9,12,10,11,4,25,6,27,6,17,7,13,8,11,8,17,8,8,8,7,14,8,15,8,15,10,11,7,15,7,14,7,9,9,59,10,10,12,7,28,8,26,7,33,8,27,9,34,10,12,7,25,9,22,10,10,11,8,22,7,20,8,23,8,26,7,25,7,26,7,21,10,9,23,10,10,9,29,8,28,10,10,9,30,9,29,9,23,9,26,9,28,9,19,10,9,19,9,16,8,18,8,28,8,23,9,17,11,7,21,7,23,7,26,7,18,6,13,5,25,6,19,8,22,6,21,8,17,6,24,8,17,6,19,6,15,7,17,7,26,5,19,7,12,8,19,8,16,9,16,6,9,7,8,9,43,7,73,7,72,10,11,8,25,9,24,10,11,8,17,7,23,8,11,7,12,7],"avg_species_distances":[-1.0,-1.0,-1.0,-1.0,-1.0,0.11111111111111113,0.19290034562211988,0.25487012987012986,0.3179012345679012,0.30482004560952186,0.3608909608909607,0.3880165289256199,0.34090909090909083,0.41009602932679834,0.28876123876123877,0.40488713565636697,0.43607503607503595,0.39753334667864626,0.3780380333951762,0.41835562790704,0.4498383098383099,0.4131993006993007,0.43476184926184874,0.38226584022038573,0.47630952380952374,0.43749508067689874,0.2727272727272727,0.4503988457935826,0.49940476190476196,0.4529547483328998,0.4270833333333333,0.4476681622875396,0.48759920634920645,0.41686097022635504,0.44878306878306873,0.41806932174579253,0.4196825396825396,0.44101196213978244,0.48677248677248675,0.4588582032003087,0.3718518518518518,0.4686335886335889,0.4329554043839758,0.44764410695244594,0.37746031746031744,0.4790187994641441,0.28157894736842104,0.4649692745976959,0.4215599876314162,0.47220516411692887,0.4387755102040816,0.5194558592667836,0.5148951247165532,0.5090031802194562,0.36785714285714277,0.4080833234757057,0.47342543077837196,0.4336805555555554,0.5275443510737627,0.5446123321123321,0.44243628824078707,0.5180255756148612,0.4320038938911487,0.5380841354760527,0.43591403516154204,0.49369132282796807,0.5153262620837809,0.5107523059728948,0.5164559125085442,0.45806304078248233,0.5184355979233798,0.44097387431426893,0.48403736614262943,0.5086179291203217,0.5369883040935672,0.46357014507505845,0.5131421031382333,0.49558183177199616,0.45299048491450455,0.4701740011933554,0.4948506566427047,0.484927675700589,0.5108000728471743,0.4744727244820178,0.5067825920018902,0.499035341336066,0.4673063349210765,0.5490100002971857,0.4648528782037396,0.5163520775386718,0.4709855712771022,0.5497225689388162,0.47316087623817205,0.5013538748832866,0.4774392254337217,0.5093573327500338,0.45047698428289745,0.5041021671826627,0.4737062584016454,0.5051187751988667,0.4706498628286119,0.5172821760283062,0.48091693310813693,0.5304182771506772,0.49993674746542266,0.4779006959863515,0.47488614420819675,0.539280431470834,0.5232980996758089,0.49218781587890653,0.5132214523236197,0.5287874679267188,0.5444240449216122,0.4479965753783283,0.5508790106431588,0.4980099051557748,0.5180886857667042,0.5442323626628378,0.3720152715361039,0.534576580695843,0.5039481664661778,0.5243427567730974,0.5061466552920316,0.5223556992082365,0.5109829944737065,0.5325280521565349,0.515147585195523,0.47450980392156855,0.5001916940035631,0.5217180205415499,0.45719081515222915,0.5503174603174603,0.43758744139367006,0.5002267573696144,0.475658831908832,0.4828882129774987,0.527852813852814,0.5354107796964939,0.47145449525964234,0.5556292517006801,0.5521585557299841,0.5516312358276644,0.5600302343159486,0.4147154798803153,0.5445578231292516,0.4039851154136872,0.5493910851053707,0.4228844171701315,0.5079918541879328,0.49930938936286545,0.5611314611314611,0.4354093836446775,0.5619502190930762,0.4090048925962243,0.5479166058113426,0.5067926225820963,0.5296947204841941,0.4765552828938442,0.5223735215401882,0.5229937590025309,0.5065604595209859,0.5629662491504596,0.44526335473187834,0.5382309732873641,0.4547408705184368,0.5636624340571708,0.4471661516480583,0.5350000693750694,0.4490166023529009,0.5184430119665626,0.44420571097673023,0.529283062545839,0.5047321226615515,0.5650699461070978,0.45958639944506835,0.5343951036574539,0.49156734750498593,0.5055685568874424,0.5152407976901179,0.5031526873389843,0.5631023070496755,0.466181502822369,0.5502015909338562,0.48453173174286,0.5575000000000001,0.4591458997963474,0.5577033721427315,0.4566828085007947,0.580911680911681,0.4247195639290231,0.5780045351473924,0.4403542129011131,0.5412698412698413,0.45850871415853234,0.5321047937569675,0.5099287749287749,0.46774976508092203,0.5440648723257417,0.5151094690749864,0.5596654117487448,0.42321812638932393,0.5600904452690166,0.43208799781454243,0.54845046311713,0.5385736485736486,0.5321822621822622,0.44034342968375995,0.47896514113905425,0.43458538367940713,0.5423972323972324,0.4710467920078906,0.5316416272938013,0.44252691913300957,0.5331373537895278,0.41530028067443875,0.5209273415795153,0.48093647282293994,0.4990815947337688,0.5403562557452718,0.40965599274644215,0.5329980003893047,0.4782826182580581,0.5566342883307167,0.46825040813366875,0.4935652145473572,0.43706046265783494,0.5587788534217105,0.434226597774985,0.471955834803057,0.4637001711699293,0.5141944335126154,0.3931122448979592,0.4901513442892095,0.5020030234315949,0.47230797948517667,0.5670376872373801,0.5039249456646233,0.4959086328133947,0.4484531981844955,0.4959235209235209,0.5129601208230242,0.5211580086580085,0.45781628690902904,0.47685551163812046,0.49584491466765573,0.5086199802501645,0.4472420733155967,0.4,0.5123394419887953,0.43677346417494217,0.4647257235592428,0.5939371373317589,0.5183680569631167,0.5382330710061801,0.49484967772329613,0.48982932776036237,0.4637950293298441,0.5082657932556512,0.5260319713537034,0.5184979789017056,0.5159569088777778,0.5247622287295728,0.48566664571362916,0.48589587559161596,0.5043124574169012,0.45513102034841163,0.5137800156294401,0.3910546066252589,0.5133666228024676,0.4900369930580929,0.5092572957880661,0.541458510940608,0.5077633935412338,0.51235278087452,0.5192699946323135,0.49987577639751557,0.5459233892832496,0.5342675344426552,0.4541148317479207,0.5703493788819876,0.4866954748041108,0.5695761193569013,0.47393964431666985,0.5006963218078441,0.4810750908728428,0.5449790892337476,