{"min_species_distances":[-1.0,-1.0,-1.0,-1.0,0.25,0.0,0.1111111111111111,0.0,0.09090909090909091,0.1111111111111111,0.0,0.0,0.2,0.0,0.0,0.0,0.0,0.0,0.0,0.375,0.0,0.4444444444444444,0.0,0.45454545454545453,0.0,0.05263157894736842,0.0,0.0,0.0,0.0,0.0,0.0,0.0,0.09090909090909091,0.0,0.26666666666666666,0.0,0.0,0.0,0.0,0.21428571428571427,0.0,0.0,0.0,0.0,0.0,0.0,0.0,0.0,0.0,0.0,0.0,0.0,0.0,0.0,0.0,0.08333333333333333,0.0,0.15384615384615385,0.0,0.0,0.0,0.0,0.0,0.0,0.0,0.0,0.0,0.0,0.0,0.0,0.0,0.0,0.0,0.0,0.0,0.0,0.0,0.0,0.0,0.058823529411764705,0.0,0.0,0.0,0.0,0.0,0.0,0.0,0.0,0.0,0.0,0.0,0.0,0.0,0.0,0.0,0.0,0.0,0.0,0.14285714285714285,0.0,0.08333333333333333,0.0,0.0,0.0,0.0,0.0,0.0,0.0,0.0,0.0,0.0,0.0,0.0,0.21428571428571427,0.0,0.0,0.0,0.0,0.058823529411764705,0.0,0.0,0.0,0.0,0.5,0.0,0.14285714285714285,0.0,0.03571428571428571,0.0,0.3125,0.0,0.058823529411764705,0.0,0.0,0.0,0.0,0.0,0.0,0.0,0.0,0.0,0.3684210526315789,0.0,0.0,0.0,0.0,0.0,0.4642857142857143,0.0,0.4642857142857143,0.0,0.0,0.0,0.0,0.0,0.0,0.0,0.0,0.0,0.0,0.0,0.0,0.0,0.0,0.0,0.0,0.0,0.0,0.0,0.0,0.0,0.0,0.0,0.0,0.0,0.0,0.0,0.0,0.0,0.0,0.0,0.043478260869565216,0.0,0.058823529411764705,0.0,0.0,0.0,0.0,0.0,0.0,0.0,0.0,0.0,0.0,0.0,0.0,0.0,0.0,0.0,0.0,0.0,0.0,0.07692307692307693,0.0,0.0,0.0,0.0,0.0,0.0,0.0,0.0,0.0,0.0,0.0,0.0,0.0,0.0,0.0,0.038461538461538464,0.038461538461538464,0.0,0.0,0.0,0.0,0.0,0.0,0.0,0.0,0.0,0.0,0.0,0.05263157894736842,0.0,0.05263157894736842,0.0,0.0,0.18181818181818182,0.0,0.0,0.0,0.0,0.0,0.0,0.0,0.07692307692307693,0.0,0.1111111111111111,0.0,0.0,0.0,0.0,0.0,0.2,0.0,0.0,0.0,0.07692307692307693,0.0,0.0,0.0,0.3684210526315789,0.0,0.0,0.0,0.3684210526315789,0.0,0.3684210526315789,0.0,0.3684210526315789,0.0,0.07692307692307693,0.0,0.3684210526315789,0.0,0.3684210526315789,0.0,0.0,0.0,0.0,0.0,0.0,0.0,0.07692307692307693,0.0,0.3684210526315789,0.0,0.07692307692307693,0.0,0.0,0.0,0.13636363636363635,0.0,0.0,0.0,0.0,0.0,0.0,0.0,0.0],"total_num_species":[1,1,1,1,2,13,7,53,16,9,38,14,8,35,11,8,23,10,14,4,16,2,12,3,16,5,8,8,17,9,32,9,27,9,22,8,23,10,17,11,5,15,6,17,5,15,7,23,6,24,7,17,6,23,7,22,6,28,5,32,7,27,8,29,8,26,8,17,8,20,9,14,8,14,8,16,8,26,9,19,8,13,8,14,8,10,10,9,7,11,7,14,10,9,12,9,9,13,10,10,10,11,9,14,9,14,10,12,6,22,8,12,7,14,7,17,9,9,13,9,20,10,10,12,5,15,6,13,7,15,7,15,7,15,7,16,8,19,7,20,9,21,7,31,9,20,7,27,6,28,6,17,8,21,9,16,10,10,9,18,9,18,11,8,9,20,8,19,9,26,9,30,10,10,10,11,6,20,8,18,8,19,8,22,8,21,7,19,8,21,8,20,7,30,10,7,23,8,15,9,18,6,20,8,11,8,12,7,16,7,17,8,10,12,6,22,7,13,8,13,7,13,8,12,9,13,7,6,6,6,7,39,7,55,8,73,13,8,27,8,34,8,31,6,22,8,25,9,37,7,35,7,28,7,38,8,37,9,42,10,14,6,28,7,29,6,25,6,22,7,28,8,25,7,18,7,22,8,16,8,17,8,18,8,18,7,19,8,19,9,12,9,13,9,15,9,17,9,17,9],"avg_species_distances":[-1.0,-1.0,-1.0,-1.0,0.25,0.15822140822140826,0.2777777777777778,0.27109345057458417,0.3222411616161615,0.3560044893378227,0.3509422614685804,0.37747014889872,0.4027056277056277,0.38078529313823756,0.37042896497441946,0.38436563436563437,0.40995177418102247,0.3707588707588708,0.43656343656343666,0.5251623376623377,0.4294121156621156,0.4444444444444444,0.4318894068894069,0.5292929292929293,0.4842437916615548,0.4614473684210525,0.4988266119845067,0.4687613921166553,0.4359961358945495,0.4835747829168883,0.4060924798708651,0.44051922736133264,0.3941931687545716,0.4896279617641847,0.4340503970183114,0.5214285714285715,0.4215405625659058,0.48063411896745223,0.4663068711133159,0.44335997335997335,0.5204965622612681,0.4721281134324609,0.3172905525846702,0.5009020045385133,0.3743697478991597,0.5155231416575953,0.5213714360302056,0.48138666248561124,0.423860453272218,0.4902398835457884,0.321499614338489,0.4838622882308001,0.4496007696007696,0.5273701143636406,0.4442125230925876,0.48834127420834816,0.4504699004699005,0.5047491301668405,0.5175860323886641,0.5053630623708882,0.45203376406383927,0.5037409263748523,0.5284851222657695,0.49735216944855726,0.45834072759538586,0.4940603444747081,0.5046606602507222,0.47571063790608814,0.4694764862466725,0.48533732222519477,0.48790989606207,0.3789181275803351,0.43008464749536185,0.4702713952713949,0.5151477986299415,0.4762992291524904,0.4041564995563443,0.517898508960381,0.5492481552264161,0.4880352198665567,0.5753101407787194,0.49287940320548984,0.5479658385093168,0.42960710654212814,0.5182130912565694,0.5422359846272891,0.563808413808414,0.5526949399232008,0.5337301587301587,0.49467615717615715,0.5836385836385836,0.4661876584953508,0.5164969834087482,0.5369444349223761,0.4754677326535615,0.5200520476255769,0.5332587596680735,0.49090712305168144,0.5361196102372573,0.5399620713346205,0.5353209317915202,0.5206006115097024,0.5530575053601369,0.4711371624327089,0.5530575053601369,0.5010766438168374,0.5392699921337692,0.5152036577504493,0.5812354312354312,0.4743716496536043,0.5651886803672518,0.5332210941168163,0.5676139336853623,0.4859514838748841,0.5742471813900385,0.516855230625776,0.5391268697189749,0.5564768156679923,0.5040836802714634,0.5450703299968007,0.4323143136533233,0.5434813189715152,0.554465405690896,0.5173354159539544,0.633733164983165,0.5046579180302234,0.5870691037357704,0.47957237676440573,0.5829239103048628,0.5110728966004111,0.582940341998313,0.5288856577649679,0.5497564345603562,0.499852737552348,0.5796009115108495,0.5089589596569971,0.5666639610389611,0.5013592571065005,0.5822639661925377,0.4876892973608843,0.5446428571428572,0.4976503621393937,0.6086543469062266,0.4981559392173471,0.53677398989899,0.4995634682338288,0.5978535353535355,0.4918621430384822,0.6203282828282828,0.4655258550277337,0.6203282828282828,0.5164095273276775,0.5655051793444651,0.4302973603255557,0.5073693667443667,0.5181929181929185,0.5186651311651312,0.548077848077848,0.5470031644600609,0.5086367472192941,0.5576887570824979,0.5134930305459007,0.5159119062755427,0.5388566790352504,0.5367739898989898,0.4944966312850206,0.5528481934731934,0.5135010057029311,0.5490879451008761,0.5126244535651179,0.5437188505938507,0.4640980580966568,0.5388363118363118,0.5473781854216637,0.5538301134086574,0.5473111038427244,0.5055555555555555,0.49895054887903884,0.46336659663865554,0.5079963172256277,0.5041318975142505,0.5148704817753119,0.5315127455073109,0.5329737140955663,0.5405185148285228,0.5337769601753102,0.5818185034649671,0.5444777657813753,0.4713287488908606,0.49069545955002253,0.5920046651738697,0.5193024510245297,0.39972142703235136,0.5254049938430283,0.5631579901930948,0.5537646084074656,0.48594640645609555,0.5510374149659865,0.5320948827083283,0.5607616262640771,0.5341601409788383,0.495976800976801,0.5093079460040338,0.583843191122603,0.5633006758132151,0.5749555591467356,0.5439085496530639,0.5061823361823362,0.534643827690228,0.5841548157724629,0.5175197820390447,0.5394521654815773,0.5297423328305682,0.5251493744020164,0.566289592760181,0.49173219990828854,0.5370041862899004,0.5773126540715217,0.5757091298057683,0.5503516502337845,0.5423643816500958,0.5396475394149093,0.5643467643467643,0.5118848743848746,0.49031101614434935,0.5059677949566288,0.5738883801383801,0.5839351851851851,0.5909453509453508,0.5914478114478113,0.5725337842984901,0.5101362272320894,0.5891915954415954,0.5010751303396797,0.5602847262386735,0.4967742717642425,0.5240950850768666,0.5774146094918152,0.4950971166706829,0.5189879564879565,0.4887368289381272,0.5702932178116,0.4672168306959641,0.6018874643874644,0.47731046187494536,0.5747355580221293,0.465032787433809,0.5591469985584968,0.47511461046271025,0.594602157102157,0.46168159105337814,0.5769223287605639,0.485350892109886,0.5945029507529507,0.5021702574979736,0.5716098137973137,0.4873285581491318,0.5680916522966962,0.4878900742331108,0.5639982702482702,0.5148340529080845,0.6160209551656919,0.4849620189084245,0.5752301426643531,0.508745025419539,0.6070850202429149,0.5089378969199014,0.610944669365722,0.49676222899907113,0.5788991710044341,0.4949160570456456,0.5555622831116251,0.47727546561911915,0.5770676691729323,0.5022135902166863,0.5770676691729323,0.5062302769738977,0.5528150303643724,0.5173869268523875,0.5528150303643724,