{"min_species_distances":[-1.0,-1.0,-1.0,-1.0,0.0,0.0,0.125,0.16666666666666666,0.1,0.0,0.09090909090909091,0.0,0.08333333333333333,0.0,0.0,0.0,0.0,0.36363636363636365,0.0,0.0,0.0,0.0,0.0,0.0,0.0,0.0,0.0,0.0,0.0,0.0,0.0,0.0,0.0,0.0,0.0,0.0,0.0,0.0,0.0,0.0,0.0,0.0,0.0,0.08333333333333333,0.0,0.0,0.0,0.0,0.0,0.125,0.0,0.0,0.0,0.0,0.0,0.0,0.0,0.0,0.0,0.0,0.0,0.0,0.0,0.0,0.0,0.0,0.0,0.0,0.0,0.0,0.0,0.0,0.0,0.0,0.0,0.0,0.0,0.0,0.0,0.0,0.0,0.0,0.0,0.0,0.0,0.0,0.0,0.0,0.0,0.0,0.0,0.0,0.0,0.0,0.0,0.0,0.0,0.0,0.0,0.0,0.0,0.0,0.0,0.0,0.0,0.058823529411764705,0.0,0.0,0.0,0.0,0.0,0.0,0.0,0.058823529411764705,0.0,0.0,0.0,0.0,0.0,0.0,0.0,0.0,0.0,0.0,0.0,0.0,0.0,0.3,0.0,0.0,0.0,0.0,0.0,0.0,0.0,0.05555555555555555,0.0,0.0,0.0,0.05,0.0,0.0,0.0,0.047619047619047616,0.0,0.0,0.0,0.0,0.0,0.0,0.0,0.0,0.0,0.5,0.0,0.0,0.0,0.047619047619047616,0.0,0.0,0.0,0.0,0.0,0.038461538461538464,0.0,0.0,0.0,0.0,0.0,0.0,0.0,0.0,0.0,0.0,0.0,0.5652173913043478,0.0,0.0,0.0,0.047619047619047616,0.0,0.7142857142857143,0.0,0.5714285714285714,0.0,0.0,0.0,0.047619047619047616,0.0,0.0,0.047619047619047616,0.0,0.0,0.0,0.0,0.0,0.0,0.0,0.26666666666666666,0.0,0.0,0.0,0.0,0.0,0.0,0.0,0.0,0.0,0.0,0.0,0.0,0.0,0.0,0.0,0.0,0.7142857142857143,0.0,0.7142857142857143,0.0,0.7142857142857143,0.0,0.0,0.0,0.0,0.0,0.03225806451612903,0.18181818181818182,0.0,0.1111111111111111,0.0,0.15384615384615385,0.0,0.0,0.0,0.0,0.0,0.0,0.0,0.0,0.0,0.0,0.0,0.0,0.125,0.0,0.0,0.0,0.0,0.0,0.0,0.0,0.0,0.0,0.125,0.125,0.0,0.0,0.0,0.2222222222222222,0.0,0.0,0.0,0.0,0.0,0.0,0.0,0.0,0.0,0.0,0.0,0.0,0.0,0.0,0.0,0.0,0.0,0.043478260869565216,0.0,0.5,0.0,0.0,0.0,0.043478260869565216,0.0,0.043478260869565216,0.0,0.030303030303030304,0.0,0.0,0.0,0.030303030303030304,0.0,0.0,0.0,0.0,0.0,0.0,0.09090909090909091,0.0,0.26666666666666666],"total_num_species":[1,1,1,1,5,24,13,10,10,15,9,42,11,9,26,8,23,9,29,12,4,9,11,7,17,6,27,6,30,9,19,8,30,9,14,10,9,15,10,11,7,10,7,7,10,9,16,10,11,8,24,9,27,13,7,21,6,32,7,30,9,28,9,30,10,11,5,17,8,22,7,21,7,16,7,30,8,21,7,14,6,23,6,21,8,25,7,17,8,29,8,33,9,32,10,8,17,8,22,9,17,7,23,9,18,9,16,8,15,7,12,7,13,7,19,9,14,8,9,9,20,8,23,9,23,8,23,7,16,10,15,8,20,7,21,6,21,7,21,8,24,9,25,7,22,9,20,9,18,9,17,7,18,7,17,7,18,8,18,9,11,9,17,11,8,21,9,24,8,22,6,23,7,31,11,4,19,4,14,3,17,2,13,3,9,5,5,6,8,33,11,9,30,12,7,29,10,11,7,11,9,27,11,6,14,8,14,7,18,9,19,10,8,15,11,2,15,2,12,2,10,6,10,7,8,7,7,42,10,15,9,23,10,11,10,15,9,17,10,9,15,9,19,8,20,9,14,9,13,8,15,9,16,10,10,14,6,25,5,25,5,19,4,19,5,19,5,15,7,15,5,18,7,22,5,18,5,13,5,18,7,16,5,16,6,13,6,15,5,8,7,11,7,11,8,7,17,8,23,8],"avg_species_distances":[-1.0,-1.0,-1.0,-1.0,0.2257936507936508,0.24304836668967109,0.30990999740999725,0.3633894500561168,0.36329966329966334,0.3395141895141892,0.3890022015022016,0.36909454592381546,0.4210164582891854,0.412004662004662,0.40950068734684114,0.4405594405594405,0.3906331481430294,0.46704869204869204,0.4180583578982599,0.4346396028214211,0.25,0.4337620712620713,0.45679411497593336,0.45976880262594544,0.4103925486278434,0.43549783549783544,0.39959854959854973,0.4627705627705628,0.40518643177872515,0.45143059554824255,0.4096907478486425,0.47969834787061666,0.410946913877949,0.44066334899668225,0.4397115704808013,0.44278018278018294,0.4355440855440855,0.4254719883291312,0.46731786731786745,0.4506295219931585,0.45786435786435753,0.4472120472120474,0.4934426684426684,0.49264624264624257,0.5042755490123914,0.51525852315326,0.45855801605801616,0.4793058793058796,0.5081684065535742,0.4889069264069264,0.45825943777173694,0.5224852693602693,0.45198608371685306,0.5017433954933956,0.5012085137085136,0.46814746847355515,0.4355555555555555,0.49626445025287846,0.5061507936507935,0.44177940664248955,0.49640313390313384,0.4416812937296128,0.47462606837606836,0.4984286275665592,0.4994201441260267,0.513716704863764,0.56875,0.4957775842237351,0.5431197478991596,0.40608092887504765,0.5339007240323029,0.47793797275995537,0.44624060150375944,0.46563723285085507,0.4909313725490196,0.49551040371164073,0.4502480158730157,0.4792248012565359,0.534405253329402,0.454523273027679,0.5265196078431372,0.4875263305889905,0.4683660130718954,0.4843565444621401,0.3709821428571428,0.49488054364795875,0.4531954887218045,0.5108790370061658,0.41532738095238086,0.4892816246280722,0.40720663265306106,0.49516014789089396,0.46684854497354483,0.4898801832914836,0.43220121381886084,0.4321853741496598,0.4898647326577689,0.47183248299319713,0.4693603517962208,0.5137449424214131,0.5024752124557492,0.352766106442577,0.4800010136952757,0.5013631914754206,0.47759540445902743,0.5110180646332606,0.4232241002461593,0.4690126050420167,0.5113955885384459,0.49150493530745626,0.520536244800951,0.5223817304699657,0.42996137849079036,0.5623607220666044,0.4901962120643889,0.5543259803921569,0.47334051569345725,0.5160207113148291,0.5452661678706572,0.5499331941708103,0.4939307423406227,0.5631900942195059,0.4950121929340619,0.5731739212131369,0.440590260446107,0.5497152194211018,0.4668875194940415,0.6028415810768751,0.5051416035891739,0.5508973662121237,0.5110337340677898,0.5583461103739742,0.5111350942613783,0.5856589185381755,0.5123507746423869,0.5725797500286665,0.49006940348352745,0.5856589185381755,0.5070121006049066,0.5545434665094107,0.5141420510024969,0.5590404865649964,0.4822517612113074,0.5726828509181451,0.49068903584825785,0.5547523881347411,0.5171184572628682,0.5611229121278141,0.5001919438799487,0.5367057007988381,0.5276410099643575,0.577024587612823,0.5070073276652594,0.6004263927793341,0.45524888854424367,0.5732407407407408,0.49521525393269067,0.5720403994931306,0.5157071083616145,0.5794777691778468,0.5406996666785286,0.5284581278905328,0.479568822424388,0.5531036020805322,0.5590172428620571,0.5119073503936401,0.5256416504223523,0.5045248785230608,0.5808867406611767,0.5011804934626689,0.5536197110423117,0.5006557294577219,0.5339923337756155,0.5165073756157862,0.5363639501343094,0.6541925465838508,0.5222008754255786,0.3499999999999999,0.5310396898300481,0.48730158730158735,0.5135364145658263,0.7142857142857143,0.5310400614710957,0.6904761904761904,0.43009259259259264,0.5636847290640394,0.5688571428571428,0.5893015873015873,0.545729746444032,0.4949386743234715,0.5278097451138203,0.5675910509243843,0.37915917415917433,0.5031569440660353,0.5870779466838579,0.4159049149706539,0.5284895021963989,0.5350259849868001,0.5836217422424319,0.523886917680021,0.5540184857713594,0.4607575137637029,0.5329203183564241,0.5709496442255062,0.5225379541737115,0.5381462929999585,0.521470849102751,0.5838026746748857,0.5018152132358871,0.5568756238127435,0.5010970490232797,0.5303776683087027,0.5287319669247009,0.5153902365543919,0.5380285468419346,0.7142857142857143,0.5059038638095433,0.7142857142857143,0.5001449666546954,0.7142857142857143,0.5151873235595891,0.5832804232804232,0.4166731602623335,0.5561675566283861,0.5742479465134964,0.5924167876750948,0.5941046700445196,0.5112532202862892,0.5349385669561108,0.5130971892795807,0.5757690114544954,0.4419258569910507,0.5584308798633926,0.5415598936913953,0.5706043588556322,0.4962826818863967,0.5661141390318459,0.49626402160218464,0.5667081123987145,0.569565033599289,0.496630629931339,0.5508028516567416,0.46513330806512876,0.600114893304372,0.48224738702245584,0.5816479977221015,0.5022389113296208,0.575608139100599,0.5036516291980343,0.6042861687398788,0.47636256378434405,0.5978551018873602,0.45049483222870307,0.5821279735795867,0.5781620350975191,0.5346650159482486,0.5233333333333333,0.54871272028625,0.6096410533910535,0.5067289572639639,0.5835497835497836,0.5661084195397921,0.59004329004329,0.46627379979782724,0.46505681818181815,0.5121942063236317,0.556729055258467,0.49094163686555004,0.5386185875316309,0.4914145658263308,0.5600324675324675,0.46026607869669917,0.3722556216162355,0.4774844649844658,0.5755013368983958,0.5173150459698903,0.5002528481748431,0.47617974935749885,0.6364639037433155,0.49203934029407703,0.45453761214630783,0.4815777592328105,0.5714303359683794,0.5109895414687614,0.5352511763598718,0.45906740495934883,0.5594251336898396,