{"min_species_distances":[-1.0,-1.0,-1.0,-1.0,0.14285714285714285,0.0,0.14285714285714285,0.0,0.1111111111111111,0.0,0.0,0.09090909090909091,0.0,0.0,0.08333333333333333,0.0,0.0,0.0,0.0,0.0,0.0,0.0,0.0,0.0,0.0,0.09090909090909091,0.0,0.0,0.0,0.0,0.0,0.0,0.0625,0.0,0.0,0.0,0.0,0.0,0.0,0.0,0.0,0.0,0.0,0.0,0.0,0.0,0.0,0.0,0.0,0.0,0.0,0.0,0.0,0.0,0.0,0.0,0.0,0.0,0.375,0.4117647058823529,0.15384615384615385,0.0,0.15384615384615385,0.0,0.15384615384615385,0.0,0.1111111111111111,0.125,0.0,0.0,0.0,0.0,0.0,0.0,0.0,0.15384615384615385,0.0,0.0,0.0,0.15789473684210525,0.0,0.0625,0.0,0.0,0.15789473684210525,0.0,0.0,0.0,0.0,0.0,0.0,0.0,0.0,0.0,0.0,0.0,0.0,0.0,0.0,0.0,0.0,0.0,0.0,0.0,0.0,0.0,0.0,0.0,0.0,0.0,0.0,0.0,0.0,0.0,0.0,0.0,0.0,0.0,0.0,0.0,0.0,0.0,0.0,0.0,0.05263157894736842,0.0,0.05263157894736842,0.0,0.0,0.0,0.0,0.0,0.0,0.0,0.0,0.15384615384615385,0.0,0.15384615384615385,0.26666666666666666,0.0,0.15384615384615385,0.0,0.0,0.0625,0.29411764705882354,0.0,0.0,0.0,0.0,0.0,0.0,0.0,0.0,0.038461538461538464,0.0,0.05263157894736842,0.0,0.0,0.0,0.0,0.0,0.07407407407407407,0.0,0.5,0.0,0.42105263157894735,0.0,0.0,0.15384615384615385,0.0,0.08333333333333333,0.0,0.0,0.0,0.0,0.0,0.0,0.0,0.17647058823529413,0.0,0.0,0.0,0.0,0.0,0.0,0.0,0.0,0.08,0.0,0.08,0.0,0.0,0.0,0.03571428571428571,0.0,0.0,0.0,0.0,0.0,0.5,0.0,0.48148148148148145,0.0,0.4666666666666667,0.0,0.4666666666666667,0.0,0.43478260869565216,0.0,0.0,0.0,0.041666666666666664,0.0,0.0,0.0,0.0,0.0,0.0,0.0,0.0,0.0,0.5172413793103449,0.0,0.0,0.0,0.0,0.0,0.0,0.0,0.0,0.0,0.08333333333333333,0.0,0.45161290322580644,0.0,0.5666666666666667,0.0,0.08333333333333333,0.0,0.08333333333333333,0.0,0.0,0.0,0.0,0.0,0.0,0.0,0.0,0.0,0.034482758620689655,0.0,0.0,0.0,0.0,0.07692307692307693,0.06666666666666667,0.0,0.0,0.0,0.0,0.0,0.0,0.0,0.0,0.0,0.0,0.08333333333333333,0.0,0.0,0.0,0.05555555555555555,0.0,0.05555555555555555,0.0,0.08333333333333333,0.0,0.0,0.0,0.0,0.0,0.0,0.0,0.0,0.0,0.0,0.0,0.47619047619047616,0.0,0.0,0.0,0.0,0.0,0.0,0.0,0.0,0.0,0.030303030303030304,0.0,0.0,0.0],"total_num_species":[1,1,1,1,2,14,8,76,16,10,20,11,6,17,6,20,5,29,8,24,9,24,9,13,11,4,26,6,16,5,13,5,11,5,20,7,13,7,16,6,9,9,9,23,10,13,7,23,8,21,7,20,7,14,8,14,8,11,6,6,7,61,7,82,8,97,11,8,27,9,38,9,35,10,10,10,10,9,42,9,43,10,10,13,6,34,8,23,10,10,11,7,17,9,16,8,21,10,8,25,9,23,8,22,8,28,9,19,11,6,22,8,16,7,10,10,8,8,7,13,7,11,7,17,6,14,7,10,9,43,11,7,19,7,10,9,59,11,8,23,9,37,10,12,8,19,9,21,11,8,17,7,15,6,25,6,13,6,16,6,16,6,14,5,8,6,8,56,10,12,7,21,9,27,8,34,10,11,9,16,10,10,10,10,13,7,18,7,16,7,19,9,26,8,16,7,22,7,17,6,12,6,15,6,11,6,17,7,12,8,19,8,16,8,21,10,11,7,22,3,23,4,17,5,22,5,19,7,17,6,20,4,16,4,16,3,19,5,12,4,16,6,14,5,18,5,17,4,10,5,5,7,7,28,10,11,8,15,7,26,7,34,9,23,10,11,6,21,8,12,9,13,8,16,8,23,9,25,10,9,14,9,20,9,22,11,6,19,7,22,8,16,8,13,7,14,8,20,9,14],"avg_species_distances":[-1.0,-1.0,-1.0,-1.0,0.14285714285714285,0.16875981161695433,0.2590702947845805,0.2512969924812039,0.3068749999999996,0.33012345679012367,0.35326156299840467,0.3826446280991735,0.3818181818181817,0.35397727272727253,0.3964646464646464,0.38336461783830195,0.3517482517482517,0.40215203515696135,0.4147281290138432,0.396534021534022,0.4336358086358086,0.39788267288267304,0.4212352462352462,0.4323087169241015,0.4392652801743711,0.507711038961039,0.4485975751247244,0.24659090909090908,0.4746996406371408,0.4791208791208791,0.45429963136411117,0.44818181818181824,0.46882109868740884,0.29545454545454547,0.47487649605296633,0.4646765271765271,0.4880996046437224,0.49878405907817674,0.425470871040724,0.3549019607843137,0.5024717294325137,0.44967320261437904,0.4836737472766884,0.44782479545401893,0.4974509803921571,0.46179403385285767,0.5266417678182383,0.4438667534137988,0.5110644257703081,0.4311317084188603,0.5365624027388732,0.44615681086697073,0.5184873949579832,0.46107415612357305,0.5101190476190476,0.38532965142872294,0.5079715219421101,0.4610162773243271,0.5615686274509802,0.5654901960784314,0.5356212142976849,0.4694691677361178,0.5371456544831159,0.4734061832343998,0.5366416134604989,0.4749701415566982,0.4984237296930796,0.5066604931446262,0.43518031792190975,0.4967377594312576,0.4063425028982312,0.4932504873294346,0.41861875829159934,0.4871308718419141,0.4756262661009823,0.48151305866476146,0.46598196513573203,0.5063677712800518,0.4135567601727615,0.4970110461338532,0.4383311094493117,0.48822124756335283,0.48836907082521125,0.4707410422656419,0.5298732943469786,0.47803665450605404,0.5039682539682538,0.47622489533917767,0.47122310132630046,0.4726522187822497,0.4772201895112111,0.538449297847794,0.48901814079605,0.49518097643097636,0.4804127846790891,0.4589285714285714,0.4707770689349644,0.5108465608465609,0.5301736484067311,0.45917092550216165,0.46197089947089953,0.4710633052032827,0.4842261904761907,0.42334398655983296,0.5044560511951816,0.46273606792004257,0.5196271522358478,0.4936341689232213,0.5139722806837431,0.5652063492063492,0.4600733027922545,0.5039285714285715,0.49007951856178406,0.4955555555555557,0.46829239766081876,0.5445171559519386,0.5602110627739918,0.5521247412008281,0.5775813558422253,0.5093581468893913,0.5798537033777308,0.5494954473444178,0.5750966183574879,0.45656715194438974,0.581417493007882,0.4692572193957764,0.5691081568655939,0.511707165535541,0.5364945394112062,0.40149123072602044,0.49497010236140665,0.5785337367946065,0.38224680057632004,0.5686905100204332,0.5365912894847251,0.556653787310224,0.4551312718514869,0.5215118892319544,0.5501374172857549,0.47011306671816255,0.5287280525984704,0.41859661617137833,0.5081882005620284,0.4724593979005744,0.547904843096659,0.39938762961096624,0.5051072505058012,0.40262119395862217,0.4935023061621528,0.5018443311921571,0.48791794286735607,0.5737643998513563,0.5103717222538062,0.5801189149015236,0.46678623932664803,0.5827935613839503,0.4831841728698123,0.5835778520995912,0.44861106509141224,0.5905446137330196,0.4671991053131401,0.5780670678306071,0.41344859201675166,0.6245080091533181,0.5458697598032349,0.5889722131415496,0.5394226079213004,0.47925921216346845,0.5423741838295613,0.5052424155620016,0.5771343272977794,0.4655310917579923,0.5282729675413751,0.44251742838991287,0.5529149258717745,0.4232536643415954,0.5285136354997708,0.5131983764205463,0.5450038524034856,0.4455192461124366,0.51163663266406,0.5376446094647365,0.5144805114576421,0.5219656346312832,0.4749119623106779,0.5584052084233572,0.46363128625037214,0.5655167849102462,0.47751380940076926,0.568951583006285,0.5006635507953802,0.5663318219058113,0.4611165179436006,0.5583759959846917,0.49008599349562654,0.5750970017636682,0.44486855225714395,0.5914670514670514,0.4035893391818999,0.6033131313131312,0.5029111844502596,0.5973177439844106,0.4591636374473904,0.59759881556983,0.5322252787470179,0.59759881556983,0.47862412031714746,0.5812908738374576,0.5216064623005888,0.5687471718527618,0.4522750697493427,0.5494142101284958,0.4810921199460481,0.5472353043781614,0.44780658416421204,0.5233352239158691,0.5196630561791853,0.3940539178634417,0.47661769977229496,0.5,0.5201221703197991,0.6241215106732348,0.5060518348753638,0.518472906403941,0.448185869007114,0.4714285714285714,0.5083081186910652,0.5266244428806006,0.5013180795626978,0.39751169388850544,0.47655354125133553,0.5515873015873015,0.46952028789403627,0.5960381464413722,0.4646482909135432,0.7063492063492064,0.4343990270560726,0.5288961038961039,0.5294607152378414,0.4345238095238095,0.4457450252146653,0.5223915869077159,0.4119294008269165,0.5770380434782608,0.41465580818367664,0.5258928571428572,0.38914021034430624,0.5476190476190476,0.40581168964928693,0.582163382594417,0.5779761904761904,0.5668509070294786,0.5387755102040815,0.43922976274166853,0.4518686406186404,0.44180902430902413,0.5063775510204084,0.4042127620278879,0.5551587301587302,0.32832383189962383,0.5428713151927438,0.3232490753125237,0.5061701787994893,0.37741033534612123,0.4977859164099868,0.47914414104749864,0.589539666441289,0.37218286165040676,0.5299937448454183,0.46777588143453686,0.5202440341684164,0.4621297676391355,