{"min_species_distances":[-1.0,-1.0,-1.0,-1.0,-1.0,0.0,0.0,0.1111111111111111,0.1,0.0,0.0,0.0,0.0,0.18181818181818182,0.0,0.0,0.0,0.0,0.0,0.0,0.0,0.0,0.45454545454545453,0.0,0.0,0.0,0.0,0.0,0.0,0.0,0.0,0.0,0.0,0.0,0.0,0.0,0.0,0.0,0.0,0.0,0.0,0.058823529411764705,0.0,0.0,0.0,0.0,0.0,0.0,0.0,0.0,0.0,0.0,0.0,0.0,0.0,0.0,0.05263157894736842,0.0,0.0,0.0,0.0,0.0,0.0,0.0,0.0,0.0,0.0,0.0,0.0,0.0,0.0,0.0,0.0,0.0,0.0,0.0,0.0,0.0,0.0,0.0,0.0,0.0,0.0,0.0,0.0,0.0,0.0,0.0,0.06666666666666667,0.0,0.0,0.06666666666666667,0.0,0.0,0.0,0.0,0.0,0.0,0.5,0.0,0.0,0.0,0.0,0.0,0.06666666666666667,0.0,0.05263157894736842,0.0,0.0,0.0,0.5,0.0,0.5555555555555556,0.0,0.0,0.06666666666666667,0.0,0.0,0.0,0.05263157894736842,0.0,0.0,0.0,0.5,0.0,0.0,0.1,0.0,0.0,0.0,0.047619047619047616,0.0,0.047619047619047616,0.0,0.16666666666666666,0.0,0.06666666666666667,0.13333333333333333,0.14285714285714285,0.0,0.16666666666666666,0.0,0.058823529411764705,0.0,0.06666666666666667,0.0,0.05555555555555555,0.0,0.42105263157894735,0.0,0.0,0.0,0.2857142857142857,0.0,0.0,0.0,0.0,0.0,0.0,0.0,0.0,0.0,0.05555555555555555,0.0,0.05,0.0,0.06666666666666667,0.0,0.0,0.0,0.0,0.0,0.0,0.0,0.0,0.0,0.0,0.06666666666666667,0.0,0.0,0.05555555555555555,0.0,0.0,0.0,0.0,0.0,0.0,0.0,0.0,0.0,0.0,0.0,0.0,0.0,0.0,0.0,0.0,0.0,0.0,0.2631578947368421,0.0,0.06666666666666667,0.06666666666666667,0.06666666666666667,0.0,0.0,0.0,0.0,0.0,0.0,0.0,0.0,0.0,0.0,0.0,0.375,0.0,0.0,0.0,0.0,0.0,0.0,0.0,0.0,0.0,0.0,0.0,0.0,0.0,0.0,0.0,0.04,0.0,0.0,0.0,0.46875,0.0,0.0,0.0,0.04,0.0,0.04,0.0,0.0625,0.0,0.04,0.0,0.0,0.0,0.0,0.0,0.0,0.0,0.0,0.0,0.16666666666666666,0.0,0.0,0.0,0.6,0.0,0.6,0.0,0.6,0.0,0.0,0.0,0.0,0.0,0.0,0.0,0.16666666666666666,0.0,0.05263157894736842,0.0,0.15789473684210525,0.0,0.05555555555555555,0.0,0.1111111111111111,0.0,0.0,0.2857142857142857,0.0,0.21052631578947367,0.0,0.0,0.0,0.045454545454545456,0.0,0.0,0.0,0.0,0.0,0.0,0.0,0.0,0.375,0.0,0.0],"total_num_species":[1,1,1,1,1,9,143,39,22,17,9,27,11,6,25,8,36,9,33,9,31,13,3,24,5,20,6,18,6,21,6,28,8,30,8,22,8,22,8,12,10,8,16,8,17,8,23,10,9,16,9,22,8,21,7,18,7,26,9,18,8,18,8,17,8,15,9,10,10,9,12,7,7,11,9,13,9,21,10,10,10,11,9,14,8,17,8,19,9,19,10,10,10,12,9,20,10,13,3,22,4,13,5,18,4,20,4,15,4,13,2,12,2,11,3,4,11,4,17,4,14,5,15,4,10,6,6,5,9,45,10,15,7,42,7,43,10,10,10,11,7,24,8,31,9,28,7,23,5,28,7,19,7,26,8,20,9,22,8,20,9,15,9,11,8,18,8,26,8,24,9,23,8,17,10,9,14,8,17,10,11,6,28,6,14,6,27,7,19,8,17,9,18,8,19,6,8,9,14,8,16,9,11,9,13,10,10,10,10,10,11,8,15,9,14,7,12,9,13,11,6,28,8,28,11,4,15,5,16,4,16,4,23,5,17,4,15,4,16,5,14,5,18,4,21,5,14,6,16,6,24,4,21,4,12,4,12,4,13,2,11,2,14,2,9,4,4,5,27,5,54,4,45,7,59,6,53,8,63,8,83,11,4,15,6,25,7,26,8,23,8,27,10,10,11,4,13,4,15,5],"avg_species_distances":[-1.0,-1.0,-1.0,-1.0,-1.0,0.1765873015873016,0.18105368809594122,0.24528200843990433,0.3053751803751806,0.3395870469399878,0.3295454545454545,0.35577636987893396,0.39189870735325266,0.45594405594405596,0.3894592074592081,0.38868274582560297,0.42073231001802597,0.4250888000888001,0.4149325579723306,0.43782213157213146,0.4051199338296106,0.44366726787541255,0.507070707070707,0.4533549118187868,0.49763177998472113,0.417818024338922,0.20972222222222223,0.46621595756543865,0.4463744588744588,0.4640650452100028,0.3420875420875421,0.4447318286720711,0.43993055555555544,0.4821945980921647,0.5325980671375408,0.4480789109121302,0.4883110441146155,0.3816916767190178,0.5248610907680457,0.483291968374997,0.5132610256578265,0.5509419916291874,0.4733137131115076,0.49848952738990343,0.48672263462801396,0.5511760326140027,0.4575634839468831,0.531981468823574,0.5510718222695777,0.5014775538788695,0.47504561034940285,0.4948883785008193,0.49511698618841476,0.4578702771747885,0.33730158730158727,0.4735300952535214,0.5201788317666247,0.48589697144960314,0.47111992945326264,0.5197988286223578,0.5319231859410429,0.4792181855907346,0.5720379818594103,0.48024895855778255,0.5212585034013604,0.4926605140890856,0.5353029037239563,0.5066346421609581,0.5029100529100531,0.5468595731753627,0.5199732572938316,0.5638609510789961,0.5638609510789961,0.5252565642757031,0.5443489259278735,0.5026066526066527,0.5587474120082816,0.46020317749641126,0.5147282347282348,0.5264360652766451,0.5416634425692397,0.5375911857137156,0.5517804722610214,0.4964476922825484,0.5812429714968992,0.4620976655891375,0.543020502008445,0.44856924881154325,0.5641441615439912,0.44186458594409417,0.5105695065094045,0.5534213269941498,0.5647937312683579,0.531203514696491,0.5529536320457038,0.49357902739232834,0.5095394524959744,0.5334514075535747,0.6159420289855072,0.5021942624590551,0.373015873015873,0.5277596925524229,0.5361111111111111,0.4831437206696327,0.5166666666666667,0.4895118230358501,0.4975633528265107,0.4880874166091561,0.46296296296296297,0.3771795360754174,0.5,0.3460144927536232,0.5555555555555556,0.4943572774912489,0.0,0.5107602339181286,0.398457300275482,0.4796491228070176,0.43378830878443925,0.5063352826510722,0.45478162862778276,0.5723076923076923,0.44680836289858866,0.6200000000000001,0.4719316239316239,0.5475457875457875,0.5444553691922114,0.49037037037037035,0.4768847921625699,0.46368912281724567,0.4666033554922444,0.4243903217852795,0.5399061476442428,0.35328736247469567,0.5144872763920384,0.35179880141283315,0.4741919911364355,0.46667288472843993,0.4654835390946499,0.4438622923917041,0.5258362604300979,0.3724861411063009,0.49003351340536216,0.3977371365646605,0.49435638352907024,0.37802766764058904,0.5065312674777513,0.39941500224420945,0.53734335839599,0.3602091167184454,0.47975759504581555,0.39064921888867693,0.5110328731882616,0.3620867981920612,0.4790254405855909,0.3941502430318218,0.44343594325319463,0.38968163143658685,0.49357719696065555,0.3417468711651534,0.45287241321598043,0.42115287015036396,0.49127086713946017,0.4626098303610266,0.47027439630823087,0.394647955466669,0.4594543718603869,0.3653146969989071,0.469288752183489,0.39862108265283336,0.47547565603121167,0.3784870294502397,0.48059602628930354,0.41683071153141515,0.47345062828722934,0.48204787526682946,0.4287642640583818,0.5007419129267869,0.4207947141533256,0.47154585066349763,0.4387624912223843,0.47596969696969704,0.4410347886024823,0.48915824915824924,0.4107076257076257,0.48758441558441556,0.37854330801624236,0.44194805194805203,0.374962074962075,0.41307513914656774,0.42465144070113686,0.44905437155437156,0.3953059528222926,0.48668676561533697,0.3658125889704838,0.3964919786096257,0.46024427952999386,0.47909812409812425,0.41839614167345285,0.5206971975393028,0.41086878236142965,0.5077477152477153,0.48115119105493437,0.5139092048302576,0.476246943275341,0.49824749962680975,0.4937197923404819,0.502393723773034,0.49401170987377874,0.4937197923404819,0.48662026896823135,0.5033713987162263,0.3931345768055988,0.49149758454106274,0.43568009951068437,0.5230295566502463,0.4651671604257811,0.5156867637471084,0.45855746817285276,0.4870757612293662,0.5131196581196581,0.4439062971743557,0.5092948717948718,0.4722738027461525,0.490752688172043,0.3888888888888889,0.4476164743261514,0.48,0.4616194023154884,0.34375,0.4214825083263975,0.4667094017094017,0.4387723773681004,0.4770833333333334,0.40096617778217647,0.5579594017094017,0.4045678674173297,0.35692401960784315,0.41497831412414765,0.501900641025641,0.44356825866441263,0.4576346153846155,0.4709991294713518,0.47964743589743586,0.44707624474291163,0.4215833333333334,0.4614260112647211,0.44299999999999995,0.4570873655913979,0.4965648148148148,0.3992735324257067,0.39999999999999997,0.43289602372935737,0.40111111111111114,0.4416175645342309,0.5144444444444445,0.4531896344396342,0.39999999999999997,0.3750271333604664,0.6,0.41765692640692637,0.6,0.3325806062069795,0.6,0.3751469723691947,0.4916666666666667,0.48571428571428577,0.48624999999999996,0.37444937827290836,0.48295238095238097,0.39612685174078205,0.5258730158730158,0.39403746551052954,0.3930109056424846,0.3943340186324232,0.4417316263632053,0.38911827834147417,0.3767500959606223,0.3525778926887629,0.37875962428594,0.33054358310504667,0.3819043062200957,0.5404118404118404,