{"min_species_distances":[-1.0,-1.0,-1.0,-1.0,0.25,0.0,0.1111111111111111,0.0,0.09090909090909091,0.0,0.09090909090909091,0.0,0.14285714285714285,0.0,0.09090909090909091,0.0,0.0,0.0,0.0,0.0,0.0,0.0,0.0,0.0,0.0,0.0,0.0,0.0,0.0,0.0,0.0,0.0,0.0,0.0,0.0,0.0,0.0,0.0,0.0,0.0,0.0,0.0,0.0,0.07142857142857142,0.0,0.0,0.0,0.0,0.0,0.05555555555555555,0.0,0.08333333333333333,0.08333333333333333,0.15384615384615385,0.0,0.15384615384615385,0.0,0.06666666666666667,0.0,0.19047619047619047,0.0,0.0,0.42857142857142855,0.0,0.29411764705882354,0.0,0.29411764705882354,0.0,0.4,0.0,0.4,0.0,0.4,0.0,0.3684210526315789,0.0,0.3684210526315789,0.0,0.36363636363636365,0.0,0.0,0.0,0.0,0.0,0.0,0.045454545454545456,0.0,0.0,0.0,0.0,0.0,0.0,0.0,0.0,0.0,0.0,0.0,0.0,0.0,0.0,0.0,0.0,0.0,0.0,0.0,0.0,0.0,0.0,0.0,0.0,0.0,0.0,0.0,0.0,0.0,0.0,0.0,0.45454545454545453,0.0,0.45454545454545453,0.0,0.07142857142857142,0.0,0.0,0.0,0.0,0.0,0.0,0.0,0.0,0.07142857142857142,0.0,0.06896551724137931,0.0,0.0,0.0,0.0,0.0,0.0,0.0,0.0,0.0,0.37037037037037035,0.0,0.0,0.0,0.0,0.07142857142857142,0.0,0.0,0.0,0.07142857142857142,0.0,0.0,0.0,0.0,0.0,0.0,0.0,0.0,0.0,0.041666666666666664,0.0,0.0,0.0,0.0,0.0,0.0,0.0,0.0,0.0,0.0,0.0,0.0,0.0,0.0,0.0,0.0,0.0,0.0,0.0,0.0,0.0,0.0,0.0,0.0,0.0,0.0,0.0,0.0,0.0,0.0,0.0,0.05555555555555555,0.0,0.4583333333333333,0.0,0.04,0.04,0.0,0.0,0.1875,0.0,0.1875,0.0,0.1875,0.0,0.05263157894736842,0.05263157894736842,0.0,0.2777777777777778,0.0,0.2777777777777778,0.0,0.0,0.0,0.0,0.0,0.0,0.0,0.07142857142857142,0.0,0.0,0.0,0.041666666666666664,0.0,0.4583333333333333,0.0,0.4583333333333333,0.0,0.4583333333333333,0.0,0.0,0.0,0.38095238095238093,0.0,0.0,0.0,0.0,0.0,0.0,0.0,0.0,0.0,0.0,0.0,0.0,0.0,0.0,0.0,0.0,0.04,0.0,0.0,0.0,0.0,0.0,0.0,0.0,0.0,0.0,0.0,0.0,0.038461538461538464,0.0,0.0,0.0,0.038461538461538464,0.13333333333333333,0.0,0.0,0.0,0.0,0.0,0.0,0.0,0.07142857142857142,0.0,0.0,0.0,0.38461538461538464,0.0,0.045454545454545456,0.0,0.0,0.0,0.08695652173913043,0.0,0.0,0.07142857142857142,0.0,0.0,0.0,0.0,0.0,0.0,0.0,0.0,0.0,0.0],"total_num_species":[1,1,1,1,2,13,7,79,17,12,6,30,10,12,8,13,8,28,5,20,9,19,8,17,9,17,9,10,10,9,9,20,10,17,10,9,23,11,9,26,9,32,12,4,24,7,26,6,30,6,10,8,7,7,22,7,30,7,26,8,36,11,6,23,7,26,8,29,7,26,7,34,7,47,8,51,8,34,9,34,11,9,32,8,24,11,6,22,7,20,8,19,8,16,8,18,7,31,7,25,6,18,7,13,9,13,8,9,9,10,10,10,14,7,20,6,17,5,19,5,22,6,19,8,20,8,9,16,10,12,8,26,8,24,8,23,8,22,9,31,8,20,7,26,8,22,11,6,25,7,26,7,22,7,23,7,22,8,21,8,25,8,13,9,16,8,22,9,24,9,25,10,11,6,21,6,14,6,14,6,23,7,16,8,20,9,16,6,16,6,11,6,11,7,14,5,9,6,6,6,26,6,35,7,59,7,63,10,10,13,6,27,7,28,8,40,9,33,10,10,9,17,10,12,7,23,6,18,6,25,6,25,7,20,7,19,11,6,25,8,17,7,20,8,18,11,6,17,6,13,6,7,11,7,10,7,7,7,43,7,47,8,52,8,52,9,65,11,6,23,8,22,8,15,8,16,9,12,10,11,6,31,7,26,7,14,8,20,10,8,23,9,22,9,14,9,14,7,14,9],"avg_species_distances":[-1.0,-1.0,-1.0,-1.0,0.25,0.20215201465201468,0.29140211640211644,0.2790571945635257,0.3263517528223407,0.36981721981721954,0.36787878787878786,0.36270206166757984,0.3754112554112554,0.3896235078053258,0.3589285714285714,0.3803463630386705,0.34523809523809534,0.4022328494550719,0.3681818181818182,0.3970042530568843,0.42968142968142975,0.4041885664692681,0.4108114108114108,0.39931392137274463,0.4469141969141968,0.4089862343538812,0.4508986383986384,0.4262089762089762,0.4395431728765061,0.4587696254362921,0.4463753838753839,0.41424461503408855,0.45608132608132596,0.44565152984270645,0.4746320346320346,0.4766465016465016,0.40973269155087305,0.4552352193261284,0.44377613127613125,0.4463565280872972,0.4293657731157732,0.44098141639353705,0.4511160630813036,0.4742445054945055,0.4472618136221078,0.3239184562713974,0.40662351675473823,0.48406843700961344,0.43744871235743604,0.5189923747276687,0.4626692135025467,0.5145755388402447,0.5270593241181476,0.5263528876974254,0.4314211491320384,0.5371395521771462,0.41731767366709227,0.5205856521645995,0.4393279619747828,0.5438018122228648,0.46385893636206865,0.5122461164566428,0.5560217560217561,0.4875672695400042,0.5341274724014662,0.48292947018443777,0.5453872709677664,0.5070170472989735,0.5610924747766853,0.4843662493363849,0.5610924747766853,0.4854619935065985,0.5610924747766853,0.49357331444098546,0.5488644688644689,0.491542800246771,0.5488644688644689,0.4866687422970238,0.5510360010360011,0.4837103899348906,0.5320619964830492,0.4528914433519695,0.48365199312655127,0.48614806246385195,0.49154934868246963,0.522568061922129,0.44474648158858693,0.4778882559369866,0.5097939341360395,0.5017082328845476,0.52631320297878,0.48226041103437783,0.28595946387708404,0.4923345543345544,0.4546681742579096,0.48928337692938884,0.4896332446021887,0.5071060297399207,0.5081959706959707,0.4762291570621088,0.33788819875776394,0.45759794764557143,0.5716962154114819,0.4780413751985658,0.5163727389551976,0.5085035992435655,0.4930963321678678,0.5423157760114283,0.5495031389427942,0.5506077468721148,0.5398120804917408,0.533940025379832,0.48336379211710784,0.5540607540607538,0.44341341943883195,0.5665268065268064,0.47264323312790435,0.6194871794871795,0.46800951393502077,0.6144200626959248,0.45095619844706,0.5773493173493173,0.46717617459999733,0.5338408485924013,0.4204883056599305,0.55023547306156,0.5399270884778129,0.466794515535458,0.5508126048222666,0.5276828402651857,0.5695514032781113,0.46145654149736576,0.5595171497855638,0.46607457353508974,0.569061271957485,0.46691975337258596,0.5690612719574851,0.473836005853152,0.5501625879473782,0.43599916057139043,0.5548347304869045,0.42951121003752624,0.5831081639777292,0.44961769517488565,0.5458656250581717,0.47046857218881544,0.4936572576888784,0.5871341219167306,0.4365472881922151,0.5829798221102569,0.48645878560928657,0.5626464632675813,0.4971884380128306,0.5609740501044849,0.47730706456501837,0.5623543123543124,0.5149908635685229,0.5143594193163158,0.5157302472821607,0.5635969072943862,0.4547133856805359,0.5533726199509903,0.5186030013124809,0.5258825715347454,0.48807971776370374,0.561155808477237,0.45782737372353544,0.5219305659493831,0.4426391941837746,0.5037990605311784,0.45368485879160564,0.5109264167205345,0.5034600148359739,0.532225813402284,0.47915535021143346,0.5437037037037038,0.43684238466847153,0.41706349206349197,0.5046169582660265,0.48148148148148145,0.44916779188045775,0.45867724867724863,0.48096786687547577,0.49705552510859424,0.45175686205791243,0.520492919389978,0.42254721377387566,0.5454313725490196,0.4309413245417083,0.4912156862745099,0.49338791643139446,0.5351851851851851,0.42252680652680635,0.5606534884485195,0.45284971067579727,0.5888888888888888,0.43204529501630945,0.5489259259259259,0.5486335282651073,0.5460038986354776,0.4254569886254102,0.5758333333333333,0.41772970439267104,0.5439814814814815,0.4452300457946945,0.5488756613756615,0.43860113141556895,0.4689059931964988,0.4614603638726444,0.41984887747271654,0.5666666666666668,0.36040910945585075,0.5332080200501254,0.4330351948048318,0.5105210944026733,0.4447030020567671,0.4669834307992202,0.4456012524424734,0.47162118258609503,0.49407377872290176,0.5091201483983712,0.417853788592616,0.4841715399610137,0.4724412087731207,0.5263854079643553,0.39878410007949266,0.5637914230019493,0.41931287914776066,0.5637914230019493,0.43232117473170023,0.5637914230019493,0.460026728145149,0.5349136730715678,0.43664483408250704,0.5400853323785654,0.4417260663028591,0.49617076437650576,0.5646198830409357,0.469478233464342,0.5361111111111111,0.45144454317310784,0.47541861901129634,0.45710624489232765,0.5055361618331543,0.47508890172994644,0.513264221158958,0.5204887218045112,0.46346456913073786,0.4946115288220552,0.4665417241328173,0.5398496240601504,0.47435984650270363,0.48977903816613494,0.47966146756469336,0.5164893554537017,0.540085813612372,0.537230690456497,0.5309589642308536,0.4442994138482109,0.5031070542360865,0.4564383642216159,0.5207368102327781,0.444126518845409,0.5146236270941227,0.44776631331753164,0.5152957914662664,0.44498202687071886,0.49273922015857496,0.5534132892197409,0.4505016311835164,0.506719756380198,0.4540517788819988,