{"min_species_distances":[-1.0,-1.0,-1.0,-1.0,-1.0,0.0,0.125,0.0,0.125,0.1,0.0,0.0,0.0,0.3,0.0,0.0,0.0,0.0,0.0,0.0,0.0,0.42857142857142855,0.0,0.0,0.0,0.0,0.0,0.0,0.1111111111111111,0.0,0.0,0.0,0.0,0.0,0.0,0.0,0.0,0.0,0.0,0.0,0.0,0.0,0.0,0.125,0.0,0.2222222222222222,0.0,0.15789473684210525,0.0,0.0,0.0,0.0,0.0,0.0,0.0,0.0,0.0,0.0,0.0,0.0,0.0,0.0,0.0,0.0,0.0,0.1111111111111111,0.0,0.0,0.0,0.0,0.0,0.0,0.0,0.0,0.1,0.0,0.0,0.0,0.0,0.0,0.0,0.0,0.0,0.0,0.0,0.17647058823529413,0.0,0.06666666666666667,0.0,0.45454545454545453,0.0,0.0,0.0,0.45454545454545453,0.0,0.0,0.05,0.0,0.0,0.0,0.05,0.0,0.45454545454545453,0.0,0.0625,0.0,0.08333333333333333,0.0,0.0625,0.0,0.45454545454545453,0.0,0.0,0.0,0.0,0.11764705882352941,0.0,0.05263157894736842,0.0,0.15384615384615385,0.15384615384615385,0.15384615384615385,0.06666666666666667,0.45454545454545453,0.0,0.2857142857142857,0.0,0.0,0.0,0.45454545454545453,0.0,0.45454545454545453,0.0,0.45454545454545453,0.0,0.21052631578947367,0.0,0.0,0.047619047619047616,0.0,0.0,0.0,0.0,0.0625,0.0,0.0,0.0,0.047619047619047616,0.0,0.0,0.0,0.0,0.0,0.0,0.0,0.0,0.0,0.0,0.0,0.0,0.0,0.0,0.0,0.0,0.0,0.0,0.0,0.5238095238095238,0.0,0.5238095238095238,0.0,0.25925925925925924,0.0,0.0,0.0,0.0,0.0,0.0,0.0,0.16666666666666666,0.0,0.0,0.0,0.0,0.0,0.045454545454545456,0.0,0.045454545454545456,0.0,0.045454545454545456,0.0,0.045454545454545456,0.0,0.0,0.0,0.0,0.0,0.0,0.043478260869565216,0.0,0.0,0.0,0.043478260869565216,0.0,0.0,0.0,0.0,0.08695652173913043,0.0,0.08695652173913043,0.0,0.041666666666666664,0.0,0.0,0.16666666666666666,0.0,0.04,0.0,0.375,0.0,0.0,0.0,0.0,0.0,0.0,0.0,0.0,0.0,0.0625,0.0,0.34615384615384615,0.0,0.34615384615384615,0.0,0.34615384615384615,0.0,0.2857142857142857,0.0,0.0,0.0,0.2857142857142857,0.0,0.0,0.0,0.045454545454545456,0.0,0.3181818181818182,0.0,0.125,0.0,0.3181818181818182,0.0,0.125,0.0,0.3181818181818182,0.0,0.16,0.16,0.0,0.037037037037037035,0.0,0.038461538461538464,0.0,0.0,0.0,0.0,0.0,0.0,0.0,0.0,0.0,0.0,0.0,0.3103448275862069,0.0,0.0,0.0,0.0,0.0,0.0,0.0,0.0,0.0,0.0,0.0,0.047619047619047616,0.0,0.0,0.0,0.0,0.0,0.0,0.0,0.0,0.0,0.0,0.0,0.03125,0.0,0.03225806451612903],"total_num_species":[1,1,1,1,1,11,5,55,13,10,21,10,12,7,26,7,36,9,24,10,11,2,10,7,8,8,15,11,9,17,10,10,10,15,9,35,13,5,30,5,20,6,24,7,17,6,19,6,16,6,22,8,27,6,28,7,14,8,10,9,8,8,34,9,34,11,8,16,10,11,7,26,6,22,9,16,8,20,9,20,10,9,10,10,11,8,15,9,19,7,17,8,15,7,18,10,9,17,8,21,9,19,7,14,7,15,8,16,9,11,7,12,8,8,8,8,51,9,88,10,10,10,11,7,25,8,27,10,12,7,19,7,20,7,19,9,14,11,7,25,9,18,12,6,16,8,13,7,21,6,17,6,10,8,5,5,14,5,16,5,14,5,17,5,26,5,29,4,26,4,22,5,26,6,22,8,15,7,26,7,29,7,20,7,14,7,16,7,13,7,12,8,9,41,10,9,61,13,9,26,9,39,9,33,9,44,10,9,41,9,31,11,7,13,5,23,5,19,5,15,6,17,7,15,8,10,9,21,8,23,6,21,6,19,6,16,7,25,7,19,7,28,8,31,8,28,7,26,8,25,7,24,8,35,7,41,10,10,14,6,27,8,27,8,20,7,27,9,33,10,10,10,12,6,12,8,21,7,18,8,15,7,22,6,23,6,26,9,13,7,12,5,17,6,18,6,13,7,8,7],"avg_species_distances":[-1.0,-1.0,-1.0,-1.0,-1.0,0.11948051948051958,0.2375,0.2206135428357651,0.3092236467236465,0.3204938271604939,0.33624819624819596,0.38700336700336707,0.3721227425772879,0.41500721500721494,0.39373892773892755,0.4084526584526585,0.40894129679844166,0.41025641025641035,0.40679893777719883,0.42087542087542085,0.4051599915236279,0.42857142857142855,0.449084249084249,0.43140193140193134,0.43212144997859286,0.4293741972313401,0.4681470373697266,0.4798047911684275,0.5064077126577124,0.4361820369173311,0.4705205905205905,0.4571011396011397,0.4577421652421653,0.4189621489621488,0.46407180782180774,0.43498377570950897,0.4763316081129848,0.4580357142857142,0.48845932248836027,0.44831932773109245,0.47194873421348077,0.5073260073260073,0.49305647389507956,0.5285673918690283,0.41161514379507463,0.5425459072517895,0.4698518460820885,0.571828591085557,0.4497541837247718,0.538640719445673,0.46260763046477305,0.5017503712011121,0.48941083007825004,0.48006290235392407,0.4799436037472911,0.5219561508814051,0.45827023116939103,0.4916904261704681,0.5454186118892,0.5155173643531487,0.5310124049619847,0.535330798986261,0.48816411727890785,0.5096152939290194,0.48246812343226325,0.5311729343146457,0.5352140856342535,0.5162298757886993,0.49860321232870264,0.5170647653000595,0.5356142456982793,0.4736475378766411,0.5546218487394957,0.47842841549166204,0.5432959379037811,0.47291542879778165,0.521681702984224,0.5210581256287274,0.5380602054750664,0.47937026724565457,0.5294291184487264,0.5301004913750011,0.5531071216365333,0.5667707513982024,0.5514749967798097,0.5521539297537196,0.5012037928917725,0.5442522800365938,0.4516490801939722,0.569116939705175,0.5181184736771153,0.5582092167010344,0.46557460793993294,0.5675726750030156,0.4918189081050047,0.5187056321731245,0.5291059459403112,0.4775801019973303,0.5538377472201003,0.44081055887778614,0.5358429061860435,0.45144010647966604,0.5690207396089748,0.49700183928690744,0.5587082307670542,0.5091037735995723,0.5458131737543501,0.44700747672806496,0.5351408282168085,0.5073363582347542,0.5690207396089748,0.5030486400736898,0.5394278923690689,0.5426040640235014,0.5426040640235014,0.5426739803472876,0.48810471154699997,0.5187146248987231,0.4793068737816014,0.5445325407904491,0.5395016188068192,0.5410885851077443,0.53709586040164,0.5618013296435694,0.46673785261471473,0.5465795471506679,0.4694663375718096,0.5177609722205228,0.4977181955861947,0.5618013296435694,0.4655242435832021,0.5618013296435694,0.4603082380803228,0.5618013296435694,0.48553188979813094,0.5465079792405141,0.5099860285016431,0.5246424638089062,0.5324726168117894,0.4522749889566422,0.48801372481359695,0.41252518401157573,0.4923826254261039,0.494563492063492,0.49183453583453585,0.5131519274376416,0.49822937139113616,0.5390117157974299,0.470216470565297,0.46361111111111114,0.4480925383740791,0.5261513687600644,0.4606084656084658,0.49293717486994787,0.5404444444444445,0.5404444444444445,0.41467165684557,0.5318775995246583,0.40445821661998127,0.5234360410831,0.41230153059874447,0.5234360410830999,0.44607004956662355,0.5126984126984128,0.4497805464558324,0.5126984126984127,0.4435781599391116,0.5846560846560847,0.44363336005900894,0.5846560846560847,0.4661377660294074,0.5544973544973545,0.4509027570085451,0.5132275132275131,0.3853184947556914,0.4843354008269975,0.4573178526062206,0.48007283721569427,0.4514060490593003,0.5271293702666252,0.42990882799250696,0.4982477839620696,0.42936200149496556,0.5016033349366682,0.3970709045897017,0.5018438351771685,0.34680503869100343,0.5006184291898578,0.41141027588396,0.504397718683433,0.42080491057763775,0.49135487528344685,0.47009780343113694,0.4343319080972551,0.462472128694351,0.48269631602964946,0.43575076128794626,0.42534545433096166,0.47842178397733964,0.3322218661716984,0.48285244903602387,0.31301254113350124,0.47258645809370453,0.32576856744178934,0.48596065323118487,0.38855761378454773,0.46767374690080016,0.48072026046059857,0.35846507196630256,0.47775574934995224,0.38222380598239875,0.44990969738795844,0.4689153439153439,0.4135612884163608,0.4724206349206349,0.3748490841359031,0.4686666666666667,0.353463029187667,0.5,0.37699275362318824,0.39675925925925937,0.354022873084574,0.4123280423280423,0.3355238095238096,0.4017261904761904,0.4128942703387147,0.4121794871794873,0.37905944380505746,0.45506283068783077,0.3790551454927003,0.4933148897885741,0.3843656330852345,0.5001538461538462,0.40163511953880454,0.5001538461538462,0.415038591641437,0.4805203790918077,0.45989030629619115,0.4783557183557184,0.4649376671600904,0.4805203790918077,0.44740912657417325,0.4605058433629864,0.4464957582326738,0.45413914788914794,0.4578835999611065,0.4790401573734907,0.45766109154329604,0.47983465608465614,0.44965877326052806,0.4790401573734907,0.45543431342373414,0.47688390313390316,0.45519184267847856,0.4790401573734907,0.4351559642763805,0.4653642735864958,0.466455758233536,0.4344175083998305,0.485897435897436,0.41563565699720434,0.46324895342752487,0.4315528654673724,0.47753183707131086,0.4419592510040269,0.4805992949905863,0.43213696903655247,0.45986775932187185,