{"min_species_distances":[-1.0,-1.0,-1.0,-1.0,0.125,0.0,0.1,0.0,0.1,0.0,0.0,0.0,0.0,0.0,0.0,0.0,0.0,0.0,0.0,0.0,0.0,0.0,0.0,0.0,0.0,0.0,0.0,0.0,0.0,0.0,0.0,0.0,0.0,0.0,0.47058823529411764,0.0,0.5294117647058824,0.0,0.08333333333333333,0.0,0.16666666666666666,0.0,0.0,0.0,0.0,0.0,0.0,0.0,0.0,0.06666666666666667,0.0,0.0,0.0,0.0,0.0,0.0,0.0,0.13333333333333333,0.0,0.0,0.07692307692307693,0.0,0.15384615384615385,0.0,0.15384615384615385,0.0,0.0,0.0,0.15384615384615385,0.0,0.29411764705882354,0.0,0.15384615384615385,0.0,0.15384615384615385,0.0,0.3333333333333333,0.0,0.0,0.0,0.0,0.0,0.0,0.5,0.0,0.0,0.0,0.0,0.0,0.0,0.0,0.0,0.0,0.0,0.0,0.0,0.0,0.0,0.0,0.0,0.0,0.0,0.0,0.0,0.0,0.0,0.0625,0.0,0.0,0.0,0.0,0.0,0.05263157894736842,0.0,0.0,0.0,0.0,0.0,0.0,0.0,0.0,0.0,0.0,0.0,0.0,0.0,0.0,0.0,0.48148148148148145,0.0,0.05263157894736842,0.0,0.0,0.0,0.0,0.0,0.0,0.0,0.0,0.0,0.0,0.0,0.5333333333333333,0.0,0.0,0.0,0.0,0.0,0.0,0.0,0.0,0.0,0.0,0.0,0.0,0.0,0.0,0.0,0.0,0.0,0.0,0.0,0.0,0.03333333333333333,0.0,0.0,0.0,0.0,0.0,0.6896551724137931,0.0,0.0,0.0,0.058823529411764705,0.0,0.0,0.0,0.03333333333333333,0.0,0.6896551724137931,0.0,0.1111111111111111,0.0,0.10526315789473684,0.0,0.0,0.0,0.15789473684210525,0.0,0.05,0.0,0.15789473684210525,0.0,0.15789473684210525,0.0,0.5862068965517241,0.0,0.6,0.0,0.0,0.0,0.28,0.0,0.0,0.0,0.28,0.0,0.28,0.0,0.28,0.05,0.0,0.10526315789473684,0.0,0.10526315789473684,0.0,0.0,0.0,0.058823529411764705,0.0,0.0,0.0,0.0,0.0,0.0,0.0,0.0,0.0,0.0,0.041666666666666664,0.0,0.0,0.0,0.0,0.0,0.0,0.0,0.0,0.32,0.0,0.0,0.0,0.0,0.0,0.0,0.0,0.047619047619047616,0.0,0.0,0.0,0.16216216216216217,0.0,0.16216216216216217,0.0,0.09090909090909091,0.0,0.16216216216216217,0.0,0.16216216216216217,0.0,0.030303030303030304,0.16,0.24,0.0,0.0,0.35714285714285715,0.0,0.2857142857142857,0.0,0.05555555555555555,0.0,0.05555555555555555,0.0,0.2916666666666667,0.0,0.0,0.0,0.0,0.0,0.0,0.0,0.0,0.0,0.6,0.0,0.6,0.0,0.45161290322580644,0.0,0.0,0.0,0.0,0.0,0.0,0.0,0.0,0.0,0.0,0.0,0.0],"total_num_species":[1,1,1,1,3,24,9,80,20,18,11,5,29,5,21,7,18,9,18,8,18,9,21,8,21,10,7,33,9,24,10,10,10,11,3,17,3,14,4,18,3,17,5,10,8,8,9,10,10,10,14,8,27,8,29,7,35,9,31,11,7,12,7,14,7,22,7,22,7,17,7,16,8,14,8,16,7,21,9,13,9,15,11,5,20,6,21,8,30,8,21,9,17,11,7,14,7,18,6,24,6,17,6,15,4,28,6,31,7,22,8,31,5,20,7,17,7,20,7,27,8,16,8,28,7,20,5,21,4,17,4,20,7,13,6,18,8,18,8,11,6,18,5,18,7,19,6,21,9,12,8,15,6,29,8,14,8,16,7,16,11,3,12,4,12,3,20,4,11,2,14,3,23,4,12,4,13,3,13,2,11,3,15,3,14,4,6,4,4,4,12,3,16,4,22,3,16,3,21,4,17,4,19,5,14,4,15,4,12,4,7,28,6,46,6,48,9,40,9,72,14,7,29,8,34,8,27,8,24,7,27,9,22,9,36,9,32,11,5,14,7,14,6,9,9,33,8,30,8,29,8,33,9,34,9,44,9,67,9,72,10,11,7,43,11,5,14,7,14,7,17,6,18,5,22,7,17,6,17,8,17,10,11,3,22,3,19,4,16,6,22,6,12,6,20,7,15,6,21,6],"avg_species_distances":[-1.0,-1.0,-1.0,-1.0,0.1726190476190476,0.20957700713135544,0.3018518518518519,0.27506055126308543,0.3142663476874,0.35719944543473986,0.3494214876033057,0.35384615384615387,0.3704264126677922,0.2927272727272727,0.3766852195423624,0.38308358308358303,0.3972310913487385,0.4246406371406371,0.41722789737495625,0.40568598068598066,0.4004941297328841,0.36280794369029656,0.4251144700304366,0.3847360972360972,0.4425280042086764,0.4200996389231683,0.46382963441786973,0.4144156529559273,0.4443097751921281,0.3728267328011578,0.4019751490339727,0.40667306549659477,0.462790151025445,0.46127832951362385,0.5,0.4629838250945517,0.5630252100840337,0.4526454404605664,0.30040792540792544,0.42490768414401026,0.43650793650793646,0.406721832089479,0.3770833333333333,0.5036075036075037,0.49982993197278897,0.47863520408163257,0.47876984126984123,0.4954850088183424,0.4917905875800615,0.49646859313525993,0.4226009868288641,0.5049843014128726,0.41604871229782003,0.5087458060147135,0.41306426940453833,0.519657863145258,0.4142311470908916,0.5148049390696449,0.4118309650852346,0.48501954186164725,0.5289640331657138,0.46783211940825264,0.5251103938078727,0.4453562522656356,0.5201447711951913,0.422663200578745,0.5153697842773473,0.4056097991554952,0.5155065522712581,0.42610632240566465,0.5230092036814725,0.4217642012485283,0.49692403185050243,0.4486108131993207,0.5017092792828087,0.42912916715064525,0.5276777377617714,0.38719643572474144,0.518926425789171,0.4645627792686617,0.5289268318970333,0.4373107611342905,0.5188360658948895,0.5622326203208556,0.47634312465728507,0.5518419489007724,0.48879112111044903,0.528143075411983,0.4483671451260866,0.5202479855578594,0.4945687121779562,0.540685349508879,0.4711036217556077,0.5243859507926004,0.4726631393298059,0.5056898920586704,0.40120663650075417,0.4695606800269728,0.3942496229260935,0.47688755315810266,0.39424962292609356,0.4937488869408349,0.49857704215289356,0.5009772117691372,0.28431372549019607,0.4787313442725723,0.5512464387464389,0.48057098613373056,0.35343945270415855,0.5137244244341442,0.5196747288659052,0.4537079736389755,0.4796418128654971,0.49462336053417677,0.4912603930461073,0.4332175768418032,0.5006955847473089,0.4821885095920351,0.4920028135038277,0.4935032943705651,0.47480413105413094,0.5148611449934132,0.5006029821300756,0.46109544678024733,0.49673202614379075,0.5210827861382827,0.5106753812636166,0.488571972043506,0.5932098765432099,0.4949637209361587,0.487491877842755,0.506852269538777,0.5099448064982104,0.494004775883334,0.5055602917495501,0.4699514483764893,0.5263929572707432,0.46739533745456835,0.5374094741102413,0.5166746616516461,0.46864956508919353,0.5094554277187444,0.6053170359052712,0.4707092418038397,0.4305722288915566,0.47170436489321954,0.36806722689075627,0.45582849828556826,0.5019477597802408,0.46223026760111174,0.44934930493936714,0.5119756635707113,0.5005913476501712,0.4710993259315845,0.47412298252634383,0.4695014601510381,0.5055978913304452,0.5044886432834005,0.4998499399759905,0.4904629206755168,0.47369690823037675,0.0,0.5022224319891662,0.3671182266009852,0.4702241311014131,0.4597701149425288,0.4418120164294593,0.5427841634738187,0.4254371299198888,0.6896551724137931,0.4717744392186587,0.0392156862745098,0.4580966857785115,0.5525880850424462,0.34767895315562647,0.4597701149425288,0.39997923394154833,0.4632183908045977,0.4242625730081691,0.6896551724137931,0.4633881680043738,0.4968071519795658,0.45659032639068947,0.12475633528265107,0.3798029556650249,0.5593869731800766,0.5176043557168785,0.5596491228070176,0.5218390804597701,0.5324107683000605,0.3824648620061923,0.5124016938898972,0.4170540575576875,0.5580618212197159,0.3658629875089057,0.6374085684430512,0.38747589440573843,0.6367816091954023,0.3963327673319255,0.5218390804597701,0.39074014531615964,0.5636781609195403,0.39972842944136394,0.4848275862068966,0.37434517350148266,0.5579310344827587,0.32071720206533916,0.5644444444444444,0.3549537873491733,0.5651612903225807,0.4693124111630054,0.3706124776386619,0.5088537721474905,0.3514125235170829,0.4903247573026862,0.42984056410869786,0.4199276940858716,0.4360157357059919,0.4345269002271962,0.3822404295983095,0.39810673547578107,0.48294496527315606,0.36178919474286075,0.45966281264317715,0.3605602340129269,0.4427894685959201,0.4030996021837463,0.4504297946093177,0.36818884562649057,0.4693137157372782,0.4182611641207624,0.4273345440596492,0.4154736381562624,0.4400580348564219,0.3758229047106918,0.41787619424365563,0.3972702610668422,0.4074177267332946,0.5549953917050692,0.41726711499502545,0.49145015139805776,0.3837514209928005,0.519264367816092,0.4659704443306593,0.4985063113604488,0.42033741146995585,0.5165119941925066,0.4091358802921765,0.5129353371783496,0.39084220383639323,0.5027150656090872,0.39641327151159894,0.5075338731588731,0.3657828999269492,0.5007359226109227,0.41212867509031303,0.5078795922545922,0.4430710689020033,0.5078795922545922,0.45188948309968374,0.5055301730301731,0.4929456640820278,0.5002724785566401,0.4663510422214905,0.42540187315015693,0.5525429894179894,0.3971723034692963,0.5088718820861677,0.3868253241467528,0.5087758251448727,0.3851032426859629,0.5194179894179894,0.38441232298990874,0.5576190476190476,0.3852417256768655,0.5112244897959185,