{"min_species_distances":[-1.0,-1.0,-1.0,-1.0,0.125,0.0,0.1,0.0,0.0,0.0,0.0,0.0,0.07142857142857142,0.0,0.0,0.0,0.0,0.1875,0.0,0.0,0.0,0.25,0.0,0.0,0.0,0.0,0.0,0.25,0.0,0.1111111111111111,0.0,0.0,0.0,0.0,0.0,0.0,0.0,0.0,0.0,0.0,0.0,0.0,0.0,0.0,0.0,0.07692307692307693,0.0,0.0,0.0,0.0,0.0,0.07142857142857142,0.0,0.05263157894736842,0.38461538461538464,0.0,0.07142857142857142,0.0,0.0,0.0,0.0,0.07142857142857142,0.0,0.058823529411764705,0.0,0.06666666666666667,0.0,0.0,0.0,0.0,0.0,0.0,0.0,0.0,0.0,0.0,0.0,0.0,0.0,0.0,0.047619047619047616,0.0,0.0,0.0,0.0,0.047619047619047616,0.0,0.0,0.0,0.0,0.0,0.0,0.0,0.0,0.0,0.0,0.0,0.0,0.07692307692307693,0.08333333333333333,0.16666666666666666,0.0,0.1875,0.0,0.0,0.0,0.0,0.0,0.0,0.0,0.05555555555555555,0.0,0.0,0.0,0.0,0.0,0.0,0.0,0.0,0.05263157894736842,0.0,0.375,0.0,0.0,0.0,0.0,0.0,0.0,0.0,0.0,0.0,0.07692307692307693,0.0,0.14285714285714285,0.0,0.14285714285714285,0.0,0.0,0.0,0.0,0.0,0.0,0.0,0.0,0.0,0.0,0.0,0.0,0.0,0.0,0.0,0.15789473684210525,0.0,0.15789473684210525,0.0,0.15789473684210525,0.0,0.15789473684210525,0.0,0.15789473684210525,0.0,0.42105263157894735,0.0,0.29411764705882354,0.0,0.29411764705882354,0.0,0.29411764705882354,0.0,0.29411764705882354,0.0,0.0,0.17391304347826086,0.0,0.3157894736842105,0.0,0.0,0.43478260869565216,0.0,0.0,0.0,0.0,0.0,0.0,0.0,0.0,0.0,0.0,0.0,0.0,0.0,0.0,0.0,0.0,0.0,0.0,0.0,0.0,0.0,0.0,0.0,0.0,0.0,0.0,0.0,0.0,0.0,0.0,0.0,0.0,0.0,0.058823529411764705,0.0,0.0,0.0,0.0,0.0,0.0,0.05263157894736842,0.0,0.10526315789473684,0.0,0.0,0.4827586206896552,0.0,0.4827586206896552,0.0,0.4827586206896552,0.0,0.4827586206896552,0.0,0.4827586206896552,0.0,0.2727272727272727,0.0,0.0,0.0,0.0,0.0,0.0,0.15789473684210525,0.0,0.08333333333333333,0.0,0.15789473684210525,0.0,0.0,0.0,0.04,0.2727272727272727,0.0,0.045454545454545456,0.0,0.058823529411764705,0.0,0.15789473684210525,0.0,0.058823529411764705,0.0,0.0,0.2727272727272727,0.0,0.0,0.0,0.0,0.0,0.0,0.0,0.0,0.0,0.0,0.0,0.0,0.0,0.0,0.0,0.0,0.0,0.0,0.0,0.0,0.0,0.0,0.0,0.0,0.0,0.0,0.0,0.0,0.0,0.0,0.0,0.0,0.0,0.0,0.0,0.0,0.0,0.0,0.0],"total_num_species":[1,1,1,1,5,22,11,9,40,18,10,15,9,15,10,10,17,5,20,6,23,5,15,6,12,5,15,5,21,6,11,7,10,9,9,13,7,16,8,13,10,10,9,9,14,9,17,10,10,10,10,9,24,11,7,30,8,27,9,23,12,7,32,7,28,9,26,10,9,27,10,14,6,22,7,27,7,20,6,26,7,19,8,18,11,3,11,4,13,4,12,5,9,6,5,5,8,45,10,12,7,29,8,33,8,37,10,9,28,11,8,22,8,23,10,10,12,6,13,6,17,5,21,6,20,6,20,6,21,6,18,6,20,6,13,7,12,7,20,10,7,15,8,12,8,10,8,8,10,9,55,8,74,8,91,9,71,9,80,10,13,7,27,8,32,8,30,8,43,9,34,11,7,20,8,22,11,7,27,9,24,9,29,10,10,11,9,18,8,18,6,17,6,12,7,14,6,15,7,13,7,19,8,15,6,19,5,24,8,8,14,8,7,7,7,52,8,77,9,77,8,79,11,5,22,5,23,5,26,5,24,5,26,7,11,9,9,27,8,52,8,46,9,60,9,53,10,10,12,7,21,9,27,9,19,9,23,9,33,10,8,22,10,11,6,14,8,15,9,23,8,24,9,26,9,29,11,5,26,6,18,8,21,10,11,5,15,6,12,5,16,6,9,6,6,9,38,8,57,9],"avg_species_distances":[-1.0,-1.0,-1.0,-1.0,0.2375,0.2599893492750642,0.3232323232323233,0.3634920634920636,0.3495668220668244,0.3747573776985538,0.4086931586931587,0.41532071103499674,0.4712481962481962,0.3892517006802718,0.4645214045214044,0.4236874236874236,0.4083984336741689,0.5405723443223442,0.4502358387226804,0.519211915535445,0.4721407980533762,0.5558015513897867,0.4604995844491646,0.4954154995331467,0.47916059974883546,0.45859728506787334,0.45063420239890833,0.5184065934065932,0.4610287533816939,0.565261176445387,0.4594464359170244,0.42051282051282046,0.5066707821093787,0.5019630406143565,0.5291748334511495,0.46991074415163525,0.5354319865598061,0.3944567274830435,0.5284549801702058,0.41663645059394067,0.48490644345907513,0.48757850823640303,0.5026499128666312,0.5345820664448117,0.4704297921050208,0.5362292840363017,0.47703214511969727,0.5303579461474198,0.538077244393034,0.5321543174174752,0.5481747102799736,0.5466069018700599,0.4619196669496399,0.546967195483942,0.578723977220218,0.4961112546457372,0.5404548459059738,0.4728540486187812,0.5283983195167405,0.49588672197367817,0.543029093447754,0.560834050219278,0.46804506235113624,0.5563717389789925,0.4733865932856062,0.51664363901206,0.5037832734067554,0.44973856209150337,0.472270955165692,0.43186401821158416,0.49485324044147583,0.44975639359676406,0.5649611207505945,0.46011437331649646,0.4459224985540775,0.464123679555106,0.47535714397241624,0.4760451461706154,0.42828282828282827,0.490612182239712,0.5149659863945578,0.5022289327921832,0.5240858843537414,0.4758663001742589,0.48500098386462054,0.4444444444444444,0.48986619441164914,0.3412698412698412,0.46520146520146544,0.3412698412698412,0.4768135904499546,0.22857142857142856,0.5218253968253967,0.5432900432900433,0.5688311688311688,0.5690909090909091,0.4345457079152733,0.4336704022079533,0.4710520960520962,0.43972252494979747,0.5105081426509998,0.38579781083127646,0.49826958755530193,0.4615979008591188,0.47834724799010514,0.4300137126117519,0.4697674874145464,0.4730630888719125,0.429911856439573,0.4992015232164403,0.5029947585094644,0.3700774121897114,0.47938999317675784,0.424000030454772,0.44245756966345207,0.4647964422345227,0.44735200300215777,0.5540877192982456,0.4671639381430406,0.5521539074960128,0.44950885270863455,0.5843636363636364,0.46280114093345565,0.5540877192982455,0.4483504763509474,0.5303636363636364,0.4656829404486879,0.5521539074960127,0.43571859764177084,0.5540877192982455,0.4441769486598969,0.5561856213961477,0.4537348699712592,0.5548842560947823,0.4973046683428296,0.5615140623787239,0.49431605933785666,0.4931818181818182,0.48618859410524784,0.5134683663747993,0.554342587237324,0.4468890971102385,0.5130182317682318,0.5042782179251359,0.5381095251865927,0.5122203819572239,0.534762934433987,0.534762934433987,0.5183022533022532,0.5317335807467386,0.4690101839411335,0.5492995491350754,0.49122241394691674,0.5469008608668219,0.49513620832709404,0.5429530784531738,0.49321430979750697,0.5394026363253098,0.4897178636437921,0.5310087941552474,0.5019413385271071,0.5669499741296079,0.45164388042104736,0.5446560334099874,0.44967210449082634,0.5446560334099874,0.4548172995573489,0.5458334274445243,0.4647303702188795,0.5321559892392945,0.47893577564025663,0.5099733826911717,0.5431063229567643,0.4524081107956715,0.5437037270101588,0.4754826540964318,0.5053351048784792,0.561091263808655,0.48651946294502324,0.47503081209977754,0.46368559094133693,0.508540649165649,0.4696420643448774,0.5055698005698004,0.48282828282828283,0.4819332182968547,0.2524801587301586,0.47370760994659866,0.46559214594928877,0.45060943797968034,0.501270468661773,0.41143375102844615,0.5311076604554865,0.4942113306083895,0.5283200236616385,0.4610943245319739,0.5382505175983439,0.4835561575057373,0.5236902807099851,0.43493824551516835,0.41908212560386476,0.4344515693032542,0.46967355607910327,0.4378817065287653,0.4634057971014493,0.42550856678889454,0.4270833333333333,0.4623274353987408,0.44450356229448307,0.4964087100357385,0.4497762845191127,0.5081252229008314,0.49622409706588205,0.4970705093118886,0.501431308155446,0.45833413741806045,0.47934519008248583,0.4745430929809559,0.4887814756932774,0.47140075260037007,0.5237252640015473,0.4579339032020354,0.5083067663005897,0.5792647783251231,0.4638528756099201,0.5792647783251231,0.4662888894536834,0.5792647783251231,0.43617766340538905,0.5792647783251231,0.4565335790361076,0.5801258894362342,0.42759127264441765,0.53848337941934,0.48068423123925524,0.5132704439026279,0.5146029867588167,0.41936944721743513,0.5233041163400982,0.38669822814178834,0.5110928700607544,0.4375577080974021,0.4942721673674948,0.45541131664195744,0.5088955011905709,0.46977586145613615,0.5009735578440961,0.48496202222638995,0.46481858679185833,0.5410336534474466,0.3774873502543041,0.489259168748416,0.4190687382422273,0.5054910303203614,0.4073245142763137,0.507766549880182,0.38659338949507865,0.5078124339677541,0.4341139823457335,0.49010011443718793,0.5215996951077596,0.44724443137331993,0.5029304624867973,0.49384529600480137,0.5615476518702326,0.4873904652305775,0.5464569794005276,0.45299961597542227,0.5211733373158105,0.44643114171164683,0.5474650439166567,