{"min_species_distances":[-1.0,-1.0,-1.0,-1.0,-1.0,0.0,0.0,0.1111111111111111,0.1111111111111111,0.1111111111111111,0.0,0.0,0.1,0.18181818181818182,0.0,0.0,0.0,0.0,0.0,0.0,0.08333333333333333,0.0,0.0,0.0,0.0,0.0,0.0,0.0,0.0,0.0,0.0,0.0,0.0,0.0,0.0,0.0,0.0,0.0,0.0,0.0,0.0,0.0,0.0,0.0,0.0,0.0,0.0,0.0,0.0,0.0,0.0,0.0,0.0,0.0,0.0,0.0,0.4,0.0,0.0,0.0,0.0,0.0,0.0,0.0,0.09090909090909091,0.0,0.0,0.0,0.0,0.0,0.0,0.05555555555555555,0.0,0.05555555555555555,0.0,0.0,0.0,0.06666666666666667,0.0,0.3333333333333333,0.0,0.2727272727272727,0.0,0.0,0.0,0.375,0.0,0.3125,0.0,0.3125,0.0,0.17647058823529413,0.0,0.038461538461538464,0.0,0.0,0.3888888888888889,0.0,0.0,0.0,0.0,0.0,0.0,0.0,0.0,0.0,0.0,0.0,0.0,0.0,0.0,0.0,0.0,0.0,0.047619047619047616,0.0,0.0,0.0,0.05,0.0,0.0,0.0,0.0,0.0,0.0,0.0,0.045454545454545456,0.0,0.0,0.0,0.0,0.0,0.0,0.0,0.09090909090909091,0.0,0.0,0.0,0.16666666666666666,0.2857142857142857,0.0,0.0,0.07142857142857142,0.3125,0.0,0.09090909090909091,0.09090909090909091,0.13043478260869565,0.0,0.0,0.0,0.0,0.0,0.0,0.0,0.0,0.0,0.0,0.0,0.0,0.0,0.0,0.0,0.0,0.0,0.0,0.0,0.0,0.0,0.0,0.0,0.0,0.0,0.0,0.0,0.0,0.0,0.0,0.0,0.0,0.0,0.0,0.0,0.0,0.0,0.0,0.0,0.0,0.0,0.0,0.0967741935483871,0.0,0.0,0.0,0.0,0.0,0.0,0.0,0.07692307692307693,0.0,0.0,0.0,0.041666666666666664,0.0,0.0,0.0,0.0,0.0,0.0,0.0,0.0,0.0,0.0,0.0,0.0,0.0,0.07692307692307693,0.0,0.0,0.0,0.07692307692307693,0.0,0.0,0.0,0.07692307692307693,0.0,0.043478260869565216,0.0,0.0,0.0,0.03571428571428571,0.0,0.0,0.0,0.043478260869565216,0.0,0.0,0.03571428571428571,0.0,0.08333333333333333,0.0,0.0,0.43478260869565216,0.0,0.0,0.0,0.0,0.0,0.0,0.0,0.0,0.0,0.0,0.0,0.0,0.0,0.0,0.0,0.0,0.0,0.041666666666666664,0.0,0.0,0.0,0.0,0.0,0.0,0.0,0.0,0.0,0.0,0.0,0.0,0.0,0.0,0.0,0.0,0.0,0.0,0.0,0.07692307692307693,0.0,0.07692307692307693,0.0,0.07692307692307693,0.0,0.07692307692307693,0.037037037037037035,0.037037037037037035,0.029411764705882353,0.029411764705882353,0.0,0.2777777777777778,0.0,0.19047619047619047,0.0,0.21052631578947367,0.0,0.043478260869565216,0.0],"total_num_species":[1,1,1,1,1,5,80,25,14,8,38,15,12,7,20,10,9,15,9,26,10,9,22,10,13,3,22,4,14,4,22,5,15,6,15,5,15,8,10,7,6,6,16,9,29,7,37,11,6,14,8,18,8,22,10,12,6,16,6,15,7,20,7,11,7,11,8,12,8,10,8,7,14,8,18,9,17,8,23,7,16,8,15,10,12,7,19,8,17,8,16,10,13,7,27,10,6,42,9,28,11,5,17,6,9,10,9,9,20,9,30,12,8,12,9,13,10,15,7,21,9,11,7,21,8,21,10,10,9,9,9,15,9,17,9,21,9,17,10,9,21,10,11,9,15,10,11,8,30,10,9,25,9,25,8,26,10,10,8,20,8,23,10,8,22,9,24,10,12,5,17,6,22,7,15,5,20,7,16,6,20,7,7,8,6,13,7,17,7,21,7,12,8,28,9,17,10,11,7,20,8,20,8,19,7,23,9,25,8,21,8,24,8,24,8,22,8,29,8,23,8,24,9,24,7,18,8,22,9,23,8,19,8,17,10,9,21,8,27,8,22,11,5,22,7,26,8,21,7,23,8,29,9,23,8,14,9,19,6,22,7,22,9,14,8,22,8,21,9,19,6,21,8,8,12,8,10,8,8,31,7,35,8,53,9,58,10,10,10,13,8,22,7,24,8,19,9,22,10,10],"avg_species_distances":[-1.0,-1.0,-1.0,-1.0,-1.0,0.09999999999999998,0.10796225135623864,0.20620370370370397,0.2590048840048838,0.3265873015873016,0.2997166339271632,0.34973544973544946,0.3919651056014689,0.4249639249639249,0.3553907496012757,0.4069282569282569,0.39826146076146085,0.4169186369186369,0.3807165057165057,0.40969640615794456,0.46732452732452745,0.4278860028860029,0.419085243760569,0.37339697339697336,0.41566344979806547,0.375,0.4280777844089533,0.25,0.433527991616227,0.4708333333333334,0.40036499448264146,0.23529411764705882,0.4297222222222223,0.3753703703703703,0.44868347338935627,0.39852941176470585,0.4592997906233204,0.34479219718190296,0.42299019607843147,0.49162776221599747,0.47434210526315795,0.48083333333333333,0.3576183678292811,0.47030825319331515,0.39859229548431024,0.46691729323308284,0.39421569654412714,0.3958460656990068,0.5098529411764706,0.37283155865896644,0.4674982492997199,0.36096845620839385,0.4740846338535415,0.36848545945184585,0.4461632430750078,0.4295417891674578,0.5495588235294117,0.3748731803327391,0.5343137254901961,0.4233440851087909,0.5200746965452848,0.41778338448617097,0.5149732620320856,0.44185086155674425,0.5374854247919264,0.44399599712293225,0.48245153324487683,0.48575838362990076,0.5241959941871485,0.5140694700705022,0.5287246916310385,0.5386098883998043,0.45220022991218517,0.5275881185807656,0.44583497835030655,0.4858938651218061,0.4573106132874389,0.51187641723356,0.42988621307907643,0.5405634476012627,0.46001126460685293,0.5450329753113367,0.47043842400985275,0.5077811259183806,0.4984602493309924,0.541467224848472,0.4730643154953822,0.5200292138386454,0.4780884883546703,0.5220054984236258,0.48301845554461964,0.5177634855111634,0.4851469961067488,0.530887435823305,0.49909295865008424,0.5196572839307617,0.5355015584117752,0.4796619977749632,0.48468393205235316,0.4750086496807311,0.5011762187838745,0.4564593301435407,0.4811141845618718,0.4646616541353384,0.4781987400666451,0.5128288834583985,0.4802303342035024,0.504028707885777,0.4096486385857344,0.474660029434113,0.37212450116261325,0.4606110357728708,0.5068507466782567,0.46632086888208485,0.5092458971006443,0.4701411394894963,0.5025470688009389,0.4234208133013976,0.5358701056180047,0.4079168376547859,0.5221987430449765,0.44544839249314355,0.5180700669422473,0.4143073390972551,0.4908877218455512,0.4459218315646072,0.5214865446444393,0.5166713078993784,0.5069702876720421,0.503613832561201,0.5031011873117137,0.4673353241022413,0.5015790739474951,0.4078100802071052,0.5013406374962439,0.35629912972018246,0.48985468722310826,0.4328498540717968,0.49268615562475215,0.501855042699341,0.4505877576227374,0.4981415486087493,0.47814476135934425,0.5039797848174088,0.4245313675282619,0.49772532310738454,0.48593114294970663,0.5100360420154469,0.42660177369800956,0.49270524429944734,0.48704374664519584,0.47498764947580374,0.4844090972380445,0.43494157980784737,0.4949675324675325,0.4658905851182059,0.46488131835957913,0.46762960871656534,0.516647004651663,0.45826888790399506,0.47067351644215,0.4745489113108378,0.49592583346816765,0.49836413586413586,0.4832427763296003,0.4999170153517979,0.4772126272687817,0.49588548005939315,0.5157841125658892,0.45670995670995673,0.4729218596833687,0.5398601398601398,0.4553812101694656,0.4049725291961317,0.4425567117492583,0.4923636363636363,0.4303376851980973,0.329004329004329,0.4251849008479446,0.5111981351981352,0.4014147148300468,0.47898485993724094,0.42702734731720243,0.4921335134844451,0.5235836627140975,0.4064703412529501,0.5179546126751096,0.47759430282153337,0.5157412635673504,0.45364857302451067,0.5308838376610366,0.49544524151737596,0.5270508796403937,0.3799887910075462,0.514987769230406,0.42699591121843655,0.49746095585912525,0.4775246956773897,0.5231474856188816,0.45012681001745397,0.5067805573526397,0.4398809900555502,0.5092132695679606,0.4291835665894985,0.5147060668799799,0.41545973817669923,0.469701896332331,0.4006520085558983,0.48278867871259185,0.4146068544981588,0.49427348014304545,0.4000639689216696,0.46281055900621115,0.4120451923509271,0.4492094861660078,0.4224902068903084,0.48872821019560153,0.4137517485255306,0.4877854934920152,0.41775944097036294,0.5036242018850714,0.4137448054470244,0.459927085796651,0.40847340348776484,0.5171399614877876,0.43804031495764856,0.4876767757202542,0.4105745149058719,0.42027577897143126,0.42569833206325736,0.49435941904886016,0.3981850583426987,0.4542301900997554,0.44803624255350594,0.47889605659054274,0.479170770154445,0.43260703831097186,0.5158962816571512,0.3965842980616263,0.49630538974483074,0.3662518056180081,0.46752266691001876,0.5761198945981555,0.4494808272918569,0.4890192245030955,0.44292848164483356,0.45899209486166004,0.42345712564748217,0.5126485249206147,0.4409788935472986,0.48596846618285194,0.4217700961424641,0.4680786526859458,0.42051420434073156,0.4961290105366253,0.46440330763591936,0.5043698501578936,0.3798275699496147,0.4181049626701801,0.4201440461531197,0.4953158470239216,0.41407966656655215,0.48484093000397355,0.45047982436420103,0.5292376376746691,0.4188819605345664,0.45121378621378627,0.4551679086245374,0.5240734374557904,0.4051575634898887,0.36704761904761907,0.41281460981180895,0.5189192949907235,