{"min_species_distances":[-1.0,-1.0,-1.0,-1.0,0.125,0.0,0.1,0.0,0.1,0.1,0.0,0.0,0.0,0.0,0.0,0.09090909090909091,0.0,0.0,0.0,0.0,0.0,0.0,0.0,0.0,0.0,0.0,0.0,0.0,0.0,0.0,0.0,0.0,0.0,0.0,0.0,0.0,0.0,0.0,0.0,0.0,0.0,0.0,0.0,0.0,0.0,0.0,0.0,0.0,0.0,0.0,0.0,0.0,0.0,0.0,0.0,0.0,0.0,0.0,0.05,0.0,0.09523809523809523,0.0,0.09523809523809523,0.0,0.0,0.0,0.35294117647058826,0.0,0.0,0.0,0.0,0.0,0.0,0.0,0.07692307692307693,0.0,0.07692307692307693,0.0,0.05555555555555555,0.0,0.05555555555555555,0.0,0.05555555555555555,0.0,0.3888888888888889,0.0,0.3888888888888889,0.0,0.0,0.0,0.0,0.0,0.0,0.0,0.0,0.0,0.0,0.0,0.0,0.0,0.3888888888888889,0.0,0.3888888888888889,0.0,0.2692307692307692,0.0,0.2692307692307692,0.0,0.2692307692307692,0.0,0.0,0.0,0.0,0.0,0.0,0.0,0.0,0.0,0.0,0.041666666666666664,0.0,0.0,0.0,0.3684210526315789,0.0,0.0,0.0,0.0,0.0,0.0,0.0,0.0,0.0,0.0,0.0,0.07142857142857142,0.0,0.36,0.0,0.3157894736842105,0.0,0.36,0.0,0.13333333333333333,0.0,0.045454545454545456,0.0,0.3157894736842105,0.0,0.0,0.0,0.0,0.0,0.0,0.0,0.0,0.0,0.0,0.0,0.0,0.0,0.0,0.0,0.0,0.0,0.0,0.0,0.0,0.0,0.0,0.0,0.0,0.0,0.0,0.0,0.0,0.0,0.0,0.0,0.0,0.0,0.0,0.0,0.0,0.0,0.0,0.0,0.0,0.0,0.0,0.0,0.0,0.0,0.0,0.0,0.0,0.0,0.07142857142857142,0.0,0.4642857142857143,0.0,0.2727272727272727,0.0,0.15789473684210525,0.0,0.15789473684210525,0.0,0.2727272727272727,0.0,0.2727272727272727,0.0,0.2727272727272727,0.0,0.2727272727272727,0.0,0.2727272727272727,0.0,0.2727272727272727,0.0,0.2727272727272727,0.0,0.0,0.0,0.0,0.0,0.07142857142857142,0.05263157894736842,0.0,0.17391304347826086,0.0,0.09090909090909091,0.0,0.0,0.041666666666666664,0.0,0.0,0.0,0.07142857142857142,0.17391304347826086,0.0,0.05,0.0,0.05,0.0,0.05,0.0,0.2692307692307692,0.0,0.05,0.38095238095238093,0.0,0.037037037037037035,0.0,0.05,0.0,0.05,0.0,0.05,0.37037037037037035,0.0,0.37037037037037035,0.0,0.37037037037037035,0.0,0.2777777777777778,0.0,0.0,0.0,0.2222222222222222,0.0,0.0,0.0,0.0,0.0,0.2777777777777778,0.0,0.07142857142857142,0.0,0.0,0.0,0.0,0.3157894736842105,0.0,0.3157894736842105,0.0,0.3157894736842105,0.0,0.3157894736842105,0.0,0.2631578947368421,0.2631578947368421,0.07142857142857142,0.0,0.0,0.0,0.0,0.0,0.0,0.0,0.0],"total_num_species":[1,1,1,1,4,23,8,65,20,14,9,42,14,9,30,9,20,9,23,9,21,10,8,20,9,20,10,10,9,17,11,5,14,5,17,7,13,8,15,8,18,7,14,9,16,9,20,9,14,10,8,10,9,8,12,8,7,11,6,21,6,22,8,21,10,13,6,12,7,12,7,12,7,14,6,13,7,16,7,13,7,14,7,14,6,14,6,12,7,17,8,14,7,15,7,14,7,12,7,17,6,12,6,10,7,19,8,17,8,23,10,9,18,10,9,20,9,25,10,10,13,7,26,7,21,8,22,7,33,9,35,8,28,9,27,8,42,8,28,8,30,7,38,8,22,9,25,8,29,10,12,8,16,9,27,10,8,24,10,10,10,11,7,15,7,26,7,25,8,20,8,11,6,15,7,16,8,13,7,17,8,14,7,11,7,16,7,9,9,8,17,7,20,7,14,8,16,6,16,5,12,6,11,7,11,7,13,6,20,6,19,6,24,6,20,6,22,6,20,6,18,8,14,9,10,10,10,10,9,63,9,74,13,8,41,9,27,10,9,21,9,29,9,29,9,24,9,25,11,6,18,8,13,8,14,8,11,8,7,13,7,20,7,23,8,24,9,19,9,22,9,21,9,18,9,13,10,10,10,10,10,9,16,9,20,9,22,9,24,10,10,11,8,23,9,21,11,6,25,9],"avg_species_distances":[-1.0,-1.0,-1.0,-1.0,0.20833333333333334,0.2065295815295819,0.29791666666666666,0.2740660034410038,0.34683944710260495,0.35427271141556815,0.3618686868686869,0.3745183903720503,0.3321842992172663,0.4537393162393162,0.42532457963492515,0.36374458874458876,0.4308356117566644,0.4570173834879717,0.3976812471028934,0.4198653198653199,0.39437728937728916,0.4183449883449884,0.3722527472527472,0.3684560176665438,0.3903943278943279,0.4055023266207476,0.42313834313834325,0.43319967069967064,0.45217864923747275,0.4526706749133218,0.46116998865661973,0.4063690476190477,0.4632618923393938,0.5163690476190477,0.44410938866496835,0.40306122448979587,0.4482170972302551,0.5040950590762622,0.4544875291547118,0.3644082633053221,0.42719431849371775,0.48191276510604225,0.43027199045298614,0.47294913691972507,0.4687894273768888,0.4828024411518993,0.3956801744776326,0.476935646053293,0.41570548805009405,0.4958834995986699,0.5007578031212484,0.5125020066506137,0.5121121669915529,0.5015873015873017,0.47977804359383336,0.5041666666666667,0.49685447278326533,0.46989378784270436,0.5244599243206054,0.44025505790534303,0.5385254803675856,0.4441347068823851,0.5000486917254942,0.44785675295759386,0.5032878450525509,0.46316352806737415,0.5473187052598817,0.4676109837874547,0.5366740285857933,0.48495189904503644,0.5334536378654026,0.4812573917273407,0.5285768153415211,0.39024500157197406,0.5539781297134238,0.47910983945109165,0.5370475113122171,0.4027212985429937,0.5373273240920299,0.46171433204804246,0.5346818214465272,0.4135783863482635,0.5346818214465273,0.3981688874222811,0.5704918719624602,0.36008243175340815,0.5704918719624602,0.4469730296936184,0.5339231846584788,0.43729878781981074,0.49465363068304236,0.4285370092646928,0.5287518853695323,0.432456710429856,0.5331091838444779,0.4374588735817343,0.5338678206325265,0.4778641098174348,0.5338678206325265,0.41120302234709777,0.5693522708228591,0.4290606046253959,0.5693522708228591,0.5101218031702545,0.5520058822488492,0.4469039531143236,0.5371053800561472,0.42365174760482693,0.5381405767435178,0.4261277465712062,0.5180628116476369,0.5309964921804222,0.45208461402830213,0.515602753550324,0.5309964921804222,0.4892883504705247,0.5309964921804222,0.4902966878129925,0.5352649111174261,0.5156584038297594,0.49202919314565985,0.5331091838444779,0.47060181153797115,0.5537787089644676,0.4763819626191752,0.49964447317388494,0.4515358251806369,0.5409235916588857,0.4588815751183829,0.5162106576393305,0.4518235562377129,0.5009003601440576,0.45542574756437426,0.5086500509294628,0.46496548617064754,0.5359312203142126,0.45708069204771484,0.5623030299076152,0.45131336663035154,0.5505578283945157,0.4291375690714169,0.5659603841536615,0.4568256959762323,0.5374642356942777,0.44097256474186697,0.5328527926322044,0.4332936720572167,0.5505578283945157,0.44696562672509754,0.5229468146232853,0.48006262528321364,0.48887680072028805,0.48778132610853214,0.4804841320586205,0.45758147408767447,0.5012981071216367,0.5198539643129979,0.45562619924832226,0.5186315487532526,0.5102052268718935,0.5121180290297938,0.48820404194735767,0.54640694358703,0.5115102562764238,0.3805522208883553,0.44508951406649605,0.3053221288515406,0.4780125775114311,0.5056516027463617,0.48455926420911644,0.39682956515939705,0.5115844229654973,0.5225490196078432,0.4484668721289688,0.49488684362633933,0.501598309677291,0.46073429371748686,0.49577457672423364,0.4121315192743764,0.46166778673909414,0.2980218403150734,0.4597689198310318,0.3279851414249911,0.5158253543841778,0.5141306522609044,0.37921946000622486,0.5177070828331333,0.5161498808925279,0.5251820728291315,0.5226388055222088,0.4750592547742428,0.5503885190439812,0.4414305126734658,0.5503885190439812,0.43893813334436954,0.5209218232747644,0.41587609155836736,0.55789508530685,0.3438142335462383,0.6016057471939824,0.4115379457977262,0.5722160192748427,0.42900842629241187,0.5419401678800174,0.42504380255576435,0.5419401678800174,0.45900107071665786,0.5652754652754652,0.40199395479866407,0.5652754652754652,0.3994090491089564,0.5652754652754652,0.40709407657348246,0.5652754652754652,0.40860897878577535,0.5652754652754652,0.41913587033204275,0.5652754652754652,0.4036484958517304,0.5588595614911404,0.3925613287068398,0.521695149044773,0.42737065967256843,0.5130484221826709,0.5068299471808245,0.5052444631392001,0.49909998609464673,0.5115492567437648,0.5123034034361265,0.4630610434713234,0.5050442978074557,0.46306917832355393,0.4969324746377639,0.5041640894247956,0.4205204194351713,0.5095544075807235,0.4603611330096418,0.5155578339788867,0.5071366096823763,0.47973513152524305,0.5047501475133055,0.43523527096199077,0.5047501475133055,0.43085773772066654,0.5047501475133055,0.4296500597713969,0.5095032745032745,0.4287296157689577,0.5002991553900645,0.542863802863803,0.4673670884735625,0.5273799613085327,0.48357195865997127,0.5240847115847115,0.4579401872784532,0.5240847115847115,0.45787088332542875,0.5240847115847115,0.5494182299565322,0.4766307521393918,0.5494182299565322,0.4352882906392799,0.5476111267001537,0.42702683599353164,