{"min_species_distances":[-1.0,-1.0,-1.0,-1.0,-1.0,0.0,0.0,0.125,0.1111111111111111,0.0,0.09090909090909091,0.0,0.0,0.0,0.0,0.0,0.0,0.14285714285714285,0.0,0.0,0.07142857142857142,0.0,0.0,0.0,0.0,0.0,0.0,0.0,0.0,0.0,0.0,0.05555555555555555,0.2222222222222222,0.0,0.0,0.0,0.0,0.0,0.0,0.0,0.0,0.0,0.0,0.0,0.0,0.0,0.0,0.05263157894736842,0.0,0.058823529411764705,0.0,0.0,0.0,0.0,0.0,0.08695652173913043,0.0,0.0,0.0,0.0,0.0,0.0,0.0,0.0,0.0,0.0,0.0,0.0,0.0,0.6086956521739131,0.0,0.0,0.041666666666666664,0.0,0.15384615384615385,0.0,0.15384615384615385,0.0,0.07692307692307693,0.2,0.0,0.08333333333333333,0.0,0.0,0.0,0.0,0.0,0.0,0.4375,0.0,0.3684210526315789,0.0,0.0,0.0,0.07142857142857142,0.0,0.0,0.0,0.0,0.0,0.0,0.125,0.17647058823529413,0.0,0.0,0.0,0.3333333333333333,0.0,0.2631578947368421,0.0,0.11764705882352941,0.0,0.0,0.3333333333333333,0.0,0.0,0.0,0.0,0.0,0.0,0.0,0.0,0.0,0.0,0.0,0.06666666666666667,0.0,0.0,0.0,0.0,0.0,0.0,0.0,0.0,0.0,0.05555555555555555,0.0,0.0,0.0,0.0,0.0,0.0,0.0,0.0,0.0,0.0,0.0,0.0,0.0,0.0,0.0,0.0625,0.0,0.0,0.0,0.11764705882352941,0.0,0.0,0.0,0.0,0.0,0.0,0.0,0.0,0.0,0.0,0.0,0.0,0.0,0.0,0.0,0.0,0.0,0.0,0.0,0.0,0.0,0.0,0.0,0.0,0.0,0.0,0.0,0.0,0.0,0.0,0.0,0.0,0.0,0.0,0.0,0.0,0.0,0.0,0.0,0.0,0.0,0.0,0.0,0.0,0.0,0.0,0.0,0.0,0.0,0.0,0.0,0.0,0.0,0.0,0.0,0.058823529411764705,0.0,0.0,0.0,0.0,0.0,0.0,0.0,0.0,0.0,0.0,0.0,0.0,0.0,0.0,0.05555555555555555,0.0,0.0,0.0,0.0,0.0,0.17391304347826086,0.0,0.0,0.0,0.08695652173913043,0.0,0.12,0.0,0.0,0.0,0.15384615384615385,0.0,0.15384615384615385,0.0,0.08695652173913043,0.0,0.0,0.2692307692307692,0.0,0.0,0.0,0.0,0.0,0.0,0.0,0.0,0.0,0.2608695652173913,0.0,0.2608695652173913,0.0,0.0,0.0,0.05555555555555555,0.0,0.2692307692307692,0.0,0.2692307692307692,0.0,0.2692307692307692,0.0,0.2692307692307692,0.0,0.05555555555555555,0.0,0.10526315789473684,0.0,0.25925925925925924,0.0,0.0,0.25925925925925924,0.0,0.25925925925925924,0.0,0.2222222222222222,0.0,0.2222222222222222,0.0,0.19047619047619047,0.0,0.0967741935483871,0.16129032258064516,0.0,0.0,0.19047619047619047,0.0,0.0,0.0],"total_num_species":[1,1,1,1,1,8,128,32,15,11,6,26,11,6,23,6,21,6,32,11,3,15,3,13,6,10,8,6,6,6,64,12,8,28,11,9,18,11,9,29,11,6,28,8,21,7,25,6,14,7,16,6,22,7,27,6,22,7,19,7,23,9,21,9,22,8,21,10,13,2,7,9,7,7,7,46,9,78,13,7,29,8,28,10,8,20,10,11,6,18,7,18,8,15,9,12,8,13,9,12,10,9,9,12,9,18,8,17,9,22,10,10,11,8,16,10,11,8,19,10,10,10,16,6,22,6,24,7,16,6,18,7,28,7,26,6,28,7,24,5,20,5,14,5,18,6,16,5,25,5,21,4,29,6,19,4,24,5,22,3,20,4,28,6,24,8,16,7,24,6,27,7,16,5,34,7,18,9,17,7,25,7,26,7,22,7,24,8,24,6,22,6,19,6,13,7,14,7,19,7,26,7,20,6,13,7,15,5,14,4,17,4,14,5,14,4,13,5,8,5,10,6,6,26,7,30,7,26,7,45,6,46,6,49,7,59,7,64,7,57,7,67,7,63,8,58,9,71,12,6,32,7,21,8,23,7,32,7,22,6,11,6,17,7,20,6,23,6,24,6,21,6,24,6,23,7,13,7,12,7,9,15,7,36,7,38,7,46,7,54,8,60,10,9,54,11,7,20,8,9],"avg_species_distances":[-1.0,-1.0,-1.0,-1.0,-1.0,0.11224489795918365,0.1338912225815514,0.20751728110599077,0.2841269841269838,0.3361616161616162,0.3903030303030302,0.33832323232323247,0.3616528925619834,0.30955710955710963,0.38134967798999386,0.2484848484848485,0.39289710289710295,0.42164502164502154,0.40689062281804284,0.4256479883752613,0.4047619047619047,0.40279958137101013,0.09523809523809523,0.348275335775336,0.39271708683473394,0.40291160908807966,0.4854866946778711,0.5073015873015874,0.5195891690009338,0.5194771241830065,0.46581157926133443,0.4701252723311549,0.49582166199813255,0.40471024829685015,0.48278236914600525,0.4946127946127945,0.421609404308366,0.43785934208394106,0.4939499158249157,0.4906808467298186,0.5047276238319018,0.46851851851851845,0.4769120457904309,0.5079626148705095,0.4955400980168781,0.5431307025734271,0.45214783462151975,0.498859894835127,0.4842866640913798,0.5355251749822736,0.5033128037897775,0.5103571428571428,0.5012607135551534,0.5422079943088345,0.4489483074324716,0.5571979768261234,0.4727408992617462,0.4927368927368927,0.5018040063284757,0.5467532467532468,0.4406695412624259,0.4693898044775238,0.5022524565381706,0.5306935817805384,0.4789558079789579,0.4461870255348517,0.48342890525139637,0.5360075565872671,0.4688570487483534,0.6086956521739131,0.5360614052384237,0.534419315962368,0.5729238555325511,0.5674304855890532,0.562756375142199,0.46524216847645006,0.5353150975433586,0.4585180750671115,0.4807144579246763,0.5595718722271517,0.43435173335186855,0.5487716282165039,0.43656042420488694,0.5142715941820802,0.5277451197870452,0.43624616721651993,0.5082621967404577,0.5110271505987622,0.570988612836439,0.4465158940486161,0.5594619960875273,0.44522554345657533,0.537020881006865,0.444420037059789,0.530946859786963,0.48182136322868613,0.537020881006865,0.48011882624406876,0.5247650375939851,0.49656136991663336,0.5238049182786029,0.5283141079193713,0.5412148513251456,0.4724751691663458,0.5285816035816038,0.41490761568843904,0.5530105311355311,0.3897109786599407,0.5357792852858643,0.42187589099353784,0.5161302672215986,0.5121036565773409,0.5020069404279932,0.5530530481423337,0.4375726709937238,0.5155196038529375,0.5080267101319735,0.5033875272597076,0.4519871682129302,0.5198544973544975,0.5255067340067341,0.5146176046176048,0.4534343434343439,0.5149206349206349,0.46529284908357876,0.4698932178932179,0.501407623042784,0.48980658930238763,0.5070097693227491,0.5131600698250315,0.5045430601099828,0.4882308478947135,0.46557788703731023,0.4653968253968254,0.4780060687820268,0.5073798513696212,0.4744946666845242,0.5177753727753728,0.43394571211845756,0.4743557312252965,0.4760100201095621,0.3851778656126483,0.48597642123957935,0.2551136363636364,0.4730080346094168,0.5036742001959393,0.49085825784838977,0.41246411483253587,0.4392852186770918,0.411780303030303,0.43324956147346705,0.45619019138755984,0.46554196279516397,0.40918181818181815,0.47506086457068075,0.4832442067736185,0.45346882508057623,0.35810526315789476,0.4740966494461402,0.4166666666666667,0.473394202878275,0.48611111111111116,0.4505377225519887,0.3546363392377885,0.46815312815136617,0.4376223544973545,0.47896304649819377,0.3053571428571428,0.4393604047680078,0.36735294117647055,0.47692060270149256,0.4472600779442211,0.4083995631106628,0.24918478260869564,0.48987794074604313,0.4834890852892881,0.47770767926392094,0.334903381642512,0.471839167680168,0.28869047619047616,0.4458114879332412,0.42602464524040495,0.4542936498087022,0.4033385093167701,0.4711184769700716,0.4479076251348009,0.4701140571732223,0.3422130422996687,0.49031126017318544,0.33335053319573443,0.4701125068598367,0.4664109121909633,0.4401016887644966,0.20283975659229206,0.4792057183834491,0.48873942595582714,0.4606762261007243,0.4224671947632099,0.43983202526001186,0.5084309709546901,0.4733144726768259,0.45671579327826206,0.44958896651067637,0.4473292765382014,0.44989511049428854,0.4161816305469555,0.42941518442430276,0.4128070175438596,0.39285931171652166,0.33539731682146545,0.40499008341583087,0.5389576883384932,0.44026741197981123,0.27027863777089783,0.40090047773059867,0.5291537667698658,0.39141574262510803,0.4588141476686368,0.45031708058023845,0.5357097288676236,0.39589989579203605,0.5167357788410419,0.5022750424448218,0.30365651401984217,0.4515335958944982,0.3619573330876093,0.45571464029293385,0.44396877279360497,0.5112891483130939,0.4328174974111976,0.5129984051036682,0.43119964743705125,0.5273192038066179,0.43873854722946753,0.5013421853381809,0.42823349770400454,0.5038992202178701,0.44117956316204665,0.4956054125762363,0.43516987809453395,0.4977633366506363,0.44244093087006947,0.493165539647233,0.44891939664212455,0.48860708846835843,0.443180479817606,0.4715182643708101,0.4460761682191875,0.42118649469361963,0.5351608187134502,0.3943680958606422,0.5068754106940606,0.40258683536143547,0.4865472661736759,0.3957036273197832,0.5080809176203912,0.3689619920486591,0.5123600020625192,0.3970142915587061,0.5341040554284261,0.42416948040517816,0.5341040554284261,0.38729356509130053,0.5120060383933381,0.39606990992333674,0.531287742471953,0.37562103831213217,0.5352239500265816,0.36634281971064386,0.5352239500265816,0.3865155818593081,