{"min_species_distances":[-1.0,-1.0,-1.0,-1.0,0.25,0.0,0.0,0.0,0.1111111111111111,0.1,0.09090909090909091,0.2727272727272727,0.0,0.0,0.0,0.0,0.0,0.0,0.0,0.0,0.0,0.0,0.0,0.0,0.0,0.0,0.0,0.0,0.0,0.0,0.0,0.0,0.0,0.0,0.0,0.0,0.0,0.0,0.0,0.0,0.0,0.0,0.0,0.0,0.0,0.0,0.0,0.0,0.0,0.0,0.08333333333333333,0.0,0.0,0.125,0.0,0.0,0.07692307692307693,0.0,0.0,0.0,0.0,0.05555555555555555,0.0,0.06666666666666667,0.0,0.0,0.0,0.0,0.5714285714285714,0.0,0.043478260869565216,0.0,0.42857142857142855,0.0,0.0,0.0,0.5555555555555556,0.0,0.0,0.0,0.5384615384615384,0.0,0.0,0.0,0.0,0.0,0.0,0.0,0.0,0.0,0.0,0.0,0.0,0.0,0.0,0.0,0.0,0.0,0.07142857142857142,0.0,0.15384615384615385,0.0,0.0,0.2631578947368421,0.0,0.0,0.125,0.0,0.0,0.0,0.0,0.05263157894736842,0.0,0.07692307692307693,0.0,0.047619047619047616,0.0,0.0,0.0,0.0,0.14285714285714285,0.0,0.0,0.0,0.0,0.0,0.42857142857142855,0.0,0.0,0.0,0.0,0.0,0.0,0.0,0.0,0.0,0.045454545454545456,0.0,0.0,0.0,0.0,0.0,0.0,0.0,0.0,0.0,0.0,0.0,0.0,0.0,0.0,0.0,0.05,0.0,0.0,0.0,0.0,0.0,0.0,0.0,0.0,0.0,0.0,0.0,0.0,0.0,0.0,0.0,0.0,0.0,0.16666666666666666,0.0,0.6086956521739131,0.0,0.16666666666666666,0.0,0.0,0.0,0.0,0.0,0.0,0.0,0.045454545454545456,0.045454545454545456,0.5357142857142857,0.5357142857142857,0.0,0.17647058823529413,0.0,0.06666666666666667,0.0,0.05263157894736842,0.0,0.0,0.125,0.0,0.125,0.0,0.0,0.0,0.0,0.0,0.0,0.0,0.0,0.3181818181818182,0.0,0.0,0.0,0.0,0.0,0.0,0.0,0.0,0.0,0.12,0.0,0.0,0.0,0.0,0.0,0.0,0.0,0.0,0.041666666666666664,0.0,0.043478260869565216,0.0,0.32,0.0,0.36,0.043478260869565216,0.18518518518518517,0.0,0.18518518518518517,0.0,0.15384615384615385,0.0,0.0,0.3333333333333333,0.0,0.36,0.05263157894736842,0.36,0.0,0.36,0.0,0.11764705882352941,0.0,0.36,0.0,0.36,0.0,0.36,0.0,0.36,0.0,0.36,0.0,0.36,0.0,0.041666666666666664,0.0,0.16666666666666666,0.0,0.043478260869565216,0.0,0.0,0.25,0.0,0.0,0.0,0.0,0.0,0.04,0.05555555555555555,0.04,0.05555555555555555,0.0,0.0,0.0,0.0,0.0,0.0,0.0,0.0,0.0,0.0,0.0,0.35714285714285715,0.0,0.35714285714285715,0.0,0.35714285714285715,0.0,0.07407407407407407,0.0,0.0,0.0,0.2727272727272727],"total_num_species":[1,1,1,1,2,8,128,31,20,15,12,6,28,10,7,35,10,9,15,9,30,9,30,12,3,24,6,16,7,15,8,14,9,9,14,7,9,8,17,10,12,7,29,10,10,9,18,10,10,10,10,9,10,10,10,12,11,7,23,10,12,7,19,7,29,10,10,11,2,21,5,14,4,23,5,17,3,16,4,18,4,14,5,11,4,20,5,6,6,18,8,12,8,10,9,10,9,30,9,44,8,37,10,9,29,11,9,21,10,10,11,8,15,8,22,10,9,18,8,30,9,24,9,15,10,13,5,21,6,22,9,16,8,32,7,20,8,18,9,21,7,15,8,17,7,18,7,20,7,15,8,21,6,24,6,14,6,19,6,22,6,20,7,25,10,12,3,16,3,20,3,11,3,19,3,17,3,19,4,15,4,9,5,5,4,4,17,6,39,9,63,12,7,24,6,28,6,17,8,24,8,15,7,26,11,6,12,6,16,7,18,7,16,6,16,8,14,8,23,10,9,9,10,10,10,12,8,12,7,12,7,10,8,41,8,56,9,72,11,7,24,7,12,7,19,7,16,8,19,7,20,7,23,7,25,7,25,7,24,7,23,9,20,8,28,9,25,10,9,13,10,12,8,10,10,10,11,8,15,9,20,8,14,8,19,9,13,8,14,7,12,7,16,7,14,7,10,9,17,9],"avg_species_distances":[-1.0,-1.0,-1.0,-1.0,0.25,0.15051020408163263,0.1497625296837887,0.21836064174773845,0.29780701754385985,0.345396825396825,0.3893939393939392,0.412121212121212,0.3914045830712508,0.40171889838556507,0.40618904904619185,0.4066178919120101,0.39931364931364943,0.3814426314426314,0.4306376163519022,0.42485754985754987,0.41206127206127174,0.4242165242165241,0.43506091609539865,0.4021243907607543,0.30303030303030304,0.41507239740935353,0.44329004329004323,0.4421865192269604,0.3935028556877296,0.4606086373943523,0.4909490311276024,0.36379295307866755,0.2653980573710964,0.49016754850088173,0.4742140445921963,0.5331372315007874,0.49530552961925495,0.5128858361526427,0.4688742653924316,0.5071221081025002,0.5111148111148113,0.5241167173940282,0.4176233450538014,0.4885383026559497,0.4796276055099585,0.49303954941209827,0.3822837410784357,0.4880342605832802,0.489719612268632,0.4860483971939081,0.48589259038175425,0.504421461464805,0.4892525832154316,0.4931503738779281,0.49753574026019864,0.46191720880364284,0.4800077233021224,0.49857513855744734,0.4436418725121473,0.5108757680610108,0.49137521118945293,0.47670530200384237,0.4794709821487293,0.5200585789871504,0.502784181203861,0.5290856771558525,0.4973544973544973,0.5039826839826842,0.5714285714285714,0.5205004872762514,0.4417278373800112,0.5237524380381524,0.548941798941799,0.5019258514489662,0.49689440993788825,0.44051263456634326,0.5978835978835979,0.4578583453583451,0.5150375939849624,0.5176524621205384,0.619866975130133,0.4766898932312471,0.5664777327935223,0.4934298556308124,0.5102564102564102,0.427633442657681,0.5743908382066276,0.5302910052910054,0.4624338624338625,0.47059245620254603,0.4717602830605926,0.44641060579141056,0.4658730158730159,0.4737698662610944,0.49409867260744456,0.4773527586773202,0.49035969553513414,0.5083006245249176,0.5093701579447194,0.49363308785975074,0.5400738568031801,0.47632351873802375,0.5206087869245765,0.5438436725717427,0.5000104716586329,0.49157883052619883,0.5180565596684018,0.4118940119907615,0.49616123642439436,0.4982188495931185,0.4797919761696851,0.5217030671917889,0.47392794041511416,0.5460375220713567,0.46081906035198356,0.5240801009501748,0.543173836667989,0.44243337791972953,0.532857441222103,0.4406555698497187,0.5434200970836677,0.43100811806461986,0.5469921616978572,0.48372346209438927,0.5179270004416205,0.4778832278832282,0.6059665292262916,0.4900769781596846,0.44802005012531326,0.5085420309129327,0.5430922634870002,0.5022357905252643,0.5261156137095986,0.46646396896821424,0.5317894302856708,0.5029583841025486,0.5367582918334798,0.5094463729138652,0.4995221639958481,0.46741251302545844,0.5848443808561493,0.5240751936306043,0.49735610907562516,0.4966301459735136,0.4710916902646226,0.491465792474677,0.5722412090833144,0.49071671815478257,0.5523334661778596,0.5047844083198775,0.5124606971975394,0.4790419958924133,0.5736044657097288,0.5074609367290478,0.41708513708513706,0.515903940475552,0.542608695652174,0.5103357278219308,0.5422066822066823,0.5057117390906046,0.5160798678445737,0.5188202332508435,0.5209741867761596,0.5075303970220518,0.5320356161788389,0.5221745424857107,0.0,0.4733515279556419,0.4444444444444444,0.4686153870396367,0.5138888888888888,0.44663268293703084,0.6280193236714976,0.4700278104009351,0.513888888888889,0.4774574926588995,0.4444444444444444,0.4815369606327713,0.4444444444444444,0.4143547273982062,0.457070707070707,0.4555762943444103,0.5553359683794465,0.5577169207603989,0.6116287094547963,0.6116287094547963,0.3333193747447833,0.5267364916981285,0.33827544747821076,0.48844804240875944,0.36419196701982015,0.43185799345321607,0.4928871090770405,0.28471215374574443,0.5357576913297738,0.2829744855254872,0.5393325705568269,0.3358442190646618,0.489774513924563,0.2986467264306535,0.4669908466819222,0.3705291252945715,0.4942028985507247,0.3226073236450814,0.42322741816812964,0.5558454106280194,0.42921771355565824,0.5081159420289855,0.39265810276679863,0.49363197189284136,0.36761003039775436,0.5202773072338289,0.3792709705753186,0.5370838823012736,0.3933611111111112,0.5000258799171842,0.4132164936512762,0.47348602484472047,0.33900149458149076,0.46492943932074365,0.47780797101449274,0.4855535426731079,0.4730122630992196,0.4754688467731947,0.47699221685453574,0.4114703357687548,0.500716873706004,0.4186215299851663,0.5269151138716355,0.4067610447913479,0.5301483781918565,0.4525375982042649,0.5045821831147917,0.4683134409691778,0.5045821831147917,0.45377668922094544,0.47971934913360037,0.4733004675325979,0.44381863225341484,0.5236611456176673,0.3646552761502819,0.5288879029872818,0.4483391185174736,0.5339081139702258,0.38816077954574923,0.5339081139702258,0.45242388465096767,0.5197007933608225,0.3636421114758813,0.5339081139702258,0.36483105569416674,0.5339081139702258,0.3626779521253297,0.5339081139702258,0.3676258354040834,0.5360647737355811,0.36218193911177476,0.5360647737355811,0.3759736859909614,0.5360647737355811,0.37329220091827375,0.48543391994478946,0.38408213720603096,0.521146480331263,0.3602877713690233,0.47399544095196255,0.36413001828242175,0.4687937027390043,0.49345858656693153,0.44622782689753226,