{"min_species_distances":[-1.0,-1.0,-1.0,-1.0,0.25,0.0,0.2222222222222222,0.0,0.2,0.0,0.09090909090909091,0.2727272727272727,0.0,0.0,0.0,0.0,0.0,0.0,0.0,0.07142857142857142,0.0,0.0,0.0,0.0,0.0,0.06666666666666667,0.0,0.0,0.0,0.1,0.0,0.0,0.0,0.0,0.0,0.0,0.0,0.0,0.0,0.0,0.0,0.0,0.0,0.0,0.0,0.0,0.0,0.0,0.0,0.0,0.0,0.0,0.08333333333333333,0.0,0.0,0.0,0.42857142857142855,0.0,0.0,0.0,0.06666666666666667,0.0,0.0,0.0,0.0,0.0,0.0,0.0,0.0,0.0,0.0,0.0,0.0,0.0,0.0,0.0,0.0,0.0,0.058823529411764705,0.0,0.0,0.0,0.0,0.0,0.0,0.0,0.0,0.0,0.0,0.0,0.0,0.0,0.0,0.0,0.0,0.0,0.0,0.0,0.0,0.0,0.0,0.0,0.0,0.0,0.0,0.0,0.0,0.0,0.0,0.0,0.0,0.0,0.0,0.0,0.0,0.05555555555555555,0.0,0.0,0.0,0.0,0.0,0.0,0.0,0.0,0.0,0.0,0.0,0.0,0.0,0.0,0.0,0.0,0.0,0.0,0.0,0.0,0.0,0.0,0.0,0.0,0.0,0.0,0.0,0.0,0.0,0.0,0.0,0.0,0.0,0.0,0.0,0.0,0.0,0.0,0.0,0.0,0.0,0.0,0.0,0.0,0.0,0.08333333333333333,0.15384615384615385,0.0,0.0,0.0,0.037037037037037035,0.0,0.0,0.07692307692307693,0.0,0.0,0.0,0.0,0.1111111111111111,0.0,0.0,0.0,0.0,0.0,0.0,0.0,0.0,0.0,0.0,0.0,0.0,0.0,0.0,0.05263157894736842,0.0,0.0,0.0,0.0,0.0,0.045454545454545456,0.0,0.08333333333333333,0.0,0.08333333333333333,0.0,0.0,0.0,0.0,0.05,0.0,0.0,0.0,0.0,0.0,0.0,0.0,0.0,0.0,0.0,0.0,0.0,0.0,0.0,0.0,0.0,0.0,0.0,0.0,0.0,0.0,0.0,0.0,0.0,0.038461538461538464,0.0,0.0,0.0,0.043478260869565216,0.0,0.043478260869565216,0.0,0.0,0.0,0.03571428571428571,0.0,0.0,0.0,0.0,0.0,0.0,0.0,0.0,0.0,0.0,0.0,0.0,0.0,0.0,0.43478260869565216,0.0,0.4074074074074074,0.0,0.4074074074074074,0.0,0.43478260869565216,0.0,0.4074074074074074,0.0,0.043478260869565216,0.0,0.043478260869565216,0.0,0.21428571428571427,0.0,0.2,0.0,0.2,0.0,0.0625,0.0,0.07692307692307693,0.0,0.07692307692307693,0.0,0.0,0.3793103448275862,0.0,0.0,0.0,0.0,0.04,0.0,0.038461538461538464,0.0,0.0,0.0,0.0,0.0,0.0,0.0,0.04,0.0,0.0,0.0],"total_num_species":[1,1,1,1,2,14,4,37,9,63,19,11,8,32,8,45,11,6,16,7,21,7,26,7,27,8,14,8,14,7,14,7,24,8,21,10,9,11,9,10,9,8,20,9,53,9,48,11,7,11,9,21,9,16,10,12,5,24,6,26,8,27,8,22,9,30,10,11,4,23,5,20,7,22,6,21,6,17,6,19,7,24,8,20,6,20,6,26,9,19,10,7,16,8,20,6,19,7,20,9,17,8,21,8,22,8,26,7,21,6,22,4,15,6,20,5,17,7,14,9,21,8,16,7,19,7,17,9,17,9,18,10,8,26,8,13,8,17,8,15,9,19,7,15,8,18,8,21,7,17,9,11,11,4,11,2,11,3,7,7,5,5,5,23,9,51,9,87,10,13,8,29,9,30,8,37,13,6,14,6,12,7,16,9,11,8,16,8,14,8,15,9,11,8,18,7,10,9,13,8,20,9,28,10,9,22,10,13,8,28,9,34,9,16,8,28,9,26,12,6,27,7,19,9,13,9,19,8,17,8,11,7,12,5,18,6,19,7,21,8,10,9,9,15,8,14,8,14,8,15,8,16,7,15,6,13,6,17,6,14,6,13,6,10,8,25,7,46,7,56,8,62,8,73,9,86,11,10,9,14,11,7,23,10,10,11,6,29,6,21,8,16,8,24,7,16,5,14,6,19],"avg_species_distances":[-1.0,-1.0,-1.0,-1.0,0.25,0.11479591836734696,0.3009259259259259,0.25603162686496134,0.313425925925926,0.2983172187089252,0.3541068580542263,0.3897796143250689,0.3783369408369409,0.34892371293581126,0.347634508348794,0.3744363212545034,0.40010595465140925,0.447008547008547,0.4079560023310027,0.43086807372521657,0.3930175908747341,0.41043083900226757,0.38123871000794135,0.45149136577708004,0.3540234694080849,0.4296620046620046,0.40920691030581147,0.4241460920032348,0.3679551218012758,0.43362332112332114,0.4300422051553274,0.4227106227106227,0.36202070875983977,0.3669112137862139,0.36980737516451817,0.42740690681867155,0.43121676117999647,0.44760580328762156,0.400757228882229,0.4375537425537424,0.45655779405779406,0.46033461461507674,0.42913515792772755,0.46856557794057785,0.42448408541525906,0.4657356532356532,0.44287210771446833,0.44464974419519865,0.4906462585034014,0.4613636363636364,0.48040674603174605,0.4285533405281305,0.46427554607701665,0.46506733029469133,0.47411297852474327,0.47364665563195,0.5053571428571428,0.45130067727574147,0.4174999999999999,0.46604796159094863,0.49511179471788713,0.4397269233887082,0.43010954381752703,0.44800490903432094,0.3947368421052633,0.4527877277145993,0.3858704693998811,0.46142344497607657,0.28125,0.44715203374312684,0.47625,0.42507701464704123,0.37976886661097187,0.460432909570962,0.46704793028322433,0.3997579398585591,0.4791691424044365,0.48941170262081785,0.5168369453044375,0.47815759892847004,0.448761535448842,0.4335895665272108,0.4437972158560393,0.4654837893354272,0.45489898989898986,0.4712967297218559,0.4507177033492823,0.48142369876425617,0.489630991285403,0.48635878090008755,0.41120392087368324,0.4826513938908895,0.46154497764017915,0.5063083566760035,0.4766413086261961,0.5556100217864923,0.461488301076048,0.4068627450980391,0.47583513561556634,0.48706731053222285,0.47389899035887917,0.5295513739786186,0.4954207584150088,0.4806501547987617,0.48201599715813087,0.4717240963370995,0.45661879718522624,0.4612131934113359,0.4936886014373855,0.533952528379773,0.4925640435815557,0.49432404540763675,0.50602100517067,0.5302311036057167,0.4950592940265707,0.5566114775429624,0.47483083969320317,0.5313667527289819,0.5250033592138855,0.5555613020620649,0.4997892458418783,0.5076963241436927,0.4573158453335797,0.5528106883370043,0.4857618769357498,0.5519353940406573,0.4909057172206652,0.4957612933299431,0.507515522795507,0.39422336922336915,0.5022227496668507,0.46714150047483377,0.46608669108669104,0.4965782373858417,0.508951355661882,0.49929568228195237,0.45313283208020033,0.5287759876388897,0.5243355307563382,0.5244397017388195,0.4525851666202543,0.49751695420971603,0.5089679326521431,0.5227275538743341,0.5164733261725744,0.48664129775988674,0.5459668192219681,0.462129280493942,0.5433801896044459,0.4560990092937526,0.5082443427409103,0.4942807485836401,0.48486853497379834,0.3333333333333333,0.5440007854983934,0.0,0.4904005085823268,0.0,0.5011417154274296,0.4932689532689531,0.5595571095571096,0.5664158305462653,0.5578379953379953,0.3366755115766979,0.4663461538461538,0.37946653477241826,0.471401155428933,0.3839763851739269,0.4191737891737891,0.4174946373664321,0.4721294578437436,0.3082783584322995,0.4458342326397882,0.32396217447941583,0.4759471183578328,0.4100936341949418,0.4075523161049475,0.5166724718448857,0.39571359601200456,0.552053872053872,0.428961780474465,0.5129287242587737,0.36858202119231515,0.47206092932935423,0.44072654444127785,0.48872025918105244,0.3698281949996077,0.4993665099268547,0.3711156180983763,0.4978017797890755,0.39162049772887186,0.483865543779337,0.43710620622846286,0.48778965287585985,0.37091576139323584,0.4941564839101786,0.47290178033852637,0.48411481725910055,0.43912859108166896,0.5064642110762799,0.38664858414828507,0.49723397770811556,0.3667467731650185,0.45453180932128323,0.47670625821714757,0.3832454067828746,0.476084981071672,0.44466788884560743,0.45183091895610633,0.39366164835042966,0.47864879639304925,0.37564162639024296,0.46214804246413443,0.398372439524133,0.44701321871888355,0.39317691304507063,0.4545450831181321,0.39530720974466543,0.43010538770108153,0.516716425337115,0.38979179000879555,0.4993679160345826,0.4230389406932712,0.4277837528399748,0.38511022079958757,0.4882675561985905,0.3645762807030852,0.41976893671046583,0.29745231286785856,0.48647473216438725,0.4040964719307367,0.5135288452058638,0.40985712245593664,0.46865409952366466,0.4422172725866953,0.5039916219046653,0.39230811988249054,0.46485725934066285,0.3876461138021947,0.4643698564546091,0.4485979404904137,0.432969130630421,0.43197168624062027,0.42326508154238096,0.4608779612826898,0.4398299088260249,0.4618748032172197,0.38217711883895605,0.4618748032172197,0.3701809769048126,0.4942347103907915,0.3390082133595455,0.4961188448799482,0.33279607268119926,0.533761149936933,0.36206317730304516,0.5328255675029868,0.305506188372185,0.5328255675029868,0.3382411167737254,0.5309312936124531,0.34809769705603033,0.5314814814814814,0.40888575773841473,0.46744162640901765,0.4491858058732872,0.49456282110267624,0.44108870152936247,0.5017044458685244,0.4673552088218434,0.5113706805185843,0.45189979039769085,0.5113706805185843,0.45653642042521364,0.5040694572246505,0.45910794278519346,0.4762948203165595,0.48980188738128844,0.5016055804053664,0.45447619854866406,0.4760030608263477,0.5128899835796388,0.4445672515547527,0.4724929007357793,0.4773599171519158,0.4765915186182637,