{"min_species_distances":[-1.0,-1.0,-1.0,-1.0,0.25,0.0,0.0,0.0,0.09090909090909091,0.09090909090909091,0.09090909090909091,0.0,0.0,0.0,0.0,0.0,0.0,0.0,0.0,0.0,0.0,0.0,0.0,0.0,0.4,0.0,0.058823529411764705,0.0,0.5714285714285714,0.0,0.0,0.0,0.0,0.0,0.0,0.0,0.0,0.0,0.0,0.0,0.0,0.0,0.0,0.0,0.09090909090909091,0.0,0.0,0.0,0.0,0.0,0.0,0.0,0.0,0.0,0.0,0.0,0.0,0.0,0.15789473684210525,0.0,0.13333333333333333,0.2857142857142857,0.0,0.09090909090909091,0.0,0.0,0.0,0.0,0.0,0.0,0.375,0.0,0.0,0.0,0.0,0.09090909090909091,0.0,0.0,0.0,0.0,0.0,0.0,0.0,0.0,0.0,0.0,0.0,0.0,0.0,0.0,0.0,0.0,0.0,0.0,0.0,0.04,0.04,0.04,0.0,0.04,0.15,0.0,0.0,0.0,0.0,0.0,0.0,0.0,0.0,0.0,0.0,0.0,0.0,0.0,0.16666666666666666,0.0,0.0,0.0,0.16666666666666666,0.0,0.045454545454545456,0.11764705882352941,0.0,0.045454545454545456,0.08333333333333333,0.0,0.0,0.0,0.0,0.0,0.0,0.0,0.0,0.0,0.0,0.0,0.0,0.0,0.0,0.0,0.0,0.0,0.3125,0.0,0.041666666666666664,0.0,0.3125,0.0,0.35294117647058826,0.0,0.35294117647058826,0.0,0.0,0.0,0.0,0.0,0.0,0.0,0.0,0.0,0.0,0.0,0.0,0.0,0.0,0.0,0.0,0.0,0.0,0.0,0.0,0.0,0.0,0.0,0.0,0.0,0.0,0.0,0.0,0.0,0.0,0.0,0.0,0.0,0.0,0.0,0.0,0.05263157894736842,0.0,0.0,0.0,0.0,0.0,0.0,0.0,0.0,0.0,0.0,0.0,0.0,0.08333333333333333,0.0,0.0,0.0,0.0,0.0,0.0,0.0,0.08333333333333333,0.0,0.0,0.0,0.07142857142857142,0.0,0.0,0.0,0.0,0.5263157894736842,0.5263157894736842,0.0,0.14285714285714285,0.0,0.2,0.0,0.13333333333333333,0.0,0.0,0.0,0.0,0.0,0.0,0.0,0.0,0.0,0.0,0.0,0.0,0.0,0.0,0.0,0.0,0.0,0.0,0.0,0.0,0.0,0.0,0.0,0.0,0.2777777777777778,0.0,0.0,0.0,0.0,0.0,0.0,0.42105263157894735,0.0,0.0,0.0,0.42105263157894735,0.0,0.0,0.0,0.0,0.0,0.0,0.0,0.0,0.0,0.0,0.0,0.0,0.0,0.0,0.0,0.0,0.0,0.0,0.0,0.0,0.0,0.0,0.0,0.0,0.0,0.34615384615384615,0.0,0.2,0.0,0.2,0.0,0.058823529411764705,0.29411764705882354,0.0,0.0,0.0,0.0,0.3684210526315789,0.0],"total_num_species":[1,1,1,1,2,11,6,68,16,13,6,41,9,27,10,12,7,41,9,30,9,32,10,14,3,17,4,17,3,21,4,18,4,26,6,16,5,17,5,18,5,20,5,11,5,18,5,15,6,12,6,11,8,9,6,5,6,35,7,60,11,6,35,7,31,8,39,9,26,11,6,17,7,34,10,8,20,9,20,9,32,11,6,27,9,16,9,24,10,8,9,9,20,9,20,10,10,10,10,11,8,24,9,16,9,9,23,9,33,11,8,17,8,20,9,14,9,21,9,17,10,9,19,11,7,23,8,30,8,24,7,20,8,24,7,29,8,25,8,12,8,15,6,15,6,13,6,14,7,16,6,20,8,15,8,15,8,20,8,18,8,20,9,17,7,15,7,20,9,19,9,17,10,10,14,5,24,6,23,5,21,5,19,6,14,6,14,6,13,8,19,8,10,9,17,8,16,8,14,11,5,17,6,21,6,17,6,13,4,12,6,11,6,12,5,10,6,4,4,10,6,36,6,52,8,66,11,8,26,10,10,10,14,9,15,9,16,8,19,11,5,10,8,9,8,36,9,72,11,9,17,10,11,8,23,11,4,18,6,14,5,16,6,28,6,26,6,17,7,18,5,19,6,25,5,17,6,20,8,20,8,10,7,7,7,41,6,48,7,53,8,73,11,7,29,8,24,11,7,24],"avg_species_distances":[-1.0,-1.0,-1.0,-1.0,0.25,0.2085497835497835,0.2625925925925926,0.2824738036327163,0.3252735690235688,0.3460761460761459,0.38686868686868686,0.3608949248583412,0.4143615643615643,0.3833405277849723,0.39828282828282824,0.405325987144169,0.4119214119214119,0.41525327653376476,0.41715922965922964,0.41034791517550184,0.4275446775446776,0.4274024866262773,0.3853716653716653,0.42666802062406434,0.5111111111111111,0.4290112155001861,0.2904820261437909,0.42840318382597803,0.6164021164021164,0.427207338012292,0.31601731601731603,0.4426950409793547,0.40740740740740744,0.4620234807927115,0.4989417989417989,0.39336640211640234,0.4925,0.4294659096670346,0.39,0.425269497528649,0.4445707070707071,0.37385980247822403,0.03636363636363636,0.4680593580044748,0.5114902898958625,0.37804718358123934,0.27102272727272725,0.43325557483452254,0.4659649122807018,0.41446678321678343,0.4615079365079365,0.43279220779220795,0.3581168831168831,0.4836795829442887,0.46984126984126984,0.5351190476190476,0.5160714285714285,0.46525345095323,0.5197041367154148,0.4689576301600734,0.49797932616582513,0.5256701631701631,0.49105643581481917,0.49257250685822124,0.47172909550642356,0.47609146805575403,0.4872363552385232,0.43181679431679443,0.48708026192100035,0.4670333454424361,0.5355351170568563,0.4479202004429552,0.4465552563378652,0.4245782065615341,0.44518180006031643,0.4833532835450996,0.4544296305465376,0.46902605028137845,0.4536032940377403,0.4585640364892284,0.4581246832643554,0.44054859217612063,0.5041847041847042,0.44260832954073337,0.5063988764646661,0.40785973214378785,0.4584864940128097,0.4251909081630442,0.4927106227106228,0.4644358939748147,0.4643985371926549,0.5124885448006363,0.41819947176945715,0.5170035359822944,0.39556898275563773,0.5170749540054668,0.515561417076725,0.515561417076725,0.4988083134488364,0.5069065727301021,0.521138455382153,0.4308101746811171,0.49610955493308434,0.41685636272052684,0.48699190787426083,0.4845090258325551,0.3746799946288438,0.49126128229069405,0.35855257015086717,0.4738604532722178,0.5168347338935574,0.40143906610397195,0.5168347338935574,0.3920161097931991,0.505586066076262,0.4451427564032605,0.4797669269728094,0.40496137295960366,0.4925442744437843,0.43148983025148935,0.48280344528383745,0.4922869863433589,0.41637235753233864,0.47514850954155774,0.5279233511586453,0.4422386495755764,0.46686950304597363,0.43161109801474884,0.5013390227632555,0.4445758236571462,0.5328410151939563,0.45977491495158795,0.4900512105115685,0.4253196824603423,0.4802692760493271,0.4506451020028524,0.5018233380308647,0.3920986528390622,0.4735422204863955,0.4366189008882372,0.5035998807319031,0.37512817274344795,0.5747778561699541,0.44395957661495583,0.5595153893641416,0.4237238769775232,0.5747778561699542,0.43264699621236896,0.5582810435518535,0.39000289133964916,0.5723695015237479,0.4300229152394817,0.5054857287742683,0.4299602333020495,0.5253138324295236,0.4422504416164529,0.5402943936195169,0.41931470498435913,0.5253138324295236,0.3924040511665084,0.5162679713795332,0.4177906907081555,0.4802907225371728,0.4339482539572887,0.5519216882155161,0.41399212558586596,0.5045091599858335,0.4418645939526827,0.5051375339407795,0.44036161611363195,0.42496857717445935,0.43605401826825235,0.4812114540106427,0.4804159799832552,0.48714464110001643,0.33499999999999996,0.5043297163444858,0.5087962962962963,0.4788876043177449,0.4429435483870968,0.4833105295847485,0.49868421052631573,0.4947137580794094,0.47719298245614034,0.4639295889295888,0.5478362573099415,0.44847070806323774,0.5107946336429308,0.4968667418016597,0.5302025488557996,0.4674477423717804,0.47670378458400897,0.5426476470506038,0.5221081935048224,0.4747050797228071,0.5365357765913382,0.4261552318295736,0.5446872903728945,0.5015569527815216,0.5242557150451889,0.5785270467836258,0.47178749058102776,0.37368421052631573,0.49059363309752185,0.4338450292397661,0.46971671117025154,0.5241228070175439,0.475243005607378,0.5752923976608187,0.4447767145135567,0.3824561403508771,0.38462502409870836,0.5316675770623138,0.35255159679501813,0.49026315789473685,0.46021619705830236,0.5043859649122807,0.6282894736842105,0.6282894736842105,0.37951248313090413,0.539877337574706,0.3638309582717474,0.548172514619883,0.32764360588693725,0.47248198621553883,0.33093838472351195,0.4229545454545454,0.46499405683325945,0.3235349477795901,0.44407024820724506,0.43784793337037914,0.45524075029621985,0.4049216177699149,0.47623958452776827,0.41524547740823764,0.46841368126197847,0.38346963259550354,0.47979185095090676,0.3490664084134021,0.4400770475654376,0.552171052631579,0.4663295493636053,0.5043924148606811,0.4861105736154111,0.5086492272347536,0.3795982099542458,0.4953835688758934,0.37407092671268016,0.44509569377990443,0.48539146409050965,0.3987131413256517,0.4683432232542139,0.45764037433155075,0.45388862781954875,0.3473823476569931,0.42109756342728455,0.5660087719298246,0.40820523426422983,0.48052363699102835,0.407777956080097,0.5461270022883296,0.4127770380283966,0.5183134466601286,0.38744123552884646,0.5046229704696523,0.4009906748916163,0.503255772005772,0.39571166651359113,0.41092687074829926,0.42386866158150965,0.5006493506493507,0.3741810341992508,0.5074404761904762,0.3718279884239843,0.5140357142857143,0.39853956398993196,0.5135454822954822,0.3872089818076663,0.4400632849293563,0.35470481711271223,0.41001855287569583,0.44876334776334775,0.49546034969171615,0.49546034969171615,