{"min_species_distances":[-1.0,-1.0,-1.0,0.3333333333333333,0.3333333333333333,0.0,0.18181818181818182,0.0,0.09090909090909091,0.1111111111111111,0.0,0.09090909090909091,0.0,0.0,0.0,0.0,0.0,0.0,0.0,0.5625,0.0,0.0,0.0,0.0,0.0,0.0,0.0,0.0,0.0,0.0,0.0,0.0,0.0,0.0,0.0,0.0,0.0,0.0,0.0,0.0,0.0,0.0,0.0,0.0,0.0,0.0,0.05555555555555555,0.0,0.0,0.0,0.0,0.0,0.0,0.0,0.0,0.0,0.0,0.0,0.058823529411764705,0.0,0.0,0.0,0.058823529411764705,0.0,0.0,0.0,0.0,0.0,0.0,0.0,0.0,0.0,0.0,0.0,0.0,0.05263157894736842,0.0,0.0,0.0,0.1111111111111111,0.0,0.5416666666666666,0.0,0.5416666666666666,0.0,0.3076923076923077,0.18181818181818182,0.0,0.15384615384615385,0.0,0.13333333333333333,0.0,0.07142857142857142,0.0,0.25,0.0,0.0,0.25,0.0,0.09090909090909091,0.0,0.047619047619047616,0.0,0.0,0.0,0.0,0.0,0.0,0.0,0.0,0.0,0.0,0.0,0.0,0.058823529411764705,0.0,0.0,0.0,0.0,0.0,0.0,0.0,0.0,0.0,0.0,0.0,0.0,0.037037037037037035,0.0,0.0,0.5185185185185185,0.0,0.0625,0.0,0.08333333333333333,0.0,0.0,0.0,0.0,0.0,0.0,0.0,0.0,0.0,0.0,0.0,0.0,0.45,0.0,0.058823529411764705,0.0,0.0,0.0,0.0,0.0,0.0,0.0,0.0,0.0,0.0,0.0,0.0,0.0,0.09523809523809523,0.0,0.0,0.0,0.0,0.0,0.0,0.0,0.0,0.0,0.0,0.0,0.0,0.0,0.0,0.0,0.0,0.0,0.0,0.0,0.0,0.0,0.0,0.05555555555555555,0.0,0.0,0.0,0.0,0.0,0.038461538461538464,0.0,0.0,0.0,0.03333333333333333,0.0,0.0,0.0,0.0,0.0,0.0,0.07407407407407407,0.0,0.4074074074074074,0.0,0.29411764705882354,0.19047619047619047,0.0,0.045454545454545456,0.05555555555555555,0.2608695652173913,0.0,0.0,0.0,0.06666666666666667,0.0,0.10526315789473684,0.0,0.06666666666666667,0.05263157894736842,0.2916666666666667,0.0,0.2916666666666667,0.0,0.2916666666666667,0.0,0.32,0.0,0.05263157894736842,0.21052631578947367,0.0625,0.0,0.25,0.0,0.0,0.0,0.0,0.0,0.0,0.0,0.0,0.0,0.0,0.0,0.0,0.0,0.0,0.0,0.0,0.0,0.0,0.0,0.47058823529411764,0.0,0.0625,0.0,0.47058823529411764,0.0,0.0,0.03125,0.0,0.0,0.16666666666666666,0.0,0.05263157894736842,0.0,0.05263157894736842,0.0,0.0,0.3870967741935484,0.0,0.3870967741935484,0.0,0.3870967741935484,0.0,0.2857142857142857,0.0,0.0,0.0,0.0,0.0,0.045454545454545456,0.0,0.043478260869565216,0.0,0.0,0.0,0.0,0.0,0.041666666666666664,0.0,0.2222222222222222,0.0,0.18518518518518517,0.0,0.2916666666666667,0.0,0.0],"total_num_species":[1,1,1,2,2,17,9,87,19,10,19,10,10,10,12,6,30,10,13,3,12,5,8,14,6,18,9,11,8,7,7,38,10,13,9,19,8,18,9,25,9,18,13,8,22,11,6,19,8,22,6,22,7,13,8,13,5,19,5,24,7,24,7,18,8,16,9,13,7,17,8,12,9,10,8,8,11,7,12,6,15,5,13,5,14,7,7,24,9,33,8,46,8,39,8,38,12,8,24,10,12,7,33,8,24,12,6,24,7,25,8,17,8,17,6,15,9,16,8,15,7,17,7,10,8,8,7,9,40,13,5,24,8,20,7,31,8,40,10,10,12,7,15,7,18,7,16,6,15,7,19,9,9,15,9,22,9,20,10,10,12,9,20,10,11,8,22,7,20,6,18,7,34,8,23,8,28,10,9,16,8,14,7,12,7,22,7,11,8,20,8,12,7,11,8,10,9,9,16,8,14,8,11,7,13,6,15,7,8,62,10,12,8,22,9,13,8,14,9,13,9,15,8,15,8,17,8,19,8,18,10,9,11,10,9,14,12,10,10,12,5,27,7,35,6,29,7,16,6,16,6,18,5,18,4,16,5,15,4,10,9,6,8,36,6,52,7,54,8,87,11,5,23,5,19,5,18,7,20,8,22,9,26,10,10,8,23,8,30,9,28,9,30,7,25,8,30,7,26,8],"avg_species_distances":[-1.0,-1.0,-1.0,0.3333333333333333,0.3333333333333333,0.23303571428571423,0.3236531986531986,0.30700796871607045,0.3510123729421974,0.40729344729344735,0.393796035024105,0.43113886113886113,0.42931290931290944,0.4375909275909277,0.4398545898545898,0.42909090909090897,0.42581487478039254,0.4384341584341586,0.35917415917415896,0.5654761904761905,0.42838449429358516,0.40595238095238095,0.4653509480715362,0.4195138195138196,0.44623015873015875,0.4234641271838506,0.48679506767742065,0.4466896739624013,0.46840436349364917,0.47765924551638833,0.48117656153370436,0.43912947668854396,0.43902427637721764,0.4334492305080542,0.44591291061879296,0.43504191791085506,0.46230158730158716,0.429236522373777,0.4659923409923411,0.39549358049358097,0.4831942748609415,0.4521907558672264,0.4688104630412322,0.5019012733298448,0.4580641302445822,0.418895855606382,0.4673818942781791,0.4684176355391935,0.3734432234432235,0.43452115050412315,0.5000626566416041,0.3832787734158812,0.42156862745098034,0.4882413798152667,0.3897283272283271,0.43115274859245983,0.3856837606837607,0.4690114732318355,0.38763974888200897,0.46084434776383515,0.4198790627362056,0.40058068385190204,0.5220061528885058,0.43514488416449193,0.5198683640122714,0.4299384029927762,0.48911736411736406,0.46162482669835625,0.4938071188071188,0.4363983396582694,0.5229741353062963,0.5033632604037743,0.5011406333870103,0.47533745382210857,0.5183119443429546,0.5314206480560465,0.4845730027548211,0.5140639589169,0.46809899350006345,0.5402777777777777,0.39313011063011116,0.5729166666666666,0.4060557498057501,0.5729166666666666,0.39365218115218154,0.5304487179487181,0.543039368039368,0.42087101706666985,0.49703429286762607,0.4266471196599784,0.523828601953602,0.4169437490356635,0.49635280394208964,0.4085531486477514,0.5026147959183674,0.38892113245624804,0.46615421615421615,0.5205682272909163,0.3756484747373495,0.49026806526806543,0.471473809063522,0.5355914588057444,0.4467286579643213,0.5168546365914787,0.4153682482284918,0.4811805490404561,0.3737373737373737,0.5025853476402001,0.4871554682479053,0.4685991326355112,0.3758503401360543,0.4713209033613449,0.4616014739229023,0.4393804112554116,0.5524626517273575,0.44489668501433227,0.41038359788359774,0.4969586663336667,0.5004058441558443,0.4608332144046433,0.49171661671661676,0.48310489063366296,0.4010989010989011,0.49587172087172093,0.5447136326406514,0.521187641723356,0.5502960443436634,0.5292493832118016,0.4306020619651817,0.41952156468013413,0.6080056517556517,0.3777930717738677,0.4964603518174947,0.424400085909781,0.5355385925413936,0.42537258141173045,0.5014287533195096,0.42487292562429485,0.464179611238435,0.4535457671938582,0.4310679605078708,0.5347462749054964,0.3897854596384009,0.5347462749054964,0.34180376844736693,0.5347462749054964,0.3675467272235855,0.5606875477463712,0.39239038518118585,0.531530794135836,0.381522480561099,0.49906629318394025,0.5015989729225023,0.4126059895188599,0.4953963425510741,0.332423137992223,0.4997723243886927,0.3667730847546433,0.4857132605640705,0.4747696795011374,0.45256085871640395,0.47798243337122515,0.4133814980281533,0.4820150406586446,0.4813457210837258,0.5285639947678678,0.4531122939211226,0.544739041861804,0.4438560071770315,0.5256123275260765,0.469541420977838,0.5515635994073246,0.4653808286347387,0.5290611951472697,0.4555097331327757,0.545072596510113,0.4446172199263934,0.4864335853463643,0.4815128438220143,0.4979105453626912,0.5373071046600458,0.5001248685480563,0.5489067524767323,0.4853411645398273,0.47016025982425136,0.4273056194121812,0.5238687951669696,0.5130841957716188,0.5174044515322406,0.46353164856482,0.5207822502041569,0.43503451545802035,0.539687574089197,0.4788447988588134,0.5416959511077158,0.48780421252420547,0.47926975426313995,0.5051838711112017,0.4858505876882721,0.49499236713148725,0.41313552114599544,0.5013929525217998,0.45031787684931673,0.5133909020495139,0.43310067111663214,0.5426330407780858,0.37333348109636444,0.5263050080935254,0.5244854188551982,0.4195471977308268,0.5069351173449859,0.45209330804492787,0.5226449566999879,0.3871867657052275,0.5134829281074785,0.4579761150093635,0.5208982868509723,0.41144629750431333,0.5004288713677407,0.4359740299335131,0.49576110637491705,0.421759491320895,0.5111158651103461,0.40398334153561444,0.5111158651103462,0.3757281091793895,0.5111158651103462,0.34664577063415747,0.5086464972462414,0.35669259191157143,0.4701246161882557,0.48545510296886274,0.46804396182879154,0.474882982448869,0.4865326424966947,0.40469999931181166,0.4547937900879076,0.4616295024580919,0.482520001843215,0.4738828057261936,0.48470904490828587,0.4502376684076033,0.4562153415727104,0.44208730776361177,0.4954435107376284,0.4327637030682892,0.4659274821039527,0.45292631804353,0.4100175967823026,0.42955916652572285,0.4689577623163961,0.40912509404504094,0.47503162555344713,0.33336268868756425,0.5385568205776935,0.41372784827560305,0.47388915243516755,0.36550766901742787,0.5385568205776935,0.30324574812003663,0.41990682174901023,