{"min_species_distances":[-1.0,-1.0,-1.0,-1.0,-1.0,0.14285714285714285,0.0,0.0,0.1111111111111111,0.0,0.09090909090909091,0.0,0.0,0.0,0.0,0.0,0.0,0.0,0.0,0.0,0.0,0.0,0.15384615384615385,0.0,0.0,0.0,0.0,0.0,0.0,0.0,0.0,0.0,0.0,0.0,0.15384615384615385,0.0,0.0,0.0,0.0,0.0,0.07142857142857142,0.0,0.0,0.0,0.0,0.0,0.0,0.0,0.0,0.0,0.0,0.0,0.0,0.0,0.0,0.0,0.0,0.0,0.0,0.0,0.0,0.0,0.0,0.0,0.0,0.0,0.0,0.0,0.0,0.0,0.0,0.07142857142857142,0.0,0.07142857142857142,0.0,0.07142857142857142,0.0,0.0,0.0,0.045454545454545456,0.0,0.25925925925925924,0.0,0.0,0.0,0.2857142857142857,0.0,0.045454545454545456,0.0,0.05,0.0,0.0,0.0,0.42857142857142855,0.0,0.42857142857142855,0.041666666666666664,0.42857142857142855,0.08333333333333333,0.0,0.0,0.0,0.2631578947368421,0.0,0.2631578947368421,0.0,0.3,0.0,0.3,0.0,0.0625,0.0,0.2631578947368421,0.0,0.0,0.36363636363636365,0.0,0.06666666666666667,0.0,0.06666666666666667,0.0,0.0625,0.0,0.0,0.0,0.38461538461538464,0.0,0.06666666666666667,0.0,0.125,0.0,0.38461538461538464,0.0,0.17391304347826086,0.36363636363636365,0.0,0.0,0.0,0.0,0.46153846153846156,0.0,0.0,0.0,0.0,0.0,0.0,0.0,0.0,0.0,0.0,0.0,0.0,0.0,0.0,0.0,0.0,0.0,0.0,0.0,0.0,0.0,0.0,0.0,0.0,0.0,0.0,0.0,0.0,0.0,0.0,0.0,0.0,0.0,0.0,0.0,0.045454545454545456,0.0,0.10526315789473684,0.0,0.15789473684210525,0.0,0.08695652173913043,0.0,0.058823529411764705,0.0,0.0,0.0,0.0,0.0,0.0,0.0,0.0,0.0,0.0,0.0,0.0,0.0,0.0,0.0,0.0,0.0,0.0,0.0,0.0,0.0,0.0,0.0,0.2727272727272727,0.0,0.2727272727272727,0.0,0.2727272727272727,0.0,0.2727272727272727,0.0,0.2727272727272727,0.043478260869565216,0.2727272727272727,0.0,0.2727272727272727,0.0,0.0,0.0,0.0,0.0,0.0,0.0,0.0,0.0,0.0,0.041666666666666664,0.0,0.0,0.0,0.0,0.0,0.0,0.0,0.0,0.0,0.0,0.0,0.0,0.0,0.0,0.05555555555555555,0.0,0.07692307692307693,0.0,0.0,0.0,0.0,0.0,0.0,0.0,0.0,0.0,0.0,0.2608695652173913,0.0,0.0,0.0,0.0,0.0,0.0,0.0,0.10526315789473684,0.0,0.32,0.0,0.0,0.0,0.32,0.0,0.2608695652173913,0.0,0.05555555555555555,0.0,0.0,0.0,0.05555555555555555,0.0,0.2916666666666667,0.0,0.2916666666666667,0.0,0.2916666666666667,0.0,0.2916666666666667,0.0,0.0,0.0,0.0,0.0,0.0,0.0,0.0,0.0,0.0,0.0],"total_num_species":[1,1,1,1,1,3,48,32,12,10,9,48,11,11,6,16,6,18,7,27,7,19,6,10,10,9,13,10,11,6,19,9,29,12,3,15,5,10,7,17,8,14,8,15,7,26,8,18,7,17,8,21,8,21,9,18,9,21,9,18,9,22,8,18,7,12,8,10,8,8,16,7,28,7,33,8,27,9,29,8,34,8,24,9,33,8,24,9,26,9,28,10,12,6,18,6,11,6,9,19,8,21,7,35,7,35,7,53,7,44,8,36,9,35,11,7,27,8,18,9,33,9,25,9,22,8,20,9,17,9,17,8,18,10,9,17,10,10,12,7,22,8,24,8,24,11,6,18,7,26,6,31,6,38,6,24,6,25,6,27,6,24,4,19,5,19,6,10,8,8,8,8,40,8,30,8,48,9,61,7,63,10,12,8,21,8,19,8,17,8,27,8,17,8,19,8,20,8,15,9,16,9,14,9,16,9,12,8,14,8,18,8,19,8,18,8,12,8,20,9,13,10,12,8,16,8,26,11,6,23,9,18,9,25,8,20,9,20,10,8,14,7,21,8,13,7,14,6,14,7,10,7,7,7,37,9,59,11,7,21,8,12,8,15,8,12,8,18,7,21,8,29,7,25,8,28,9,23,9,11,9,15,8,13,8,17,8,12,8,19,9,18,9,15,10,10,10,10,10,10],"avg_species_distances":[-1.0,-1.0,-1.0,-1.0,-1.0,0.14285714285714285,0.10880509118541129,0.20820132488479245,0.2720959595959595,0.31209876543209886,0.3317059483726151,0.3157246221076025,0.35669421487603303,0.3545454545454545,0.402991452991453,0.30022824397824394,0.3750582750582751,0.36051007815713665,0.3901820401820403,0.34646199005173367,0.44877899877899874,0.3852090404721986,0.45655677655677657,0.4464518814518813,0.42092916342916337,0.43579221704221704,0.3889587976126437,0.41185619935619955,0.3920363727181907,0.35117521367521365,0.4412620517883678,0.4389423076923077,0.4396397526939406,0.4414529914529915,0.3846153846153846,0.41955084597941755,0.13406593406593406,0.4470735473676651,0.46165474736903306,0.4014666669835356,0.4617019884877028,0.43169782705981835,0.4589233129149095,0.4189223210651785,0.4848599268767336,0.42801268515295715,0.4857430151547798,0.4263588861051375,0.5060977382405953,0.43324776485175365,0.48523024594453157,0.43404258059499107,0.49149591010493276,0.44964647082404746,0.4474516062235361,0.4175355265548305,0.46007174799744466,0.40207708634510914,0.47779381208173777,0.4109790293120589,0.4890338827838829,0.4281669407222261,0.49736394557823127,0.3987472766884529,0.47505668934240364,0.4626966997533361,0.529187925170068,0.42560846560846566,0.4884566326530612,0.4935586734693877,0.4732997189531802,0.5509674981103553,0.4534807815100805,0.5458464154892726,0.45319198326151006,0.5407708258742093,0.44025299658366823,0.5176821297069836,0.48115981585444256,0.5350936187872278,0.4679296950677629,0.5530624224703172,0.47524185067650876,0.5145690931875142,0.48443849505598513,0.5522812978946519,0.4923585004177103,0.5294835890230627,0.45632868618795336,0.5322042479937219,0.47468544444952787,0.5074074074074074,0.4835891381345929,0.5650216450216449,0.4089648463689383,0.5650216450216449,0.4859972622897525,0.5650216450216449,0.5290349625160835,0.4830233108566243,0.5285421345571721,0.4657084629256912,0.5584871269081795,0.4968200445948333,0.5584871269081795,0.4915271893227998,0.5589125505274574,0.4764871288451577,0.5589125505274573,0.4834752949680312,0.5490655501330967,0.48873884260643774,0.5430709926991394,0.4804319809887759,0.527679277244495,0.5605262922033108,0.4741634495543717,0.5379917184265011,0.5033132418998618,0.5471175523349436,0.49380748109089584,0.5388651656314701,0.482282333551269,0.5480098564881174,0.4860218344003896,0.5590076473733305,0.4807970389139542,0.5429961202243812,0.4452275100789665,0.5453049640517674,0.44681781761183914,0.5592765049163477,0.4255745462721306,0.5392380002303276,0.5503814079261651,0.414624619129095,0.5376147964248651,0.5376147964248651,0.48705568843856767,0.5546455005167003,0.49557905395629553,0.5346017004075193,0.48345879554834753,0.533242801022304,0.49276076236536176,0.49880711880711903,0.4862433862433862,0.4880027218369076,0.4444444444444445,0.4802912435019451,0.48370552818828677,0.4809163144086392,0.472663139329806,0.4865388739372807,0.18816738816738815,0.48491993416304346,0.5139550264550264,0.4847014703627017,0.48769841269841263,0.45932642699108295,0.3373913043478261,0.47822001092195054,0.5136836343732895,0.4749083276729104,0.42221220159151196,0.4743401869354684,0.4912305751885962,0.5140344289936158,0.5005552000077058,0.5013260972925869,0.5281573357312274,0.5292945222400137,0.44480582148025644,0.4946429498947648,0.42947964642878395,0.4915201820125419,0.40854781845065663,0.45860631189704587,0.4269476475639415,0.5132203113146853,0.42531884232754397,0.43872142538554926,0.3967094523115258,0.47153009529170514,0.3210011578693996,0.48838985088985076,0.3229238364002,0.49028138528138515,0.34348730002367783,0.48269339356295865,0.27581786565337063,0.492989417989418,0.3477983907024657,0.4913395863395863,0.34508554697763416,0.4913395863395863,0.38124823841299826,0.49133958633958635,0.419473041183186,0.4616750841750842,0.39561312359138434,0.45990580585991214,0.42165926356561806,0.46004825600236227,0.3943723443089384,0.47185355349606556,0.43923512258492486,0.48537796744318484,0.40096040154568546,0.47862939194460935,0.3560332045839293,0.47862939194460935,0.3473968185575101,0.47862939194460935,0.35597364593244074,0.47616703948225675,0.44290351916175374,0.4801352934505108,0.3527088960383366,0.48023932785614437,0.441325698695091,0.45132665062616756,0.450184678445548,0.47801069703243615,0.42564749292834814,0.4674097900029577,0.3964669706689342,0.4420768669187641,0.513395061728395,0.42862975224772915,0.4768729023258008,0.40313877742145965,0.4892127022055337,0.42047452452294387,0.4187499999999999,0.4102802906913617,0.4882587448559671,0.4017160745166642,0.4581762733151622,0.4687590187590189,0.36977599120456267,0.48904922238255566,0.43252734791815295,0.4789610389610389,0.406389265100699,0.4925124258457591,0.4168961139297734,0.5178369923467963,0.4159338581477856,0.5071999170038385,0.45822435913488413,0.5007279949016643,0.4965559557156195,0.4962384953981592,0.4178346399515883,0.48102904955085485,0.4140870183606251,0.45557870797221706,0.4939149572872627,0.4110179247258726,0.46801720688275295,0.44583181201155425,0.47674069627851123,0.39887257313010505,0.47854741896758696,0.44711442152618625,