{"min_species_distances":[-1.0,-1.0,-1.0,-1.0,0.0,0.0,0.125,0.0,0.0,0.0,0.0,0.0,0.0,0.0,0.09090909090909091,0.0,0.0,0.0,0.0,0.0,0.13333333333333333,0.0,0.0,0.0,0.0,0.0,0.0,0.0,0.0,0.0,0.0,0.0,0.625,0.0,0.5,0.0,0.1,0.0,0.0,0.0,0.0,0.0,0.0625,0.0625,0.25,0.0,0.0,0.0,0.0,0.0,0.0,0.0,0.0,0.0,0.0,0.0,0.0,0.0,0.0,0.0,0.0,0.0,0.0,0.0,0.0,0.0,0.09090909090909091,0.0,0.0,0.0,0.0,0.0,0.47368421052631576,0.0,0.5294117647058824,0.0,0.47368421052631576,0.0,0.47368421052631576,0.0,0.05,0.0,0.1875,0.0,0.1875,0.0,0.0,0.0,0.05,0.0,0.0,0.0,0.0,0.0,0.0,0.0,0.0,0.0,0.0,0.0,0.0,0.058823529411764705,0.0,0.10526315789473684,0.0,0.058823529411764705,0.0,0.0,0.43478260869565216,0.0,0.041666666666666664,0.0,0.43478260869565216,0.0,0.0,0.0,0.0,0.0,0.0,0.0,0.0,0.0,0.0,0.0,0.047619047619047616,0.0,0.0,0.0,0.0,0.3333333333333333,0.0,0.0,0.0,0.047619047619047616,0.0,0.0,0.0,0.0,0.0,0.0,0.0,0.0,0.0,0.0,0.0,0.0,0.0,0.0,0.0,0.0,0.0,0.0,0.0,0.0,0.0,0.0,0.0,0.0,0.0,0.0,0.0,0.0,0.0,0.0,0.0,0.05,0.0,0.0,0.0,0.0,0.0,0.0,0.0,0.0,0.0,0.0,0.0,0.07692307692307693,0.0,0.0,0.0,0.0,0.0,0.0,0.0,0.06666666666666667,0.0,0.0,0.0,0.0,0.0,0.0,0.06666666666666667,0.0,0.06666666666666667,0.0,0.0,0.0,0.2631578947368421,0.0,0.17647058823529413,0.0,0.0,0.0,0.17647058823529413,0.0,0.0,0.0,0.0,0.0,0.0,0.0,0.047619047619047616,0.0,0.0,0.0,0.0,0.0,0.0,0.0,0.0,0.0,0.0,0.0,0.0,0.0,0.0,0.0,0.0,0.0,0.0,0.045454545454545456,0.0,0.0,0.0,0.0,0.0,0.0,0.0,0.0,0.0,0.0,0.0,0.038461538461538464,0.0,0.058823529411764705,0.0,0.0,0.0,0.06666666666666667,0.0,0.05555555555555555,0.0,0.2631578947368421,0.0,0.2631578947368421,0.0,0.2631578947368421,0.0,0.045454545454545456,0.0,0.0,0.0,0.0,0.0,0.0,0.0,0.0,0.0,0.03571428571428571,0.0,0.2631578947368421,0.0,0.0,0.0,0.0,0.0,0.0,0.0,0.0,0.0,0.0,0.0,0.0,0.0,0.0,0.0,0.0,0.0,0.0,0.0,0.0,0.06666666666666667,0.0,0.038461538461538464,0.0,0.038461538461538464,0.0,0.0,0.0],"total_num_species":[1,1,1,1,4,11,8,74,18,14,8,36,10,11,6,36,9,15,10,13,4,21,4,14,5,13,4,22,4,13,3,17,2,14,3,12,4,9,6,5,6,55,10,13,6,44,9,44,11,8,22,5,22,6,13,7,23,9,15,11,6,35,7,19,6,23,5,28,7,19,8,20,5,19,4,20,5,23,5,14,7,20,6,24,5,24,6,23,8,20,7,17,7,15,9,11,7,10,8,8,23,7,20,8,34,9,29,11,6,26,7,24,6,20,7,23,8,20,8,22,7,29,8,20,8,17,9,15,11,7,14,7,20,8,20,9,27,10,12,6,19,8,17,8,22,8,21,7,20,5,23,6,21,7,11,6,17,7,13,6,12,8,19,8,12,6,28,7,24,8,20,7,14,7,17,7,18,7,17,8,13,8,15,6,15,6,11,6,15,6,8,6,6,12,6,19,6,13,5,19,7,21,9,23,7,27,7,32,8,33,8,30,9,25,10,9,17,10,11,7,16,7,28,8,27,8,20,9,15,10,12,7,16,7,19,7,18,5,17,7,15,7,21,8,12,6,9,8,10,10,10,10,11,7,31,7,36,7,28,9,31,10,9,24,10,10,10,10,11,8,16,8,15,10,11,7,12,8,14,7,17,9,10,11,8,14,8,12,9,15,8,14,7,19,9,14,9,14,7,20],"avg_species_distances":[-1.0,-1.0,-1.0,-1.0,0.125,0.18409090909090908,0.23660714285714285,0.26225207595070693,0.3160510332078958,0.35106005106005084,0.37521645021645017,0.3574202340869038,0.39424242424242417,0.3814049586776858,0.4319813519813519,0.3821875038541731,0.4408799533799534,0.3838028638028636,0.39541699041699035,0.44293302850995164,0.426984126984127,0.4446245619459902,0.4090909090909091,0.4351739835256318,0.4580357142857142,0.4159165620704081,0.3125,0.4323489641671461,0.4791666666666667,0.4139277389277389,0.4166666666666667,0.38134491121623476,0.625,0.4049241356933663,0.5625,0.4139309764309764,0.49583333333333335,0.42421737213403876,0.48300264550264543,0.5008928571428571,0.4965656565656565,0.46145721556892066,0.5103644606740582,0.49239575634997185,0.5115805109922757,0.4624626700379893,0.48395054378026514,0.44391999385846725,0.46054217618388743,0.48394357743097227,0.4570679852896084,0.5262745098039215,0.4551658471540066,0.5074136321195144,0.4800182252388136,0.5252450980392156,0.4453383492638443,0.5141121473842062,0.4780590316934857,0.510852200384286,0.4773944193061839,0.48877433769493084,0.5041081209811861,0.49462012586653964,0.5406574978169405,0.45407167508609914,0.5450920403126285,0.47901452280892376,0.498571281659517,0.4968198499959998,0.4739073974271342,0.4880447819475439,0.587800832208727,0.48236086804402006,0.5970763305322129,0.4855794002315103,0.5845615877930119,0.47809587921633495,0.5845615877930119,0.4953405745809551,0.5330394358700419,0.4590892455873219,0.5662041132242371,0.46446531129614366,0.5545693277310925,0.4831121448995664,0.5476946041574525,0.48561378977270714,0.5229496343992143,0.46734806053852695,0.5455932372949179,0.47865717699735877,0.5587751767373617,0.48165388377573265,0.5357611246252889,0.4920588570356373,0.533530078698146,0.4823975789146068,0.5303838640719446,0.5203504547752117,0.4876935044404081,0.5512016209992769,0.44697820850053244,0.5466493614989856,0.4618249287627693,0.542327390818103,0.48679373250104707,0.5248010410044334,0.579639636174836,0.48695914154196523,0.5529172004423432,0.47771088168078213,0.579639636174836,0.45589721268380967,0.5482878735018035,0.446618282005494,0.5244146628903278,0.45888902968856365,0.5182737282556042,0.4123558005577489,0.5482878735018034,0.42687964089362,0.5477049451868211,0.43355885093244406,0.5492659560646022,0.444467670357219,0.5243518046679644,0.4999348104665746,0.5278096426837845,0.5725683255758445,0.4645328981795151,0.509676970203286,0.5073473456368199,0.539944641824341,0.4543385703563726,0.525135439609124,0.4762410400494629,0.5324982970246128,0.5189512484602979,0.495319780933816,0.5217117801304243,0.3343605407750145,0.510445641424521,0.5460193141584119,0.4883975511168494,0.4998399359743896,0.485785287926511,0.4991329865279444,0.46709215338927484,0.5142857142857142,0.43581731366280196,0.5074314574314573,0.508989201741303,0.3917748917748917,0.5146483528260104,0.577922077922078,0.4847437333110616,0.47629354772211907,0.5139333216692562,0.5517460317460318,0.4663970651431467,0.41481137909709326,0.506814068123129,0.53912174917814,0.5299679365344692,0.5529381145170618,0.47278810699964463,0.5540610183467326,0.46927153384216247,0.5124106612848848,0.45429732783776483,0.49748595090210007,0.5090460830441218,0.48773735581189,0.4950195435161943,0.5280985749929848,0.5069906278583721,0.5797191283526687,0.5038514466745593,0.5039168905628533,0.4798100450274363,0.48425022182786154,0.47613540277771194,0.5374948240165632,0.502619009699755,0.5493380049901789,0.5102369025224175,0.5076604554865425,0.37988717226020846,0.5092063492063492,0.511461106181603,0.4996031746031745,0.5543650793650794,0.46351823557705935,0.5279866332497911,0.42421428760438085,0.5463980463980463,0.4420813534590626,0.5840225563909776,0.44592279643743443,0.5394546707571918,0.41954579492615784,0.5097315388143562,0.42420992805970653,0.5335251644517454,0.4380155285986037,0.5225823662798452,0.4184165941419024,0.5319302721088436,0.42730035129415894,0.5171970103831007,0.3937868730876107,0.5158155806182123,0.4304826404245905,0.5031735111198479,0.5199842142244102,0.4539815603744081,0.508934583934584,0.514684407908444,0.5394921126345275,0.4835022838215564,0.513705482192877,0.4433297162488098,0.5199789652703185,0.4587413778274664,0.5098593073593073,0.44413699020277997,0.5065446127946127,0.4928091166198583,0.5169684637463612,0.5147349273502922,0.5408102766798419,0.49566805871679526,0.5120779220779221,0.45108175643136256,0.5488394725479124,0.38343686856023307,0.5566521739130434,0.4760396080368905,0.5479176620480969,0.43725785808394474,0.5453952569169959,0.4127409857122138,0.5390965396496087,0.47760649978041275,0.5550647911338448,0.5040778630292696,0.5457060650347095,0.4967604568397407,0.5210077345965083,0.5237837532165167,0.5189052019423986,0.5101378723170719,0.5632834383011615,0.4571705823500296,0.5632834383011615,0.4443025303792293,0.5632834383011615,0.4448224996183127,0.5192658977363812,0.4397826327778057,0.5072333424834284,0.5261925473356278,0.45879228388433885,0.5065612268016509,0.5042204313315574,0.5081676114127318,0.5077169194654725,0.4909094824948911,0.5370933953291461,0.48356533644091976,0.5447705008776966,0.47030909747190225,0.5004738290137551,0.4956611685437539,0.5760445827506414,0.5178216846317288,0.5515187814256137,0.48563328392449717,0.5738973047412944,0.4448001408488639,0.5411144602768645,0.5266839433182144,0.524478384670433,