{"min_species_distances":[-1.0,-1.0,-1.0,-1.0,0.14285714285714285,0.0,0.2,0.0,0.09090909090909091,0.09090909090909091,0.0,0.1,0.0,0.09090909090909091,0.0,0.0,0.0,0.0,0.0,0.0,0.0,0.0,0.0,0.0,0.0,0.0,0.0,0.0,0.07142857142857142,0.0,0.0,0.0,0.0,0.0,0.0,0.0,0.0,0.0,0.0,0.0,0.0,0.0,0.0,0.0,0.0,0.0,0.0,0.5,0.0,0.0,0.0,0.06666666666666667,0.0,0.0,0.0,0.0,0.0,0.0,0.0,0.0,0.0,0.0,0.0,0.0,0.0,0.0,0.0,0.0,0.0,0.0,0.0,0.0,0.0,0.0,0.0,0.0,0.0,0.0,0.0,0.0,0.0,0.0,0.0,0.0,0.0,0.0,0.0,0.0,0.0,0.0,0.0,0.0,0.0,0.0,0.0,0.0,0.0,0.0,0.625,0.0,0.0,0.0,0.0,0.0,0.0,0.0,0.1111111111111111,0.0,0.0,0.0,0.0,0.0,0.0,0.0,0.0,0.0,0.0,0.0,0.0,0.0,0.0,0.0,0.0,0.0,0.0,0.0,0.0,0.0,0.0,0.0,0.0,0.0,0.0,0.0,0.0,0.0,0.0,0.0,0.07142857142857142,0.0,0.11764705882352941,0.0,0.0,0.0,0.0,0.0,0.0,0.0,0.0,0.0,0.0,0.0,0.0,0.0,0.0,0.0,0.0,0.0,0.0,0.0,0.0,0.0,0.0,0.0,0.0,0.0,0.0,0.0,0.0,0.0,0.0,0.0,0.0,0.0,0.0,0.0,0.0,0.08,0.0,0.08,0.0,0.0,0.0,0.08,0.0,0.0,0.038461538461538464,0.09090909090909091,0.0,0.5,0.0,0.18181818181818182,0.0,0.06666666666666667,0.23076923076923078,0.0,0.125,0.0625,0.0,0.0,0.0,0.0,0.0,0.18181818181818182,0.0,0.0,0.0,0.0,0.0,0.0,0.0,0.0,0.0,0.0,0.0,0.0,0.0,0.03225806451612903,0.0,0.0,0.0,0.0,0.0,0.0,0.0,0.0,0.0,0.041666666666666664,0.0,0.0,0.0,0.041666666666666664,0.0,0.04,0.038461538461538464,0.0,0.0,0.0,0.0,0.08,0.0,0.0625,0.0,0.0,0.0,0.13333333333333333,0.0,0.17647058823529413,0.0,0.2777777777777778,0.0,0.0,0.0,0.0,0.05263157894736842,0.0,0.0,0.0,0.0,0.0,0.0,0.0,0.0,0.0,0.0,0.36363636363636365,0.0,0.07692307692307693,0.0,0.07692307692307693,0.0,0.0,0.0,0.0,0.0,0.375,0.0,0.047619047619047616,0.0,0.0,0.0,0.0,0.0,0.0,0.0,0.0,0.0,0.0,0.0,0.0,0.0,0.0,0.0,0.0,0.0,0.0,0.0,0.0,0.07142857142857142,0.0],"total_num_species":[1,1,1,1,4,19,6,48,15,9,53,10,15,8,30,12,7,22,8,16,9,22,9,14,8,22,9,15,9,19,8,34,12,6,14,6,22,7,16,7,11,8,14,9,16,5,11,5,13,6,13,5,23,5,13,7,13,6,13,6,21,8,12,8,16,7,19,7,12,6,18,6,22,7,15,5,21,9,12,8,23,10,9,14,9,14,9,11,8,15,9,15,10,16,2,12,3,14,2,15,2,11,3,16,3,9,5,5,5,5,55,9,101,14,7,42,9,55,12,10,11,7,14,7,16,8,13,7,8,10,8,10,12,8,15,10,10,12,10,11,7,18,8,15,9,22,8,21,9,16,9,23,8,20,10,10,11,7,16,7,17,7,23,7,13,5,12,5,11,6,11,5,11,5,15,4,13,5,13,4,10,7,8,7,7,46,10,10,11,5,20,8,35,10,8,30,10,11,10,10,8,16,11,7,15,9,15,9,19,10,12,5,32,6,18,7,18,6,13,6,18,7,20,6,22,5,24,6,19,7,11,6,15,6,9,7,7,7,50,7,58,10,9,78,12,7,18,8,32,7,33,8,35,10,10,15,8,27,8,20,10,9,14,9,13,7,14,9,16,8,13,8,17,8,14,7,15,8,20,8,16,9,17,10,10,17,6,13,7,22,9,18,7,23,8,20,8,19,9,10],"avg_species_distances":[-1.0,-1.0,-1.0,-1.0,0.23214285714285712,0.21587533648937174,0.30000000000000004,0.27815771698750513,0.34750841750841727,0.34671717171717176,0.31844358471717227,0.384949494949495,0.37124098124098087,0.3846861471861471,0.3708401049780367,0.4079271738362647,0.4263736263736263,0.4246090129207014,0.2959183673469388,0.38349414474414484,0.32661782661782657,0.42278399810867334,0.43319088319088306,0.4240137152225071,0.44284733124018827,0.4133839465008295,0.48326846764346765,0.40510422117565004,0.4860157203907203,0.4253422016579907,0.47798406950192657,0.4591991490387228,0.5010010822510824,0.4501587301587301,0.4558608058608064,0.35492063492063497,0.48933441675038275,0.4749149659863945,0.4617551892551893,0.42049319727891155,0.4542923742923743,0.49328231292516994,0.48451475264662075,0.47053571428571417,0.41423115079365086,0.42142857142857143,0.464045954045954,0.5896428571428571,0.45040504367427475,0.45595238095238094,0.4888712782943554,0.541845238095238,0.4321486484529958,0.47857142857142854,0.4566978500802033,0.4780045351473922,0.4632346955876371,0.5142460317460317,0.39240944240944237,0.5295238095238094,0.46811836137964025,0.5114795918367346,0.4738250297460826,0.5085459183673469,0.4737190197716515,0.5084183673469387,0.47240509567379396,0.4842687074829932,0.47388227800907246,0.48382034632034626,0.4709737058034271,0.5317460317460319,0.46720525240689253,0.47278911564625853,0.48059218559218536,0.42142857142857143,0.49588130123844365,0.5249815203859322,0.5081274934216116,0.5142644557823127,0.4874396135265701,0.4938232700487604,0.5053269919078742,0.5097190938805849,0.5021812428675173,0.4943185776334827,0.528388901857039,0.5025072150072154,0.5010204081632652,0.49817493664132345,0.4976988017429193,0.5007852939155462,0.43105119825708055,0.49697993591376,0.0,0.4976997341636382,0.463768115942029,0.4814862567100422,0.625,0.4619294990723562,0.0,0.515692640692641,0.4444444444444444,0.4457807239057239,0.0,0.47813451980118643,0.5767273576097105,0.5656162464985993,0.5656162464985993,0.5663101604278074,0.46076871429424965,0.48902648778809765,0.44560375123911095,0.4157029466184711,0.4995088944668775,0.3641488955769541,0.45449659273188675,0.3464982022942446,0.45070872878359514,0.4834107069401188,0.4479290406563134,0.5230370936253289,0.427724288840826,0.5179153787118712,0.42939547265394484,0.484285308326229,0.3956263245228915,0.5190462658493349,0.5141617405044514,0.4841492104088014,0.5172573920872697,0.4628220380074601,0.4330265624005453,0.4954200530926874,0.3961995151764974,0.4849080615321025,0.48559517398392077,0.4553745848561007,0.5089955061838896,0.4737070675992468,0.5432575471073249,0.448580344691768,0.5034639027235608,0.43893248339645646,0.4318960230926848,0.4457895183538419,0.48963521335307586,0.4123288003225697,0.4550934027310391,0.4546125437207682,0.5112859763788555,0.43213319385876126,0.5271001993474737,0.42510105298693424,0.4946096699549385,0.5158589087809035,0.492834949286937,0.500618912706196,0.49610822306062224,0.5491703927947992,0.43222160448511043,0.5329172072869552,0.45937903627705695,0.5069815805109922,0.4651420131296291,0.5630582137161084,0.467268069568942,0.5850279106858054,0.42495683545275453,0.5625199362041468,0.45121538998942046,0.5848302822273074,0.41538518853904505,0.5843478260869566,0.40631142362869327,0.5727657004830917,0.4393706535010882,0.5745869565217392,0.5042214790040875,0.5717995169082125,0.506644122383253,0.5588336783988959,0.5439906832298137,0.5666045548654244,0.5312855019376758,0.4928071471857142,0.518058479532164,0.5048096881506494,0.4888196021439209,0.5837018130610807,0.46603142291086447,0.5177340720737257,0.4308414613900832,0.47604352762247515,0.5179416866641042,0.4545986979383435,0.473318772953276,0.46607255227340527,0.4484188839532763,0.48132032347928033,0.5161035136149553,0.427813069248379,0.47765211598273694,0.540135590560566,0.4739841062887811,0.4860994346501595,0.4594781119098436,0.4872531735575214,0.430186612957232,0.45291254780194523,0.49301313530562546,0.41739130434782606,0.4378867000656899,0.503522178304787,0.4071888112098401,0.3796034882991406,0.40248071007909314,0.5027451938742262,0.432541103123151,0.45236056214317083,0.48909826341298596,0.5414316476728819,0.4077659204430816,0.4797979797979798,0.4901940272174871,0.5439393939393938,0.4400138363137631,0.4651178531613314,0.4302223343339465,0.5133976005294378,0.37335522121637127,0.5484867555695045,0.39298339030456825,0.5548575178911785,0.47946764537797143,0.5138076969918403,0.5138076969918403,0.5063224683812919,0.4887359821591924,0.5389733284618194,0.4696038974773679,0.47581884057970997,0.4892514445391682,0.4318487192330401,0.4475077269740993,0.5413986624344681,0.43946614770726883,0.5163523869566069,0.32265716795054905,0.5484655062660178,0.34607004508867173,0.5106207122557139,0.3716585780584654,0.4811998104197592,0.4826215410748994,0.43152828890469036,0.5232742528529551,0.35794483614702993,0.5144497950562023,0.3973079839453436,0.4601113475896084,0.49947635941056995,0.43367398106792565,0.5005447354789461,0.44140035779315856,0.5361158432211065,0.4066300149419319,0.4909708201155569,0.3755042988412548,0.5108986846486847,0.42039853453454346,0.5087223887223887,0.36276629825467654,0.5155144855144855,0.4060148491419394,0.542951492951493,0.3900595298421383,0.5200699895342754,0.3520702154443573,0.5111097236097236,0.3845890369694716,0.4881088476740653,0.37123575912578455,0.45154619454619466,0.4917433636322526,0.3758663123369008,0.5608951048951049,0.48283577296397834,0.5480780330780332,0.4635326333683867,0.47036833536833533,