{"min_species_distances":[-1.0,-1.0,-1.0,-1.0,0.14285714285714285,0.0,0.1111111111111111,0.0,0.1,0.1,0.0,0.0,0.0,0.0,0.0,0.0,0.0,0.0,0.0,0.0,0.0,0.0,0.0,0.0,0.5,0.08333333333333333,0.0,0.0,0.0,0.0,0.0,0.0,0.0,0.0,0.0,0.0,0.058823529411764705,0.0,0.0,0.0,0.0,0.0,0.2727272727272727,0.0,0.25,0.0,0.0,0.0,0.0,0.0,0.15384615384615385,0.0,0.0,0.0,0.0,0.0,0.07692307692307693,0.0,0.0,0.0,0.0,0.0,0.0,0.0,0.0,0.0,0.0,0.0,0.0,0.0,0.0,0.0,0.0,0.08695652173913043,0.0,0.0,0.0,0.0,0.0,0.0,0.0,0.0,0.06666666666666667,0.0,0.0,0.0,0.0,0.0,0.0,0.0,0.0,0.0,0.0,0.0,0.0,0.0,0.0,0.0,0.06666666666666667,0.0,0.0,0.0,0.0,0.0,0.0,0.0,0.0,0.0,0.0,0.0,0.043478260869565216,0.0,0.0,0.045454545454545456,0.08695652173913043,0.0,0.0,0.17647058823529413,0.0,0.0,0.0,0.0,0.0,0.0,0.0,0.0,0.0,0.0,0.0,0.0625,0.0,0.058823529411764705,0.0,0.1111111111111111,0.0,0.0,0.0,0.0,0.0,0.0,0.0,0.0,0.0,0.0,0.0,0.0,0.0,0.0,0.0,0.0,0.0,0.0,0.0,0.2,0.0,0.15789473684210525,0.0,0.11764705882352941,0.3333333333333333,0.0,0.1111111111111111,0.0,0.3333333333333333,0.0,0.0,0.0,0.0,0.0,0.0,0.0,0.0,0.0,0.0,0.0,0.0,0.0,0.0,0.0,0.0,0.0,0.0,0.0,0.0,0.0,0.0,0.0,0.0,0.0,0.0,0.0,0.0,0.0,0.0,0.0,0.0,0.0,0.0,0.0,0.0,0.05263157894736842,0.0,0.0,0.0,0.045454545454545456,0.0,0.0,0.0,0.0,0.0,0.0,0.0,0.0,0.0,0.0,0.0,0.0,0.0,0.0,0.0,0.0,0.0,0.0,0.0,0.0,0.0,0.0,0.0,0.0,0.0,0.0,0.0,0.0,0.0,0.0,0.0,0.0,0.11538461538461539,0.11538461538461539,0.0,0.058823529411764705,0.0,0.4857142857142857,0.0,0.42857142857142855,0.0,0.03571428571428571,0.0,0.038461538461538464,0.0,0.058823529411764705,0.0,0.03571428571428571,0.2777777777777778,0.0,0.0,0.0,0.0,0.0,0.0,0.0,0.0,0.0,0.0,0.0,0.0625,0.0,0.0,0.0,0.0,0.0,0.0,0.05,0.0,0.047619047619047616,0.0,0.0,0.047619047619047616,0.0,0.0,0.047619047619047616,0.0,0.0,0.16666666666666666,0.0,0.0,0.30434782608695654,0.0,0.30434782608695654,0.0,0.047619047619047616,0.0,0.0,0.0,0.045454545454545456,0.0,0.0,0.0,0.0,0.0,0.0],"total_num_species":[1,1,1,1,3,13,7,61,18,14,10,13,7,24,6,33,9,20,7,18,9,19,10,11,3,9,18,8,23,8,27,8,23,11,4,25,7,13,5,10,7,7,6,14,7,22,9,26,10,11,8,22,9,18,9,30,11,6,20,7,15,7,19,7,31,6,30,7,24,9,22,9,26,7,25,7,24,9,27,11,5,15,5,18,6,16,6,20,6,17,8,16,7,11,7,19,6,19,5,18,7,16,7,20,8,25,8,19,8,15,9,18,10,9,7,6,12,7,14,7,20,9,25,8,18,9,19,10,13,9,15,9,12,8,15,9,17,10,10,16,7,20,7,24,8,10,9,13,9,9,9,9,47,8,70,9,87,11,8,25,9,19,8,26,10,11,8,12,10,12,10,10,10,11,8,22,7,30,9,19,9,28,8,21,8,24,7,33,9,22,10,8,17,8,19,7,17,6,22,5,18,5,15,7,22,6,21,7,14,8,20,9,19,6,22,7,21,7,29,7,17,7,18,7,23,7,20,7,19,9,17,7,19,7,8,7,6,6,32,6,41,5,46,5,50,6,33,8,49,9,56,12,6,16,9,25,9,25,9,28,8,23,8,25,8,20,10,9,14,9,22,10,10,10,10,10,10,10,10,9,9,52,9,62,11,7,21,7,29,9,14,9,20,10,10,10,9,14,9,15],"avg_species_distances":[-1.0,-1.0,-1.0,-1.0,0.21428571428571427,0.17055860805860806,0.24669312169312163,0.26621259432735045,0.3119099491648508,0.3646187146187142,0.3706397306397307,0.3812742812742808,0.33766233766233755,0.39410042453520705,0.3393939393939393,0.3890765169174282,0.3660159285159286,0.39607287449392653,0.4045954045954045,0.3949248645327072,0.4003126503126503,0.3661423047387957,0.43929789346456005,0.434127993218902,0.5476190476190476,0.42605542605542607,0.421899912211331,0.3981554160125588,0.4784040022211373,0.4878581240188383,0.46417443862768104,0.49296016483516475,0.4656763100497116,0.4862261921085452,0.49198717948717946,0.464316175840556,0.5116204376487437,0.41227479520823207,0.45247432306255836,0.49092092977541874,0.530257570864603,0.5279427560497882,0.564973429563213,0.4425300729561098,0.5403067127967613,0.4063697934310292,0.4775699554143827,0.3872025811372083,0.46486956026429704,0.4888158808542992,0.5001436050128554,0.4263651605937807,0.5106684509161288,0.4374829704763537,0.5000464815351295,0.4153005307761366,0.4872719368694602,0.5139001349527665,0.47118468223609217,0.5589858750517751,0.4512315443496341,0.5467612483589926,0.4319150656292856,0.5101444086406494,0.42713325220965365,0.5306042884990254,0.43440556704168404,0.4935843883212304,0.431832673714079,0.5057313868717377,0.4272982038472839,0.5005866696656172,0.43883054244548736,0.5590248382010395,0.41661655357736677,0.5394228578439104,0.4396357078842947,0.5095201095201095,0.4249730040977783,0.5008795032718478,0.4666666666666666,0.48778084905904445,0.5659147869674186,0.49749888515536667,0.5148148148148148,0.4957801701222752,0.5069264069264068,0.4128084334871038,0.38543024227234746,0.5237673314593159,0.5144576809990343,0.4651699901928738,0.48101205394438457,0.5104361514638195,0.35192743764172335,0.4766050559679368,0.5517126148705097,0.46209785726827757,0.5704260651629073,0.46594711319102217,0.5202440625372956,0.47158189033189046,0.5653339069488139,0.45627216436813955,0.4404066844128956,0.40432947439034433,0.5429421768707482,0.39412412816639525,0.5149027990642897,0.4404107624604521,0.48971469351904123,0.50343035403213,0.5317308328689402,0.5754295558803233,0.5986077434926541,0.5985990338164251,0.5083379031734067,0.5964175636809907,0.4818376766889353,0.578555743773135,0.4903083503673654,0.5735072764058271,0.4592624024526197,0.5590204632324196,0.4748737787740354,0.557141932141932,0.4398258904837858,0.5410644910644908,0.5121208919285841,0.5602234299516906,0.4623315161678341,0.5554687970928378,0.5337137609864882,0.5781798063048063,0.4892643739702565,0.49874142061642046,0.4628875431805796,0.5328385145413009,0.5240993646875999,0.4879952284915522,0.5909874439286203,0.5181594241385263,0.5210591359050742,0.5186734497876967,0.5600490196078429,0.551145824451638,0.5380112365083985,0.4971493368929269,0.5674567516565281,0.567558921779338,0.567558921779338,0.5862033459857678,0.46714411665175093,0.5959282363417701,0.49411627584209306,0.5754747799477079,0.49612628873419,0.543721682514252,0.5924864817721961,0.43479093157730964,0.5737526800843794,0.4487297607049385,0.5922052154195011,0.42448425911893467,0.5658438770032973,0.5466141308475404,0.598030045351474,0.5416159641274056,0.5502244400795124,0.5017326241010454,0.5498968637374434,0.5357885454376684,0.5556707003198234,0.5627222272676821,0.5183419859171737,0.5306638012422222,0.4291840712893344,0.5146335495909969,0.4471028889888538,0.5443480758389091,0.5015554555905433,0.5250860022490674,0.48900898078529653,0.5126909062475571,0.4957303974221266,0.523271723177034,0.45703842940685047,0.46736503741538615,0.17711176088369068,0.4915592078113928,0.4780246913580247,0.5267055860805859,0.5136134622997579,0.40187856751896156,0.5143695868848572,0.5246031746031745,0.5052546900969576,0.49695349484823176,0.46813298791775904,0.5837745879851142,0.5015485173106933,0.5640436624307592,0.5303104474321833,0.4978232190820111,0.4871717645763335,0.533553074605706,0.48602238992726254,0.4593125325390772,0.5121088212353448,0.5265827922077922,0.45487548816707446,0.4998301730757871,0.445072384569136,0.5391103059581321,0.48964290252459874,0.19579504316346422,0.509239955659084,0.5566778643824679,0.4303772629176174,0.34856222682309634,0.509598235750789,0.5520509653136616,0.47850241554621775,0.4921073063092515,0.486790229557172,0.41710607688051293,0.49585138882699675,0.48846686462533145,0.41600970695580036,0.414746217899822,0.5318121219692304,0.42400117941913607,0.43719923051100373,0.4567793707872165,0.5185307217852816,0.5515207455980103,0.5847467540087677,0.5833002188729743,0.4892013114824823,0.5704853621610586,0.45368480571274894,0.6107849484823169,0.49401221142639123,0.60911478041509,0.48391203210274436,0.5605425874053325,0.4963657204879043,0.529770940427453,0.47606640947888246,0.5136103889192969,0.484531292732699,0.49410492079102636,0.5663429816370992,0.4729070844157386,0.4949896186544794,0.4139515043666185,0.4858510655724275,0.41810701198002853,0.501338313103019,0.36657506250466854,0.5202486257660959,0.3321935753706514,0.5190370885196183,0.32353652923157594,0.5147857169183462,0.3540454464334211,0.4708681835307223,0.482103952692188,0.42095143541406255,0.5006252354743067,0.3240406529437933,0.4776462807345162,0.4719794584500469,0.4685504201680674,0.46547626121155544,0.4735357379666844,0.47776957247545493,0.47605466428995846,0.4850684041732635,