{"min_species_distances":[-1.0,-1.0,-1.0,-1.0,-1.0,0.0,0.0,0.1111111111111111,0.1111111111111111,0.0,0.08333333333333333,0.0,0.0,0.0,0.0,0.0,0.0,0.0,0.0,0.0,0.13333333333333333,0.0,0.0,0.0,0.0,0.0,0.07142857142857142,0.0,0.0,0.0,0.07142857142857142,0.0,0.1875,0.0,0.0,0.0,0.0,0.0,0.07142857142857142,0.0,0.0,0.0,0.0,0.0,0.0,0.0,0.0,0.0,0.0,0.0,0.0,0.0,0.0,0.0,0.0,0.0,0.0,0.0,0.0,0.0,0.4117647058823529,0.0,0.10526315789473684,0.0,0.0,0.06666666666666667,0.0,0.0,0.19047619047619047,0.0,0.19047619047619047,0.0,0.17647058823529413,0.0,0.0,0.0,0.23529411764705882,0.0,0.14285714285714285,0.0,0.0,0.0,0.0,0.0,0.0,0.0,0.0,0.0,0.0,0.0,0.0,0.0,0.0,0.0,0.0,0.0,0.0,0.0,0.0,0.0,0.0,0.041666666666666664,0.0,0.06666666666666667,0.0,0.06666666666666667,0.0,0.0,0.0,0.0,0.0,0.043478260869565216,0.043478260869565216,0.0,0.043478260869565216,0.043478260869565216,0.0,0.0,0.0,0.0,0.0,0.0,0.0,0.0,0.0,0.0,0.0,0.0,0.0,0.0,0.0,0.0,0.0,0.0,0.0,0.0,0.0,0.0,0.0,0.0,0.0,0.4,0.0,0.06666666666666667,0.0,0.5,0.0,0.5,0.0,0.5,0.0,0.0625,0.0,0.0,0.0,0.0,0.15789473684210525,0.0,0.10526315789473684,0.0,0.0,0.30434782608695654,0.0,0.2857142857142857,0.0,0.0625,0.0,0.0625,0.0,0.0,0.0,0.0,0.0,0.0,0.0,0.0,0.0,0.0,0.0,0.0,0.5,0.0,0.0,0.0,0.0,0.0,0.0,0.0,0.0,0.0,0.0,0.0,0.0,0.0,0.0,0.0,0.0,0.0,0.0,0.0,0.0,0.0,0.0,0.08333333333333333,0.0,0.06896551724137931,0.2916666666666667,0.0,0.0,0.0,0.0,0.0,0.0,0.0,0.10526315789473684,0.0,0.0,0.0,0.0,0.0,0.0,0.0,0.0,0.0,0.0,0.0,0.0,0.0,0.0,0.0,0.0,0.0,0.0,0.0,0.0,0.0,0.0,0.35714285714285715,0.0,0.35714285714285715,0.0,0.35714285714285715,0.0,0.35714285714285715,0.0,0.0,0.35714285714285715,0.0,0.35714285714285715,0.0,0.2727272727272727,0.0,0.15789473684210525,0.0,0.0,0.0,0.0,0.0,0.30434782608695654,0.0,0.30434782608695654,0.0,0.2727272727272727,0.0,0.0,0.0,0.15384615384615385,0.0,0.15384615384615385,0.0,0.04,0.0,0.0,0.0,0.058823529411764705,0.0,0.0,0.0,0.0,0.0,0.0,0.0,0.0,0.0,0.0,0.0,0.0,0.0,0.0,0.0,0.0,0.0,0.0,0.0,0.0,0.0,0.058823529411764705,0.0,0.058823529411764705,0.0],"total_num_species":[1,1,1,1,1,8,127,30,18,13,10,16,7,26,9,20,9,24,7,27,8,27,10,9,24,13,4,16,4,17,5,20,5,26,6,22,7,15,4,22,5,18,5,15,5,14,5,18,7,19,6,15,7,12,8,12,8,14,10,13,2,9,5,10,6,6,8,49,5,50,5,46,8,61,10,12,5,33,6,25,8,29,10,11,6,19,6,15,6,12,6,13,7,13,7,32,10,9,12,8,16,8,11,8,17,8,18,9,20,11,8,10,8,17,10,10,8,21,9,19,10,9,24,10,11,7,18,6,18,7,17,7,17,8,15,8,21,9,24,7,16,5,21,5,13,4,12,4,11,4,13,5,9,7,8,47,8,56,9,65,11,6,21,7,33,7,28,8,25,10,14,6,25,8,16,8,33,9,25,11,4,23,6,17,7,12,6,13,7,15,7,17,9,8,7,6,36,7,52,8,56,8,69,8,76,11,6,30,7,34,8,37,7,18,8,30,8,24,10,12,8,12,9,22,9,30,10,9,25,8,18,9,21,7,20,7,14,6,14,6,15,6,11,6,8,11,6,15,6,20,7,14,8,13,8,14,8,21,7,25,7,19,8,15,9,16,9,25,8,26,9,33,9,45,8,30,10,9,32,10,10,10,9,20,10,9,24,10,12,7,18,8,14,10,9,9,8,47,10,10],"avg_species_distances":[-1.0,-1.0,-1.0,-1.0,-1.0,0.15114795918367346,0.15771193283379178,0.2287994891443169,0.30497458242556275,0.3459336959336957,0.3772390572390573,0.37794191919191883,0.33506493506493507,0.3876915904608208,0.42735042735042733,0.39453160874213494,0.4391608391608392,0.4138589671198365,0.4293706293706293,0.4073422778550993,0.4668206793206792,0.40974305846100767,0.4602272727272728,0.44308469308469306,0.43917537776233445,0.4230589922897612,0.39285714285714285,0.425527181152181,0.40792540792540793,0.4309607059607061,0.44450549450549454,0.43115929220418403,0.5121794871794871,0.4527821401825923,0.4823768823768823,0.4439793852131511,0.47709433423719133,0.4736930866077263,0.42857142857142855,0.4707356629092795,0.48453441295546557,0.4609542475641551,0.49475524475524474,0.4738767957189011,0.448740440845704,0.39372170260477,0.44372960372960374,0.45978361079890817,0.46680402930402937,0.440229921150974,0.44572510822510814,0.41547603190460336,0.47552566481137903,0.4793017390610974,0.5183657673595753,0.4520967248239975,0.46478174603174593,0.47856748637376684,0.49275210084033616,0.4272580489685754,0.4117647058823529,0.42440744478928166,0.4995822890559733,0.3169295788490835,0.451183514341409,0.4635077890805446,0.4334944504117436,0.42528874050423393,0.5117794486215538,0.4312952180293738,0.5117794486215539,0.4190355272182104,0.491931174383629,0.4377487921881884,0.46255979620272686,0.4648374501315679,0.5116032728881026,0.43952647357626473,0.48175438596491227,0.45830384636576665,0.4450093195172805,0.46752430423831265,0.46327184827655954,0.46615871228874334,0.4885714285714285,0.40706232855491503,0.4538733196627932,0.4367514565634867,0.4538733196627932,0.3811020319393527,0.4798313966735019,0.39930836707152517,0.4405998763141619,0.3908622911052063,0.44931376059195605,0.3434655896593498,0.3803896103896104,0.4056637806637806,0.40304780396313605,0.46467790205326986,0.39466385872087645,0.44817546583850926,0.42818479003833715,0.47556935817805374,0.3863825584581659,0.4810374149659863,0.380004281027299,0.4222222222222221,0.41234036503261484,0.3996735640754778,0.35765306122448987,0.4598285403891811,0.4495721411094082,0.4026803221288515,0.44563347763347755,0.4711611351611351,0.4782312925170068,0.37944698986313924,0.4874186220381872,0.37396336183521556,0.4509475709475709,0.4744860694860695,0.3729661037510998,0.4313447518664909,0.4687988087964917,0.4881171659068424,0.42000887308299767,0.4929061784897025,0.45295663092823285,0.44570571856928687,0.44353069502300074,0.44570571856928676,0.41094795861513816,0.43033126293995855,0.42099720569285815,0.34309523809523806,0.38531289752012016,0.3904682274247492,0.3941893677258646,0.4478951000690131,0.40045224442068766,0.5439130434782607,0.38402530148673186,0.4918445322793149,0.4622701100260707,0.5477602108036891,0.4074335974175001,0.5477602108036891,0.4032399089711344,0.5477602108036891,0.3275216631194893,0.49142786561264823,0.44245907766927584,0.49097470564861856,0.478150042131477,0.4134734021480216,0.45706683378052687,0.42326062071502873,0.45065750727052695,0.43323862999846385,0.46149737487331854,0.5190721150120127,0.4404505565809052,0.4984445359171336,0.4231932072432563,0.487182422376065,0.41632432536703967,0.48808157156143084,0.3944466693225615,0.4633899739078768,0.4400537921158126,0.5116445787801287,0.42147274936984014,0.5026056163572148,0.4275382847473639,0.4807411343984235,0.4202813197882663,0.44627770075482487,0.43942721674579094,0.4671971986782498,0.5547756981580511,0.42369524747864434,0.4379530600118835,0.4188910706014123,0.44862608343000493,0.4522985349634192,0.4792650029708853,0.4539820107771428,0.46018447783153665,0.38148774175797673,0.43492629374982317,0.3504643672680007,0.4625958935762858,0.4595280536457008,0.4520212125254143,0.4475175282234105,0.29623410364886615,0.4769167334578015,0.3893561772048184,0.441592032707511,0.4214131449948951,0.4706029983872932,0.3945563997962665,0.45114609743765755,0.4325285086362113,0.4339217939594938,0.496458905623441,0.4067078887209727,0.45043854901058655,0.41167708402085734,0.4427323103154305,0.3910092054735789,0.45800856574513854,0.4033983351335372,0.4525698437269644,0.42414340853999116,0.4462079831932773,0.4427711949331095,0.4625203167686827,0.393869902541302,0.48704509581610417,0.39807157101781854,0.4041999515855725,0.4345334136525541,0.4000015129508593,0.3717758603065865,0.4690376955935353,0.4538398692810457,0.41998884453429863,0.4952272575696945,0.4355108698645925,0.47407887228965667,0.43293377553041396,0.5124345293673024,0.4355901697202004,0.5026174914410207,0.45836442269215394,0.5400634920634921,0.4124454347495822,0.5400634920634921,0.3682335357081895,0.5400634920634921,0.4028199972070942,0.5372380952380952,0.4701998756491844,0.45240791372370326,0.5400634920634921,0.3820370112957465,0.5400634920634921,0.334268076020806,0.5373641173641174,0.38685596775822334,0.5219334456270548,0.4173893065998327,0.5225265951675726,0.4116732290341653,0.5179085674051348,0.41987775160453694,0.5374297458622402,0.3974992577836906,0.5374297458622402,0.4233521276479297,0.5209369473467218,0.4063684262728934,0.5065417720680878,0.4212665227073122,0.5038582307880555,0.4315313884528541,0.5160831107071708,0.43256413637152963,0.5014086372290707,0.39928777826616546,