{"min_species_distances":[-1.0,-1.0,-1.0,-1.0,-1.0,0.0,0.25,0.0,0.1,0.0,0.09090909090909091,0.09090909090909091,0.0,0.0,0.2222222222222222,0.0,0.0,0.0,0.0,0.0,0.0,0.0,0.0,0.1875,0.0,0.0,0.0,0.0,0.0,0.0625,0.0,0.09090909090909091,0.0,0.0,0.0,0.0,0.0,0.0,0.0,0.0,0.0,0.0,0.0,0.0,0.0,0.0,0.0,0.0,0.0,0.0,0.07142857142857142,0.0,0.07142857142857142,0.0,0.0,0.0,0.05555555555555555,0.0,0.17647058823529413,0.0,0.0,0.0,0.0,0.0,0.0,0.0,0.0,0.0,0.36363636363636365,0.0,0.0,0.0,0.07142857142857142,0.0,0.07142857142857142,0.0,0.0,0.0,0.0,0.0,0.0,0.0,0.0,0.0,0.0,0.0,0.0,0.0,0.0,0.06666666666666667,0.0,0.0,0.0,0.0,0.06666666666666667,0.0,0.09523809523809523,0.0,0.11764705882352941,0.0,0.05263157894736842,0.0,0.0,0.0,0.0,0.07692307692307693,0.0,0.0,0.0,0.06666666666666667,0.06666666666666667,0.0,0.06666666666666667,0.0,0.0,0.0,0.0,0.0,0.0,0.0,0.0,0.0,0.0,0.0,0.0,0.0,0.0,0.0,0.0,0.0,0.0,0.0,0.0,0.0,0.0,0.0,0.0,0.0,0.0,0.0,0.0,0.0,0.0,0.0,0.0,0.0,0.0,0.0,0.0,0.0,0.0,0.0,0.0,0.0,0.1,0.0,0.0,0.0,0.0,0.0,0.0,0.0,0.0,0.0,0.0,0.0,0.0,0.0,0.0,0.0,0.0,0.0,0.0,0.0,0.0,0.0,0.0,0.0,0.0,0.0,0.0,0.0,0.0,0.0,0.0,0.0,0.0,0.25,0.0,0.0,0.14285714285714285,0.0,0.11764705882352941,0.0,0.11764705882352941,0.0,0.05555555555555555,0.05263157894736842,0.0,0.0,0.0,0.0,0.0,0.0,0.0,0.0,0.0,0.0,0.0,0.0,0.0,0.13636363636363635,0.0,0.0,0.0,0.0,0.0,0.2,0.0,0.0625,0.29411764705882354,0.0,0.0,0.36363636363636365,0.0,0.0,0.0,0.0,0.0,0.0,0.0,0.0,0.0,0.0,0.0,0.4230769230769231,0.0,0.0,0.0,0.041666666666666664,0.0,0.0,0.0,0.0,0.0,0.14285714285714285,0.0,0.0,0.0,0.14285714285714285,0.0,0.14285714285714285,0.0,0.13333333333333333,0.0625,0.13333333333333333,0.0,0.0,0.0,0.1875,0.0,0.0,0.0,0.0,0.0,0.0,0.0,0.0,0.0,0.0,0.0,0.0,0.0,0.0,0.0,0.0,0.0,0.0,0.0,0.07142857142857142,0.0,0.0,0.037037037037037035,0.0,0.0,0.0,0.2777777777777778,0.0,0.0,0.0,0.1111111111111111,0.0,0.0,0.0,0.2,0.0,0.0,0.0,0.0,0.0],"total_num_species":[1,1,1,1,1,12,5,41,9,87,21,11,7,26,9,23,10,10,10,11,9,18,11,5,17,6,16,6,13,6,22,7,16,6,18,6,22,6,16,7,15,5,10,7,7,10,9,11,9,22,8,31,9,26,9,28,10,16,7,19,8,30,9,19,9,19,8,21,8,19,9,15,9,15,10,13,8,23,9,21,12,5,19,5,23,5,16,4,10,6,9,7,6,26,8,46,8,61,8,70,10,14,8,25,10,9,24,8,36,11,7,19,7,19,9,22,9,13,8,20,10,13,6,20,9,18,9,35,10,11,4,19,6,28,7,24,6,24,8,17,7,19,7,18,7,23,5,14,6,23,8,16,8,20,3,19,5,13,6,19,7,17,7,17,8,16,8,14,6,12,7,15,6,19,6,12,6,12,5,14,7,8,11,8,13,7,7,6,8,33,7,46,9,73,8,68,11,8,21,10,11,8,12,8,14,7,13,7,12,7,12,7,8,8,36,9,46,9,74,13,9,22,11,7,16,9,24,10,12,7,13,7,14,8,13,6,11,9,11,6,20,6,14,6,11,6,7,7,10,7,37,8,54,10,11,7,25,9,16,8,31,12,9,22,10,10,11,7,23,9,17,8,15,7,14,7,9,8,10,9,42,11,7,15,7,21,7,18,8,15,8,16,8,26,8,30,9,15,10,10],"avg_species_distances":[-1.0,-1.0,-1.0,-1.0,-1.0,0.13501082251082255,0.25,0.22420150987224213,0.29529320987654323,0.2770835671798011,0.3409484298770012,0.3639669421487603,0.3428571428571428,0.35649596557288765,0.4104161270827938,0.3762705454405054,0.40040317706984374,0.34628766295432967,0.3764845031511698,0.41258458713004165,0.3913877018043684,0.3928655585518331,0.4145687645687645,0.4927579365079365,0.4551740574880715,0.49470588235294116,0.4405199579831933,0.32509803921568625,0.49555364716563804,0.47166666666666673,0.4444952467106784,0.4694173044018245,0.428549759816207,0.4884795321637426,0.482759033933683,0.2991919191919192,0.4687046472931646,0.39302422723475344,0.46746914635072534,0.23665223665223664,0.4892476226327161,0.4232591093117408,0.47651741533320474,0.4598917164706639,0.4975379153010732,0.4562626116573485,0.463572392519761,0.4534653478616326,0.4618629908103593,0.4113964475087875,0.4905642013890577,0.4423883386884003,0.49973687780705345,0.44168625182866716,0.49747338431548954,0.4393936611981726,0.4931933823161895,0.46039436197330974,0.5218289565038791,0.45292951978085816,0.500134076449866,0.4188246626588677,0.4992219200552534,0.40289427006606937,0.47992952466636685,0.3831436577512293,0.5067670633460108,0.3794956213377261,0.5334442082562384,0.3688454027218897,0.5180498676112713,0.4184014373753427,0.522625538853609,0.42729982223126844,0.51691256902546,0.4840908123449517,0.4902568922305766,0.48685298352939915,0.5078424757217327,0.47761645475267767,0.5162976514369703,0.4228070175438597,0.45623561828548,0.2,0.43115644843333545,0.512781954887218,0.4308322890559734,0.47368421052631576,0.4873196881091619,0.5037426900584796,0.4561664578111946,0.49972550423678247,0.5129490392648287,0.43417955195072,0.5121413782904466,0.4334759306881483,0.5044373184056232,0.4299539194390041,0.48390878090366574,0.40761296429538374,0.45086408535784855,0.42967958497134695,0.4928108314263921,0.4062843533421511,0.47922788998640403,0.4969112701310844,0.4402847157962984,0.4815901360544217,0.4616051294998878,0.4545952001215158,0.46524644945697574,0.419282734125763,0.5053884711779448,0.4286730582436957,0.4819377990430622,0.3812021937961781,0.478849902534113,0.4762955849769351,0.5142230576441102,0.4393808730412069,0.512803721595992,0.46321273817899994,0.5354578754578755,0.4732382852493056,0.5158193658193657,0.46273165595416194,0.5250661375661376,0.4544966032086974,0.4697222222222222,0.49395389524836136,0.4439393939393939,0.49005255265317194,0.40428571428571425,0.48162009170121184,0.4179705215419501,0.47944191914868406,0.530026455026455,0.47962129456694774,0.4877314562188512,0.4761470970092028,0.5319154481716059,0.46384265279945175,0.46998448502207896,0.46597610654198235,0.5359715760286152,0.4336992120038398,0.4571010860484545,0.46783512344803385,0.5166392993979201,0.49917132462092123,0.4630024737167595,0.5167828821434676,0.44053287981859407,0.48746712689188815,0.46052631578947373,0.4811725946412988,0.5643431855500821,0.4966699836441077,0.48622819675451256,0.4609551253334617,0.5096910934349358,0.46947137325216454,0.4598364598364599,0.5146722538908796,0.5515997412549137,0.48378623847139585,0.5209110812559089,0.44977936887751224,0.537857838757389,0.4790812273344931,0.5397787397787397,0.46171362035009117,0.49424065213538904,0.4815948934705348,0.5441541855334958,0.45976206490040517,0.5567106967106967,0.46979520220074555,0.38897885739991006,0.4974302728353174,0.41224437906360095,0.4813538954207107,0.4816146580389457,0.5533988957902001,0.41703822525411727,0.5522009918561641,0.568153032360606,0.5765093463369325,0.5189350400557297,0.48180950701598996,0.5340714481543226,0.3975812282455381,0.475324378561363,0.34827641190873043,0.5057098989020896,0.3690768620754025,0.4367953739869654,0.5138951568638236,0.3404207924523744,0.4619346046973179,0.4532640569539453,0.5174013178939287,0.44961772104327685,0.5176765581665761,0.40847883312493066,0.5518788262889894,0.42881450739889926,0.5491557830487049,0.44548516152005674,0.5355207070270591,0.4496700918805356,0.5397744186310429,0.5187615557964923,0.5187615557964923,0.4587520863438085,0.5057161527556264,0.4403390182341003,0.5093179603048025,0.43124325578152073,0.43985389445741263,0.513279266545387,0.38305306394235,0.48080183856676745,0.5494070861584474,0.43835740101303783,0.49233958080768225,0.403104008353998,0.49846028811546067,0.4504808687435317,0.5468362766781227,0.42661619687028035,0.5556600237133655,0.38858231475550625,0.5225283337352302,0.4190662114937828,0.5757866870760424,0.48802537221129366,0.49875144013075023,0.4595399895160661,0.5435353535353535,0.40034871458694155,0.5596037296037296,0.44342150041976547,0.5379797979797979,0.44938427335556524,0.5724025974025975,0.523604465709729,0.5228582820688085,0.4794196349459507,0.547878896375137,0.4040418143323753,0.52214678335449,0.4147465599948739,0.4821860280529009,0.4583156816445585,0.5442624068200106,0.34072182380437915,0.5097873906297955,0.4071064503921481,0.5270908913418741,0.33828489575136744,0.4734196199210997,0.4178784877638869,0.390773519555291,0.4867115638558761,0.5006670318484958,0.4862768010401904,0.5357251082251082,0.4075487344977984,0.45136553300814763,0.4486140432938345,0.4854323096258581,0.4527750713188501,0.5275757575757577,0.4139112872239425,0.5425273651080103,0.5099878750281976,0.5052272727272727,0.4850688684075781,0.5391410247458635,0.44527590974710796,0.5210485889757928,