{"min_species_distances":[-1.0,-1.0,-1.0,-1.0,0.2222222222222222,0.0,0.1,0.0,0.09090909090909091,0.1,0.0,0.125,0.0,0.0,0.0,0.0,0.07142857142857142,0.0,0.125,0.08333333333333333,0.0,0.0,0.1875,0.0,0.0,0.0,0.0,0.0,0.0,0.0,0.0,0.0,0.0,0.0,0.0,0.0,0.0,0.0,0.0,0.0,0.0,0.0,0.0,0.0,0.0,0.0,0.0,0.18181818181818182,0.0,0.0,0.0,0.0,0.0,0.0,0.0,0.0,0.0,0.0,0.0,0.0,0.0,0.0,0.0,0.0,0.0,0.0,0.0,0.0,0.0,0.0,0.0,0.0,0.0,0.0,0.07692307692307693,0.0,0.0,0.0,0.0,0.0,0.0,0.0,0.0,0.05,0.0,0.0,0.0,0.0,0.0,0.0,0.0,0.13636363636363635,0.0,0.15789473684210525,0.0,0.043478260869565216,0.0,0.15789473684210525,0.0,0.0,0.0,0.0,0.0,0.0,0.3684210526315789,0.0,0.3684210526315789,0.0,0.3684210526315789,0.0,0.3684210526315789,0.0,0.3684210526315789,0.0,0.3157894736842105,0.0,0.0,0.0,0.3684210526315789,0.0,0.38095238095238093,0.0,0.0,0.0,0.0,0.0,0.0,0.0,0.0,0.0,0.0,0.0,0.038461538461538464,0.0,0.0,0.0,0.0,0.0,0.0,0.0,0.0,0.0,0.0,0.043478260869565216,0.043478260869565216,0.0,0.125,0.0,0.0,0.0,0.0,0.0,0.35,0.0,0.0,0.0,0.2777777777777778,0.0,0.23529411764705882,0.0,0.0,0.0,0.0,0.0,0.0,0.0,0.0,0.0,0.27586206896551724,0.0,0.0,0.0,0.27586206896551724,0.0,0.2777777777777778,0.0,0.2777777777777778,0.0,0.2903225806451613,0.0,0.2903225806451613,0.0,0.2727272727272727,0.0,0.0,0.043478260869565216,0.0,0.0,0.0,0.0,0.0,0.043478260869565216,0.0,0.38095238095238093,0.0,0.0,0.0,0.0,0.0,0.4090909090909091,0.0,0.4090909090909091,0.0,0.06060606060606061,0.07142857142857142,0.0,0.3333333333333333,0.0,0.1875,0.0,0.23529411764705882,0.0,0.07142857142857142,0.0,0.0,0.34285714285714286,0.0,0.0,0.0,0.0,0.0,0.21052631578947367,0.0,0.19047619047619047,0.0,0.0,0.0,0.0,0.0,0.0,0.0,0.0,0.05263157894736842,0.0,0.043478260869565216,0.0,0.35135135135135137,0.0,0.08,0.0,0.0,0.0,0.35135135135135137,0.0,0.35135135135135137,0.0,0.04,0.35135135135135137,0.0,0.0,0.3684210526315789,0.0,0.17391304347826086,0.0,0.05,0.0,0.1111111111111111,0.2857142857142857,0.0,0.3181818181818182,0.0,0.045454545454545456,0.0,0.0,0.0,0.0,0.0,0.0,0.0,0.0,0.0,0.0,0.0,0.0,0.0,0.0,0.0,0.0,0.0,0.0,0.0,0.0,0.0,0.0,0.0,0.0,0.0,0.0,0.0,0.0,0.0,0.0,0.0,0.0,0.0,0.0,0.0,0.0,0.0,0.0],"total_num_species":[1,1,1,1,2,13,6,49,13,6,42,9,39,12,5,19,8,24,10,11,6,16,6,23,10,8,14,6,27,8,22,9,21,8,27,10,9,9,12,8,17,9,21,8,16,7,16,8,17,9,21,10,10,14,8,18,10,9,15,8,14,8,32,9,18,9,26,12,3,13,4,20,3,24,3,18,4,17,4,12,6,13,6,8,6,6,16,6,11,5,20,5,13,6,27,6,28,6,24,8,21,8,18,11,4,22,4,22,4,20,4,19,4,19,6,12,6,13,4,18,6,13,8,12,8,18,10,12,5,14,7,20,6,20,6,14,7,15,8,15,8,13,9,9,9,12,7,16,6,20,6,22,6,22,6,18,6,15,6,16,8,14,9,18,9,13,9,15,7,20,9,21,7,20,7,22,7,21,7,22,7,24,9,15,11,6,23,7,22,6,25,6,26,6,15,6,17,6,14,5,12,5,10,7,7,35,6,44,7,69,7,73,10,10,14,7,20,8,26,8,34,8,36,8,32,9,29,9,22,8,35,10,10,13,7,19,6,27,7,22,7,18,6,22,6,20,6,6,7,25,6,40,7,43,9,63,11,7,17,7,21,9,35,9,16,9,30,9,39,12,8,14,9,24,10,10,9,15,11,5,28,6,24,7,27,9,26,7,28,7,37,9,33,8,35,8,40,8,30,7],"avg_species_distances":[-1.0,-1.0,-1.0,-1.0,0.2222222222222222,0.1535256410256409,0.23777777777777778,0.22501073661787926,0.27145219452911756,0.24000000000000005,0.2834668041985131,0.3209405563572231,0.2949689723981237,0.29919209578300476,0.2533333333333333,0.3648913789264667,0.4187468781218782,0.3796279203887902,0.4180853405853405,0.4060836489713494,0.40796380090497736,0.404314019314019,0.4323310023310024,0.4078642743110312,0.3890259585615623,0.4254568348318348,0.401285527659154,0.37683982683982686,0.41518623680679445,0.3852367870225014,0.3976025642967061,0.43098529151160736,0.43188988080407825,0.44128430049482675,0.3981962956321932,0.41189662189662174,0.3970385365122207,0.36607343679712095,0.42844852515905124,0.43097165991902836,0.4072337621099234,0.4040598290598291,0.3952192045359744,0.4554965710980749,0.3954158738540889,0.43373451944880514,0.42003541779857595,0.4603833019982089,0.43394929878305855,0.4451359027445984,0.43091968073334463,0.42466493249101944,0.4246649324910195,0.39699125726956574,0.433858543417367,0.4093930177050379,0.4659044117167686,0.46391967414985313,0.4307613967159564,0.3949092680550481,0.4385052348698677,0.43992890634514686,0.4063284631762764,0.43630602371011584,0.4293731378343484,0.36161265432098766,0.4100799390044297,0.4500394875162677,0.05128205128205129,0.4552451862436382,0.28125,0.41063117750118727,0.375,0.4284669659097578,0.12087912087912088,0.404880003256893,0.4680082559339526,0.41351706833404167,0.038461538461538464,0.4539885238027656,0.4343915343915343,0.42801610176580424,0.41565452091767874,0.47127720858923866,0.4731315468157573,0.4778032036613272,0.2692320079276601,0.44973302822273076,0.381286537082068,0.4864988558352403,0.3893990751443483,0.5057936342833369,0.4295500048178739,0.4759324782544596,0.39891299317534323,0.4621957561888913,0.4281297208263761,0.4877364981080151,0.4130849627991702,0.47641359175249043,0.43785700824952395,0.4917856991512597,0.441608945218805,0.47166634034516675,0.5529970760233919,0.38961205618090794,0.5529970760233919,0.3665186888152396,0.5529970760233919,0.4136847420408608,0.5529970760233919,0.40362447513118316,0.5529970760233919,0.369598891162088,0.47733918128654973,0.37068713450292384,0.4730994152046783,0.3602172096908939,0.5610526315789474,0.3686475993906334,0.49027903091060987,0.4114944120207276,0.4593545552192168,0.38603464584325803,0.4598657357679915,0.3820564483103182,0.4205536062378166,0.3906235975613965,0.47838827838827835,0.4268505795342115,0.4332029707969558,0.4232997454991918,0.4530354090354089,0.4238010289521795,0.4642743221690589,0.40347946786702527,0.4917414456888141,0.4244026904046519,0.4366779836704649,0.38549956273068353,0.48099707310233625,0.4341642460494776,0.4676564054853529,0.46179460027429126,0.46688060426380407,0.414530116838612,0.5038570046402127,0.35480655415562545,0.5250562303193882,0.39170595771452316,0.5250562303193882,0.39872331150936835,0.5363620589936379,0.37986646001794083,0.5282308334939914,0.37322023043294267,0.5271522824154402,0.42193361627152,0.5324396965263838,0.4123423481976117,0.505530198491049,0.41853226934591564,0.49591302219100164,0.36071336704117174,0.4936617719512456,0.43652497535298007,0.4973999611779406,0.4091876450497137,0.525092538704154,0.3432194736626868,0.47489087044966993,0.37774697709787375,0.525092538704154,0.367007763617651,0.5287050181787024,0.3506583042189835,0.5287050181787024,0.348930866913828,0.5268144984613575,0.3490728403859834,0.5268144984613575,0.34839696922932895,0.4873712382484313,0.42153107427422265,0.4571134019382206,0.522070698180538,0.4301227858373363,0.4981538928907349,0.43439883735301554,0.5219997546313334,0.4278819158350812,0.5224125785224183,0.4260409814494796,0.5434422734651567,0.44256215024434636,0.5117685518143184,0.4032482666220389,0.5117685518143184,0.40702166701208414,0.5454309687261633,0.4332406879577673,0.5454309687261633,0.42891731964958524,0.4991276269640482,0.5175705120131404,0.443089013989902,0.5312974134942098,0.4523909252788771,0.5124395604577036,0.439069206233694,0.5066137654007585,0.43806036570770557,0.4786726890788677,0.4799389458300483,0.4367560561107088,0.5094861424217424,0.443779057681382,0.49351465431883873,0.41385441113939586,0.4935146543188388,0.4004113894774838,0.490947418423718,0.4181972702845513,0.4793905642140359,0.4083833967114503,0.474296486348355,0.3796549768300744,0.4823443838699368,0.4314223238480521,0.49100097375473306,0.38970394360593064,0.45737323105744154,0.4634922322641621,0.38923040896725075,0.49686356316791086,0.43524198923074964,0.5281009957325746,0.4381249551845893,0.4980558377926798,0.4227379223973627,0.49720641694325896,0.4543557392228257,0.5281009957325746,0.38582063481832457,0.5309995464572124,0.35356530128389674,0.4995964912280701,0.5281009957325746,0.5146559580770107,0.440546560683233,0.5323684210526315,0.4419760281320478,0.5166675747339363,0.4398594396581759,0.4987628477760057,0.44642741418697923,0.4713963575545644,0.516622318783973,0.411936641066268,0.5136942735626947,0.3771170783513464,0.4564223848763322,0.3996533073391604,0.4855047182349814,0.4454807044992258,0.4769803296119085,0.41684722112627837,0.4901077277350161,