{"min_species_distances":[-1.0,-1.0,-1.0,-1.0,-1.0,0.0,0.1111111111111111,0.0,0.0,0.0,0.0,0.0,0.0,0.0,0.0,0.0,0.0,0.0,0.0,0.0,0.0,0.0,0.0,0.0,0.0,0.0,0.0,0.0,0.0,0.0,0.0,0.0,0.0,0.0,0.0,0.0,0.0,0.0,0.0,0.5555555555555556,0.0,0.0,0.1111111111111111,0.0,0.09090909090909091,0.09090909090909091,0.0,0.0,0.0,0.0,0.0,0.0,0.07692307692307693,0.0,0.0,0.0,0.07142857142857142,0.0,0.0,0.0,0.0,0.0,0.0,0.0,0.0,0.0,0.0,0.0,0.0,0.0,0.0,0.0,0.0,0.058823529411764705,0.0,0.0,0.0,0.0,0.0,0.0,0.0,0.0,0.0,0.0,0.0,0.1111111111111111,0.0,0.0,0.0,0.0,0.0,0.0,0.0,0.0,0.0,0.0,0.0,0.0,0.0,0.0,0.0,0.043478260869565216,0.0,0.0,0.0,0.0,0.0,0.3333333333333333,0.0,0.3333333333333333,0.0,0.3333333333333333,0.0,0.0,0.0,0.0,0.0,0.0,0.041666666666666664,0.0,0.041666666666666664,0.04,0.0,0.0,0.0,0.0,0.0,0.0,0.0,0.0,0.0,0.0,0.0,0.045454545454545456,0.0,0.0,0.0,0.0,0.0,0.0,0.0,0.0,0.0,0.0,0.0,0.0,0.0,0.0,0.0,0.0,0.0,0.0,0.0,0.0,0.0,0.0,0.0,0.0,0.0,0.0,0.0,0.0,0.0,0.0,0.0,0.15789473684210525,0.0,0.15789473684210525,0.0,0.09523809523809523,0.0,0.0,0.0,0.0,0.0,0.0,0.30434782608695654,0.0,0.30434782608695654,0.0,0.058823529411764705,0.0,0.0,0.0,0.0,0.0,0.0,0.0,0.0,0.0,0.23809523809523808,0.0,0.10526315789473684,0.0,0.0,0.0,0.0,0.0,0.0,0.05555555555555555,0.11538461538461539,0.0,0.30434782608695654,0.0,0.07142857142857142,0.0,0.4074074074074074,0.0,0.0,0.0,0.05555555555555555,0.0,0.0,0.0,0.0,0.0,0.0,0.0,0.0,0.0,0.32142857142857145,0.0,0.03571428571428571,0.0,0.0,0.0,0.0,0.0,0.0,0.0,0.0,0.0,0.0,0.0,0.0,0.0,0.0,0.0,0.0,0.0,0.0,0.0,0.0,0.0,0.3793103448275862,0.0,0.3793103448275862,0.0,0.3793103448275862,0.0,0.3793103448275862,0.0,0.27586206896551724,0.0,0.0,0.0,0.08333333333333333,0.043478260869565216,0.0,0.0,0.0,0.2608695652173913,0.0,0.3548387096774194,0.0,0.05263157894736842,0.0,0.0,0.0,0.3548387096774194,0.0,0.3548387096774194,0.0,0.0,0.0,0.0,0.0,0.029411764705882353,0.0,0.0,0.0,0.0,0.0,0.0,0.0,0.0,0.0,0.0,0.0,0.0,0.0,0.0,0.0,0.0,0.0,0.0,0.05263157894736842,0.0,0.0,0.0],"total_num_species":[1,1,1,1,1,13,4,51,17,16,9,23,8,23,9,21,8,41,12,6,28,7,26,9,12,8,11,12,4,14,5,15,6,25,6,16,6,8,6,4,6,41,9,67,17,11,10,9,18,11,6,19,8,17,9,14,8,16,10,8,12,10,9,16,10,10,11,6,16,8,24,5,21,6,29,7,19,8,28,9,26,6,22,7,23,7,10,8,8,9,13,9,28,9,25,9,31,10,9,29,10,9,27,9,22,9,26,8,21,8,26,8,27,10,9,28,10,11,8,13,10,11,8,34,8,20,9,27,9,31,9,32,10,8,21,9,20,10,12,6,19,7,15,8,15,7,14,7,12,6,17,6,17,7,11,7,9,9,8,13,7,12,7,7,29,7,40,8,57,7,54,9,66,9,72,11,6,23,6,28,7,39,8,32,9,23,9,36,8,28,8,18,9,24,10,10,10,9,15,11,7,21,7,19,7,22,6,25,7,19,8,22,8,17,8,20,8,15,8,24,7,18,7,20,7,25,7,14,7,11,9,12,9,12,9,16,10,9,9,14,10,10,9,17,7,19,7,21,7,20,7,21,8,17,9,23,10,10,11,7,27,8,16,7,18,8,22,8,15,7,23,7,27,9,22,9,16,9,18,9,15,10,10,9,16,9,20,9,21,11,6,15,7,17,8,15,5,13,6,15],"avg_species_distances":[-1.0,-1.0,-1.0,-1.0,-1.0,0.13621794871794873,0.20833333333333334,0.2184204793028332,0.2844585561497326,0.3356060606060609,0.34065656565656566,0.3374975046911801,0.3497835497835497,0.344977442408272,0.3884032634032634,0.36156103156103203,0.3928571428571429,0.36888727126532095,0.4144787031150665,0.44547008547008543,0.41160255088826575,0.4323866609580895,0.38554266246573926,0.4063566063566063,0.406565908838636,0.4428963893249607,0.43306844670481026,0.41068376068376083,0.3333333333333333,0.411278831059051,0.27142857142857146,0.46287848472722465,0.44380952380952365,0.4195459850606902,0.35714285714285704,0.44299719887955236,0.474074074074074,0.3673469387755101,0.45925925925925914,0.582010582010582,0.4859788359788359,0.4510905851429125,0.4204533665317977,0.42404299274360746,0.3770564642969488,0.4212209181193139,0.4076960076960077,0.4488583312112723,0.3852005549237386,0.4143584401338411,0.5105042016806721,0.4271675463625929,0.4743139563517714,0.423309605619294,0.46486477476867055,0.460126925075212,0.4971161774733202,0.4496448078065731,0.470881530749952,0.4744302849344866,0.4832300224715089,0.49684374754550215,0.5176189896036387,0.44351957303389206,0.4877911554485344,0.4665214233841686,0.46743268599305754,0.4827777777777778,0.4511587228131347,0.4034878863826231,0.4964415317523476,0.36333333333333334,0.4684419621117987,0.45578728461081397,0.4812853659860249,0.47815515094926847,0.4656503340211454,0.4621425723399409,0.48592254345178304,0.41832641184281155,0.45900541552493396,0.43222222222222223,0.4281878844714298,0.46331199100077824,0.4654715769029156,0.5293018173452955,0.4847494553376906,0.4897398353280705,0.5019841269841269,0.5092620281765018,0.4967513559425325,0.49561403508771945,0.47052580202735006,0.49247076023391817,0.46558366237417886,0.5097532100177983,0.45755311130956444,0.5165081786592085,0.5072575941131602,0.46770135261553514,0.500283948049013,0.5177337832944242,0.4379088671073156,0.5181610427033768,0.4650071849884626,0.5217523386859773,0.4490871260027275,0.5389604640483194,0.4691322507784066,0.5389604640483194,0.4589657539929445,0.5356644717383521,0.4808891205678575,0.5122426476820069,0.5127137287663603,0.46473964092899556,0.5124628879892038,0.49779349021777336,0.4869767402968613,0.4386978475600766,0.492661692033523,0.5054657039016982,0.4458131936985321,0.45627634562474473,0.5136475642888734,0.4520425315455465,0.44137847446670975,0.46231832447995014,0.4933789813175779,0.4456213232882237,0.48119418866752894,0.43319439181324976,0.45239398331795966,0.5089838315402225,0.44357722821617507,0.47580345149948516,0.4260820080040844,0.5094084537944188,0.4871883742697143,0.5337231968810916,0.4840808826958413,0.4818491032776747,0.4733880076312248,0.5036231884057971,0.44269994934505547,0.46644388749651916,0.4826973905104012,0.4902428171878973,0.4241600212652843,0.3715942028985507,0.4780180878259357,0.506111111111111,0.43354356086099954,0.5273725981620718,0.45423320158102753,0.5228893845867866,0.5111142893465548,0.5144959318586321,0.49770186335403727,0.4755407429650265,0.5112215320910972,0.4677710609935672,0.4857246376811594,0.5164044168391994,0.43679407092117417,0.5117200051410575,0.45627001119064436,0.5171233371891266,0.45172925876705866,0.5157160300017442,0.460164033537374,0.4561326555891773,0.4651717100738383,0.4980501710764868,0.4626904255190449,0.4868263483274926,0.5545763656633221,0.4295367687814686,0.5545763656633221,0.4161759382933643,0.5227227193171465,0.3974931126203524,0.5390440577940578,0.3894056069445728,0.5039051956815115,0.4302770721689237,0.5238086461405175,0.40365240953746734,0.5056482208267922,0.42637453373868783,0.5329899267399268,0.4501344697423133,0.5114383531781193,0.4327963894878466,0.4620680489101543,0.4919672947801603,0.4730208063541398,0.49629424274955686,0.45819591519591546,0.4602325586871043,0.5300049421477994,0.35160050749802285,0.5382127247034079,0.3776156688745183,0.5315197589007113,0.3650382785334785,0.5612081128747796,0.40294601550003845,0.5433169564121945,0.3753129758151373,0.5193244520030234,0.3565997951062889,0.5197326152683296,0.40696917414308725,0.514328231292517,0.36100862003493606,0.514328231292517,0.42567010238438824,0.514328231292517,0.3600068973266876,0.5342554799697656,0.39637618106790373,0.5062433862433863,0.426622125236463,0.5110859158478207,0.41611241006480937,0.5208490803728898,0.4354528207221219,0.5172717873867297,0.4682361257284322,0.5029247501469725,0.4620806718991836,0.5064237061363498,0.4646657557002385,0.4917580702255033,0.4156606250004619,0.4769502214454824,0.49041791754435426,0.5076101881657437,0.46487171071204075,0.49472598714945953,0.49564489150696045,0.5025382344347862,0.3699603247777689,0.5341655546910062,0.4387506545778289,0.5303106794075595,0.41692736225220023,0.5303106794075595,0.43543567054074306,0.5303106794075595,0.44329562629675784,0.5092683133323528,0.4556418860828188,0.49626327270005416,0.4286611943828794,0.495754129293193,0.4954946602622763,0.4920034560868688,0.4497450345853333,0.44211385193263547,0.50761909273696,0.41460101034467056,0.5259438131371981,0.41833148956513094,0.5155153168865982,0.4062620312107504,0.48861188130645844,0.4460970417771685,0.5032303046048477,0.43495752533178805,0.5032303046048477,0.43126732398452333,0.4862292039819539,0.41114790259506945,