{"min_species_distances":[-1.0,-1.0,-1.0,-1.0,0.25,0.0,0.2222222222222222,0.0,0.1,0.09090909090909091,0.0,0.0,0.0,0.0,0.0,0.0,0.0,0.0,0.0,0.0,0.0,0.0,0.0,0.3888888888888889,0.0,0.4166666666666667,0.0,0.4166666666666667,0.0,0.0,0.0,0.0,0.0,0.0,0.0,0.0,0.0,0.0,0.0,0.0,0.0,0.0,0.0,0.0,0.0,0.0,0.0,0.0,0.0,0.0,0.0,0.0,0.0,0.0,0.0,0.0,0.0,0.0,0.0,0.0,0.0,0.0,0.0,0.0,0.07142857142857142,0.0,0.0,0.0,0.07142857142857142,0.0,0.0,0.0,0.0,0.0,0.0,0.0,0.0,0.0,0.0,0.0,0.05,0.0,0.043478260869565216,0.0,0.0,0.0,0.0,0.0,0.0,0.0,0.0625,0.0,0.0,0.0,0.0,0.0,0.0,0.0,0.0,0.0,0.0,0.0,0.0,0.0,0.0,0.0,0.0,0.56,0.0,0.0,0.0,0.5882352941176471,0.0,0.5882352941176471,0.0,0.0,0.0,0.0,0.0,0.0,0.0,0.0,0.0,0.0,0.125,0.0,0.125,0.0,0.15789473684210525,0.0,0.0,0.0,0.05263157894736842,0.0,0.0,0.0,0.0,0.0,0.05263157894736842,0.0,0.2777777777777778,0.0,0.35,0.0,0.07142857142857142,0.0,0.0,0.0,0.0,0.0,0.0,0.0,0.0,0.0,0.07142857142857142,0.0,0.0,0.0,0.0,0.0,0.0,0.0,0.07142857142857142,0.0,0.0,0.0,0.3157894736842105,0.0,0.3157894736842105,0.0,0.3157894736842105,0.0,0.3157894736842105,0.0,0.3157894736842105,0.0,0.2631578947368421,0.0,0.07142857142857142,0.0,0.0,0.05,0.0,0.0,0.0,0.047619047619047616,0.0,0.047619047619047616,0.0,0.2631578947368421,0.0,0.0,0.0,0.13636363636363635,0.0,0.0,0.0,0.0,0.0,0.0,0.030303030303030304,0.0,0.0,0.0,0.0,0.0,0.0,0.0,0.0,0.0,0.0,0.0,0.0,0.0,0.43478260869565216,0.0,0.43478260869565216,0.0,0.2631578947368421,0.0,0.125,0.0,0.17647058823529413,0.0,0.047619047619047616,0.0,0.0,0.0,0.0,0.43478260869565216,0.0,0.43478260869565216,0.0,0.0,0.0,0.0,0.0,0.0,0.0,0.0,0.0,0.0,0.0,0.0,0.0,0.0,0.0,0.0,0.0,0.0,0.0,0.0,0.0,0.0,0.0,0.041666666666666664,0.0,0.0,0.0,0.0,0.0,0.0,0.0,0.0,0.0,0.0,0.0,0.0,0.0,0.06666666666666667,0.0,0.0,0.0,0.0,0.0,0.0,0.0,0.0,0.0,0.0,0.0,0.0,0.0,0.0,0.0,0.0,0.0,0.0,0.0,0.0,0.0,0.0,0.0,0.0,0.0,0.0,0.0,0.0,0.0,0.0],"total_num_species":[1,1,1,1,2,14,6,50,13,11,8,29,7,30,9,44,9,29,14,9,29,10,13,3,17,2,17,3,11,4,10,5,7,7,12,7,26,10,11,8,17,9,28,9,20,10,10,11,8,20,8,15,9,15,10,12,7,15,6,23,7,18,8,18,8,14,8,15,7,11,6,22,9,18,9,19,8,15,7,19,7,20,7,24,4,23,6,20,5,26,6,27,8,27,7,22,9,24,8,21,9,18,9,18,9,12,11,2,20,2,16,2,21,3,17,4,9,7,7,7,7,25,6,46,8,54,10,14,8,30,7,28,9,28,7,27,8,45,10,11,6,20,6,22,7,17,8,19,8,15,7,24,9,16,9,19,8,10,8,13,8,19,7,21,9,23,7,19,7,22,7,12,7,26,7,17,8,18,9,17,10,9,18,10,10,9,16,9,13,8,15,10,12,8,16,9,17,9,21,12,8,18,8,12,7,13,6,7,7,14,7,18,7,23,6,20,6,25,7,27,8,20,8,20,9,22,10,10,12,6,32,6,21,8,29,8,23,7,32,8,20,7,29,7,27,8,22,7,33,8,26,8,36,7,26,8,31,9,25,9,28,10,10,10,10,10,11,8,18,5,37,7,17,8,17,8,20,9,13,11,5,14,5,19,5,19,5,18,4,14,4,15,5,18,5,13,5,11,5,10],"avg_species_distances":[-1.0,-1.0,-1.0,-1.0,0.25,0.17687074829931965,0.2777777777777778,0.2554849368318762,0.32612665112665096,0.3501744719926539,0.3840909090909092,0.36133502512812893,0.36796536796536794,0.3784443015477502,0.3610301735301735,0.36491951787934984,0.3468013468013467,0.3998064743138625,0.40769267362673944,0.3660489836960425,0.40143448505517526,0.39019425019425014,0.3889328620097852,0.47222222222222227,0.40483288157920483,0.4166666666666667,0.39109199623905533,0.49603174603174605,0.38023219205037384,0.20833333333333334,0.3878140378140377,0.450909090909091,0.4199134199134199,0.4095238095238095,0.39698786062422436,0.43152958152958154,0.3790429058121354,0.45455387205387204,0.4460563678745496,0.458868512439941,0.41441416138647974,0.43526535193201865,0.38440358013187165,0.42216772425105764,0.37102175602175613,0.44450503200503205,0.4523758648758649,0.45655672610218073,0.40727213962508074,0.44628213161107955,0.4508307169021455,0.43626446305017774,0.4380481537344282,0.4886756344463115,0.4696153825152793,0.4771790587580061,0.41768707482993195,0.4746403248658889,0.3846153846153845,0.48472820795811833,0.4691798941798942,0.45715885994523814,0.42603762152634317,0.46871285608613417,0.5051292953078667,0.48991000324140893,0.432914135553887,0.517700526004374,0.525834962865038,0.4782691981221395,0.3107843137254902,0.46474049072456886,0.4048141916562969,0.45034202654626954,0.4898434898434898,0.45370930103698515,0.3838764618839807,0.49078046333243147,0.47550928603560183,0.49820955050000515,0.5247861265718409,0.4672455566119087,0.4451439864483343,0.4918646319644251,0.3333333333333333,0.48176740819772707,0.4874999999999999,0.4927529393777153,0.26666666666666666,0.4761136349778158,0.521148148148148,0.4789098702080854,0.49116354875283447,0.4604564600477768,0.41964285714285715,0.4596468875040309,0.5034047906602254,0.48986534974539886,0.476656746031746,0.48496693121693224,0.4653935185185185,0.4975664912429626,0.4720818283453733,0.4784183446412557,0.48170024420024415,0.5105571121631498,0.5100863177226812,0.56,0.47903673327615814,0.0,0.4512108540734301,0.5882352941176471,0.47935432063529254,0.6319758672699849,0.47757642948998413,0.3103448275862069,0.5134454377749397,0.528721228358252,0.5337602810163522,0.5338441890166028,0.5338441890166028,0.4428087476033642,0.5776074925500212,0.42657443057455685,0.51942791005291,0.4298413084909749,0.46528927620430877,0.4085357863633603,0.5213276972739671,0.30369024323296673,0.5525821722765696,0.34696921314815016,0.5062887272119437,0.3770714494126942,0.5623188154718595,0.4109573013581622,0.5246461487820935,0.4005371849915455,0.4739145163876348,0.46578557150268457,0.5746411891573182,0.4006440400862176,0.5786694156994492,0.3798716795554431,0.554089203461522,0.3962799788659578,0.52395857051824,0.3884649657068382,0.5308328741548192,0.42683936244166026,0.5507025585140785,0.3625882184276262,0.4995921344861687,0.40610677011063395,0.5135540610066717,0.38733720955978845,0.5182734664022034,0.47784265976116563,0.5284059438682497,0.5170754710542115,0.5298931138249806,0.47401602929482484,0.5575888208861771,0.4589462677334533,0.485806823805089,0.4140753922523789,0.5499590251288043,0.4509170422870829,0.5499590251288043,0.4390267990966944,0.5499590251288043,0.5146596857422218,0.5499590251288043,0.4441943173856932,0.5499590251288043,0.471637572289502,0.5241365724918357,0.4503422582846992,0.5119466674043642,0.44551612384835454,0.4871607510685043,0.5025007937562762,0.4687586660367881,0.49789968397424544,0.49789968397424544,0.5088585573782942,0.43012811832359055,0.5093943250007553,0.47813280548020626,0.5335203615710832,0.4668891621980867,0.4939120977745765,0.44764395813024077,0.5235742398518288,0.40876021539062735,0.5195841046647498,0.40328382329162593,0.5182220049961986,0.367646862993637,0.4444624290665345,0.5343723816506075,0.4317587306785801,0.5196184192151934,0.4535184176329147,0.5271493739235674,0.4704527305805759,0.5765461062235256,0.5256206626473107,0.5523989646009281,0.44521394512541457,0.5256206626473106,0.4427616749674882,0.5256206626473106,0.42153282765384803,0.5680419907348379,0.4449749861513269,0.5680419907348379,0.42066244465825775,0.5518219504304984,0.41692977770417106,0.5350153901424478,0.43003799240158236,0.5368536254365653,0.44428245707664543,0.5162267869449619,0.4035137111626933,0.5051085354311161,0.5135959339605903,0.4899947319267766,0.5680419907348379,0.42143462264494935,0.5680419907348379,0.42363299541057386,0.5288027844058699,0.4041784795169152,0.5121178727770593,0.43117256007261123,0.5523989646009281,0.4051403707668817,0.534319047011894,0.4461571834086043,0.5426756039659265,0.3940769266783594,0.552398964600928,0.40386064250019366,0.5197344614245034,0.44200314468706603,0.5492630168646998,0.42548233442671646,0.5158297055912765,0.4350626035955631,0.5225029295155522,0.3933559637144853,0.5522196013430235,0.42154334667202814,0.5259063283607464,0.4148801467600956,0.4885213991244845,0.4223331287985038,0.5137360632977743,0.4261492090083141,0.4857030378587182,0.5042822238278059,0.5106448307289824,0.5205246008471814,0.5194572607798414,0.48924884133461854,0.5374563608434575,0.4850902647711102,0.45560606060606057,0.44813470622386353,0.49297997900148427,0.46363345306860193,0.503643528047455,0.46191451297446345,0.5135502428605877,0.44741258270602763,0.5116796850492503,0.45149509837838747,0.4416483180119543,0.47333333333333333,0.45425097389383107,0.4364285714285715,