{"min_species_distances":[-1.0,-1.0,-1.0,0.3333333333333333,0.0,0.0,0.125,0.18181818181818182,0.0,0.1,0.0,0.1111111111111111,0.0,0.0,0.14285714285714285,0.0,0.0,0.0,0.0,0.0,0.0,0.0,0.0,0.0,0.0,0.0,0.0,0.0,0.0,0.14285714285714285,0.0,0.10526315789473684,0.0,0.0,0.0,0.0,0.0,0.0625,0.0,0.0,0.0,0.0,0.0,0.0,0.0,0.058823529411764705,0.0,0.0,0.0,0.0,0.0,0.0,0.0,0.0,0.0,0.0,0.0,0.0,0.0,0.0,0.0,0.0,0.0,0.0,0.0,0.0,0.0,0.0,0.0,0.07692307692307693,0.0,0.0,0.0,0.0,0.0,0.07692307692307693,0.0,0.0,0.07692307692307693,0.0,0.2,0.0,0.058823529411764705,0.29411764705882354,0.0,0.07692307692307693,0.0,0.07692307692307693,0.0,0.0,0.0,0.07692307692307693,0.0,0.07142857142857142,0.0,0.5185185185185185,0.0,0.3684210526315789,0.0,0.0,0.0,0.0,0.0,0.0,0.0,0.0,0.0,0.0,0.0,0.0,0.0,0.0,0.0,0.0,0.0,0.1,0.0,0.17391304347826086,0.0,0.17391304347826086,0.17391304347826086,0.36,0.0,0.2631578947368421,0.0,0.06666666666666667,0.15,0.0,0.09523809523809523,0.0,0.0,0.0,0.0,0.0,0.0,0.0,0.0,0.0,0.0,0.0,0.0,0.0,0.0,0.4827586206896552,0.0,0.0,0.0,0.0,0.0,0.0625,0.0,0.0,0.0,0.0,0.0,0.0,0.0,0.0,0.0,0.0625,0.0,0.0,0.0,0.5769230769230769,0.0,0.11764705882352941,0.0,0.0,0.0,0.0,0.0,0.0625,0.0,0.0625,0.0,0.0,0.0,0.041666666666666664,0.041666666666666664,0.0,0.4782608695652174,0.4782608695652174,0.0,0.16666666666666666,0.0,0.10526315789473684,0.0,0.0625,0.0,0.05263157894736842,0.0,0.0,0.0,0.0,0.0,0.0,0.0,0.0,0.045454545454545456,0.0,0.0,0.0,0.05,0.0,0.34782608695652173,0.0,0.0,0.0,0.0,0.0,0.0,0.0,0.0,0.0,0.058823529411764705,0.0,0.0,0.0,0.0,0.375,0.0,0.10526315789473684,0.0,0.038461538461538464,0.038461538461538464,0.0,0.0,0.0,0.0,0.0,0.16666666666666666,0.0,0.0,0.0,0.0,0.0,0.0,0.0,0.0,0.0,0.0,0.0,0.0,0.0,0.0,0.0,0.0,0.0,0.0,0.0,0.0,0.0,0.0,0.0,0.0,0.0,0.038461538461538464,0.0,0.038461538461538464,0.0,0.0,0.0,0.0,0.0,0.0,0.0,0.0,0.0,0.0,0.0,0.0,0.0,0.038461538461538464,0.0,0.0,0.0,0.0,0.0,0.03125,0.0,0.0,0.0625,0.0,0.3939393939393939,0.0,0.4117647058823529,0.0,0.4117647058823529,0.0,0.16129032258064516,0.0,0.4117647058823529,0.0,0.4117647058823529,0.0,0.4117647058823529,0.0,0.0,0.0,0.0],"total_num_species":[1,1,1,2,5,29,12,7,31,9,46,11,10,15,8,28,6,28,9,40,12,5,16,5,18,7,13,6,24,4,21,5,22,6,22,8,14,7,24,7,19,9,16,8,20,7,26,8,24,8,27,8,23,9,27,8,22,9,23,10,10,10,8,12,8,20,10,10,11,3,10,6,10,8,8,7,7,54,8,76,8,58,11,7,32,8,27,8,24,8,35,8,33,10,11,6,19,7,28,8,26,8,26,7,18,8,12,8,13,8,17,9,13,10,10,9,9,9,34,10,11,8,21,9,23,10,10,12,10,10,11,8,23,10,12,6,28,6,22,8,17,5,21,4,18,5,20,5,17,5,19,6,21,6,28,7,13,4,16,4,16,5,14,3,14,3,16,4,23,5,14,5,14,5,12,5,14,5,6,5,4,4,21,5,26,7,38,8,76,7,67,8,84,9,78,9,76,12,7,15,7,14,7,17,5,16,8,13,8,35,9,18,7,32,7,29,9,28,11,5,14,6,14,8,8,10,10,11,8,24,9,19,9,26,10,10,10,11,8,20,9,16,9,13,10,10,10,11,7,20,6,28,7,20,7,15,8,13,7,12,6,20,7,18,6,18,6,21,8,17,8,21,7,20,10,5,10,7,7,7,25,6,40,5,54,5,61,5,58,6,51,5,59,5,58,5,57,6,69,10],"avg_species_distances":[-1.0,-1.0,-1.0,0.3333333333333333,0.24,0.25341699898350145,0.31470385674931123,0.3614718614718614,0.32985453614485954,0.3665123456790124,0.3477715842933246,0.36898989898989887,0.4169119769119769,0.4312221112221109,0.41522108843537425,0.41042740328454624,0.43191919191919187,0.41142075517075527,0.39321419321419315,0.42009060384060437,0.4417849826940736,0.42185383244206776,0.4616473803973805,0.4231818181818182,0.44531137835636103,0.3644957983193277,0.4850392223412586,0.5001120448179271,0.4250609915092002,0.4610644257703081,0.42087134154361,0.48714325921756263,0.45474233770643147,0.49872053872053873,0.4905995252965614,0.5133271490414346,0.5082758983381583,0.5114243943191313,0.47376183658152904,0.5143588137009191,0.5148772106973493,0.5230101219231653,0.5054125973427446,0.5134247638449317,0.5145006372981203,0.4615429505135387,0.4514383962377277,0.45989229024943296,0.4476297907004427,0.44942977190876343,0.4938656633666677,0.518631003125888,0.49234867721329395,0.5022270054745545,0.5016475212463473,0.49459683873549415,0.5103519690704565,0.5385802469135803,0.4690188814640295,0.4134803921568627,0.35807199097962755,0.530275403608737,0.5353383458646618,0.4954235335814285,0.496373746867168,0.5055728744939273,0.5384941270555306,0.5164095423744546,0.4991471861471863,0.43833943833943834,0.530383671597294,0.5638244631185807,0.5263836829378629,0.5526201796508078,0.5331953834165246,0.5656783631131265,0.5651999591259506,0.4403531748653362,0.5576935002521026,0.484419444851128,0.5510278672872658,0.4727026396130584,0.5157884014849959,0.5615616617017178,0.4665619491923425,0.5397514988901543,0.43910957198424244,0.5377434734577592,0.4623620088459462,0.5313447601262726,0.4636643270373786,0.5392010155389191,0.47407167459963084,0.5312709332526565,0.5220159132233436,0.5819734521488907,0.4546101529311002,0.5549323043057378,0.46002837083898196,0.5206269642359868,0.42841928289525494,0.5188403910208421,0.4737736872839846,0.543050748564533,0.4662091288166282,0.5248736921669253,0.48742713739940013,0.5248736921669253,0.48341165889792903,0.5248736921669253,0.4346792826589068,0.5305807729199542,0.4649377182271921,0.5158053832673717,0.5164875038325331,0.5230218784897147,0.5280199798036056,0.5391250077812499,0.48151345843246574,0.5229889885557912,0.5201610027784356,0.5415369411985953,0.4538524121463088,0.5242263557322038,0.4292255276302547,0.5101059758954496,0.5035945860507264,0.48640921316879987,0.514362104451095,0.5230627830983793,0.5174938273939731,0.49638049752180186,0.47242070555589816,0.4639519836041575,0.4579188433437445,0.44453227931488803,0.4664056705928628,0.4461528326745718,0.4692429476777892,0.38641215106732346,0.44798538111578307,0.5390269151138718,0.43891112977833857,0.5674424692415697,0.4614563440205031,0.336,0.44887294288604135,0.48720401337792635,0.46043325551590714,0.4986787856071964,0.476007060054861,0.4327134894091416,0.43504878436357836,0.4574254049445866,0.4644840029803792,0.4601636407071189,0.47522714258446275,0.5041806020066889,0.380545707915273,0.500940635451505,0.3931171033073207,0.5369565217391304,0.3660059171597631,0.6003344481605352,0.45782364359287425,0.43052003410059675,0.4019142047565959,0.32956521739130434,0.47780007864184554,0.25357142857142856,0.45411705333306734,0.5500503220611918,0.42887387139059385,0.5426429146537841,0.40785268140340597,0.4996477455716586,0.371188706623489,0.5429951690821256,0.5299445865302643,0.5407407407407407,0.5923242082662372,0.5923242082662372,0.39026695219150526,0.5487117552334944,0.3065831404532721,0.46257552092792364,0.283518467600089,0.422792103429218,0.29691837824623885,0.458248075906352,0.37936767199184174,0.4269244215611492,0.4050265509758272,0.4229319185436523,0.4266329209718134,0.42634036782778195,0.4148450381043946,0.3649177143030214,0.456509158271172,0.32596329426993015,0.449732193272566,0.3411329903614963,0.46364685004436546,0.31167585611319615,0.5336024844720497,0.3807973453891645,0.4525022182786159,0.4322223619248791,0.4527568674651055,0.3943164056340312,0.41519245247506126,0.3549495634912987,0.47747373066713406,0.42520180214282727,0.4791229595286391,0.3894522112049591,0.43117433580128706,0.4214521381672542,0.4050378228520736,0.5434999999999999,0.37487822119401076,0.497729044834308,0.3616098023121435,0.45731821541032064,0.45629884004883997,0.4222490606548577,0.41260064412238323,0.40039877031181376,0.45479760577586664,0.294901273112521,0.4456430807517765,0.3436623821978512,0.4324780131301871,0.31668533123470627,0.4148252198686982,0.4164252859325325,0.42556360708534624,0.4105587761674718,0.45229591836734684,0.3498427145594352,0.42636015325670495,0.3803810109597218,0.42197089947089933,0.399763085490222,0.4227895807895808,0.4313684601194179,0.4406958724544931,0.42627116434012974,0.5060371727038393,0.38743675709742237,0.5071111111111112,0.406865311426715,0.4987138787138785,0.41890929246192465,0.49201465201465194,0.4101226300914314,0.4772069597069596,0.3731295200525969,0.49378510378510365,0.43881261181038705,0.49312820512820515,0.3817028778843664,0.41106227106227095,0.3919661114184442,0.503047619047619,0.3795352360058242,0.5008205128205128,0.4022352313815321,0.4862172594430659,