{"min_species_distances":[-1.0,-1.0,-1.0,-1.0,-1.0,0.0,0.125,0.0,0.0,0.0,0.0,0.0,0.0,0.07142857142857142,0.0,0.0,0.0,0.0,0.0,0.0,0.0,0.0,0.0,0.07142857142857142,0.0,0.0,0.0,0.0,0.0,0.0,0.0,0.1,0.0,0.0,0.0,0.1,0.0,0.0,0.0,0.0,0.0,0.0,0.0,0.0,0.0,0.0,0.0,0.0,0.0,0.0,0.0,0.0,0.0,0.0,0.0,0.0,0.0,0.0,0.0,0.0,0.21428571428571427,0.0,0.10526315789473684,0.0,0.0,0.0,0.0,0.0,0.0,0.05555555555555555,0.0,0.05555555555555555,0.0,0.3125,0.0,0.058823529411764705,0.0,0.0,0.0,0.0,0.0,0.058823529411764705,0.0,0.0,0.0,0.0,0.0,0.0,0.0,0.0,0.0,0.0,0.0,0.0,0.0,0.045454545454545456,0.0,0.0,0.0,0.0,0.0,0.0,0.0,0.07692307692307693,0.0,0.0,0.0,0.0,0.0,0.0,0.0,0.0,0.07692307692307693,0.0,0.4482758620689655,0.0,0.29411764705882354,0.0,0.07692307692307693,0.0,0.0,0.3684210526315789,0.0,0.10526315789473684,0.0,0.0,0.0,0.0,0.0,0.0,0.29411764705882354,0.0,0.0,0.0,0.0,0.0,0.4,0.0,0.4,0.0,0.07692307692307693,0.0,0.047619047619047616,0.0,0.0,0.0,0.0,0.0,0.0,0.0,0.0,0.3333333333333333,0.0,0.05555555555555555,0.0,0.0,0.0,0.0,0.0,0.05555555555555555,0.0,0.0,0.0,0.09523809523809523,0.0,0.0,0.0,0.0,0.0,0.0,0.0,0.0,0.0,0.0,0.05263157894736842,0.0,0.0,0.0,0.0,0.0,0.0,0.0,0.0,0.0,0.0,0.14285714285714285,0.0,0.0,0.07692307692307693,0.0,0.05,0.0,0.14285714285714285,0.0,0.15,0.0,0.14285714285714285,0.07692307692307693,0.0,0.0,0.0,0.0,0.0,0.0,0.0,0.047619047619047616,0.0,0.45161290322580644,0.0,0.0,0.0,0.0,0.0,0.0,0.0,0.12,0.0,0.0,0.0,0.07692307692307693,0.0,0.0,0.0,0.0,0.0,0.07692307692307693,0.0,0.0,0.0,0.0,0.0,0.0,0.0,0.0,0.0,0.0,0.0,0.0,0.0,0.0,0.0,0.14285714285714285,0.0,0.18181818181818182,0.0,0.1875,0.11764705882352941,0.2777777777777778,0.0,0.25,0.0,0.0,0.2777777777777778,0.0,0.2,0.0,0.0,0.14285714285714285,0.0,0.05,0.0,0.0,0.0,0.0,0.0,0.0,0.0,0.0,0.0,0.0,0.0,0.0,0.0,0.0,0.0,0.0,0.0,0.0,0.0,0.0,0.0,0.0,0.0,0.0,0.17391304347826086,0.0,0.0,0.3684210526315789,0.0,0.2631578947368421,0.0,0.0,0.0,0.06666666666666667,0.0,0.05,0.0,0.05,0.0,0.0],"total_num_species":[1,1,1,1,1,12,6,57,16,13,9,35,12,7,11,7,36,8,34,10,12,4,14,4,22,5,32,6,19,4,15,5,14,6,22,5,19,7,18,7,15,7,20,8,15,7,16,7,15,8,13,7,13,9,9,8,8,12,7,23,7,38,8,38,11,7,17,8,26,9,28,8,28,7,27,8,36,8,24,10,12,7,21,7,24,8,11,7,13,7,13,8,15,8,16,9,17,8,14,7,19,8,14,7,16,8,13,7,12,9,10,9,8,11,7,19,8,17,9,29,11,8,14,9,27,10,9,14,10,10,9,15,9,10,10,12,8,19,8,16,9,29,11,10,9,19,10,10,15,4,16,4,12,5,20,7,8,7,6,7,48,7,69,7,55,7,76,10,15,8,15,7,29,10,11,7,19,9,24,8,15,10,9,18,9,9,16,11,8,17,9,15,9,16,9,18,10,8,16,9,16,10,9,15,10,10,12,6,26,8,22,9,19,8,22,7,23,9,13,8,25,9,21,10,11,4,19,5,23,6,20,7,15,7,9,9,8,10,8,43,10,9,85,9,89,10,12,8,21,9,20,10,8,28,9,23,11,7,21,9,21,8,13,9,15,9,12,9,15,9,10,14,8,16,8,19,8,13,9,9,8,32,8,71,8,64,11,7,16,8,22,9,26,10,10,10,10,10,9,27],"avg_species_distances":[-1.0,-1.0,-1.0,-1.0,-1.0,0.13906926406926415,0.24166666666666667,0.235382603333732,0.29534722222222204,0.3362600362600362,0.33106060606060594,0.3093370681605997,0.3527777777777776,0.41897864040721183,0.4393309720582449,0.4241813741813741,0.39293589126922585,0.4244505494505494,0.43740869944078675,0.3889277389277389,0.3865284547102731,0.3994708994708995,0.43390747010656494,0.4003866503866504,0.45048467221882027,0.43101898101898095,0.4621329815293301,0.4248677248677248,0.4204802020591494,0.48677248677248675,0.4582725211296639,0.5203174603174603,0.43403641535509696,0.3435714285714286,0.49613825328111,0.445,0.48948867896236237,0.414484126984127,0.48048313342430976,0.43790849673202603,0.4884128569842855,0.5087583751449296,0.4409594430337457,0.482830632252901,0.4589173851358725,0.4472839135654261,0.4413479065868774,0.4914167182024325,0.4207900432900438,0.44055230787967364,0.4932755348516217,0.5538671990535345,0.4854478854478856,0.49742965367965375,0.518006954465288,0.5154813440527727,0.5246381886087768,0.49459264857168056,0.5265873015873015,0.4911505267453707,0.5373682806455916,0.46452743774317773,0.5439648227712136,0.46436661939146984,0.4990641711229948,0.5475256769374417,0.42404900955597546,0.4805147058823529,0.4681150815129146,0.5181749990444522,0.472002872124206,0.5278104055387336,0.4724584739241065,0.5627645502645502,0.4697094610810411,0.5155098223499925,0.47143612021141457,0.5081323099415205,0.4885572564127745,0.5143177961242976,0.4970462493875806,0.5701355103444887,0.46562206988058336,0.5567411174996313,0.46029584482387675,0.5426512710347297,0.5166091132809398,0.5494870196882581,0.4879397342636608,0.5407013682666049,0.4455318123304552,0.5316011931088224,0.5064116985280188,0.527126741384813,0.5176472603286328,0.516612872421696,0.4648727431108711,0.5355302882102417,0.4862879737138827,0.49588400947423505,0.4523192018242529,0.518780988748094,0.4854649984150207,0.5470706298713817,0.4986468021906619,0.5378186537773004,0.49051732523868724,0.5560553344144674,0.5265978860653427,0.5568727552499484,0.5419733561233864,0.5531700339610199,0.5586969278380997,0.5213366047141,0.5740180294743427,0.45234245204480455,0.5649696106512779,0.48167353640309424,0.5437712270768257,0.42860266033120054,0.5203041516447089,0.5575666845685642,0.4737939517416774,0.5336502147376759,0.39917686759186893,0.5280440368598263,0.540878675418149,0.47483312738475564,0.5300075094037943,0.5300075094037942,0.5464319456773016,0.4556785807604036,0.5502283778599568,0.535145975455573,0.524327051803832,0.5049448921765183,0.5621786115431914,0.415626488500692,0.5629664266692419,0.47165588449778806,0.5464729722200443,0.39631029140369495,0.5214944416727356,0.5220529129615142,0.5221296591265631,0.48666159296047706,0.524390206743148,0.4926303761597879,0.4836823999152968,0.3235294117647059,0.45413079052010913,0.5856209150326798,0.47394659863700134,0.5497486173956763,0.4435778160969624,0.5320251177394033,0.4670051338632183,0.5513480274933242,0.56323697386316,0.5642989040115631,0.4752797974497632,0.5622537131753722,0.4736146505241582,0.5720610113649162,0.4708362628752382,0.5662242288699323,0.4846165298866182,0.48938511210016583,0.41427200356438776,0.5384399939942021,0.4164966165677738,0.5593043669080535,0.34060185783680164,0.4993807697259875,0.485469676965732,0.5709415628164113,0.3838509475668017,0.51306367499067,0.36526812332286906,0.5318054641211324,0.43765278298385296,0.5007916343230435,0.5178762317981334,0.38022192121862536,0.5050669909540878,0.5111570776893358,0.3764538453906023,0.466462801086032,0.5497260187867755,0.40864520291048356,0.5250008998052845,0.426435448468898,0.5270136586987182,0.4009050040072127,0.5175926853521524,0.37246966139154797,0.5171572659246683,0.552087827686906,0.4459808585899416,0.5273587642942482,0.44204689366786126,0.5132343403311145,0.5392677066064162,0.46015730202729965,0.5183281354249095,0.5047432108439466,0.5014286854439652,0.5859001758721256,0.46213666741561565,0.5476793943383804,0.45247285944737164,0.5240889164912934,0.44880950057462216,0.5562023547146768,0.3964524029694495,0.5519842700988763,0.45644445969408265,0.5491276890996385,0.44887530790136254,0.5576338740624455,0.4431749906541926,0.5479343498496725,0.45199569128601413,0.524458864512628,0.5296167094554192,0.5412596662596663,0.49909415533637413,0.41196581196581195,0.4816006696272872,0.5509578544061302,0.5066596887815786,0.5374493705528188,0.41838019165742407,0.529808429118774,0.5279263292330443,0.5282490996060166,0.5472237462399044,0.5524521042774072,0.5585248019938611,0.48882189700404605,0.5334218658493294,0.5508995116894612,0.47924595808433035,0.5538088975493475,0.4874637982366588,0.5383900699621893,0.5065734954011444,0.5584052715596709,0.45240662017277383,0.5424288082129036,0.45817051783985385,0.5269054704193192,0.5604934052002238,0.46804495664307744,0.5442660205313341,0.45770039885110875,0.528959566452501,0.5776539418823555,0.4642128369835007,0.5448977324848067,0.4115609755598136,0.5385445230723868,0.4710094334629942,0.5305399323472079,0.4221308663816407,0.5312239135420249,0.49089048378522077,0.530539932347208,0.446375681851688,0.5384796396628827,0.5137695218438252,0.45335780061012276,0.5385445230723869,0.4185762614256227,0.5441909000442282,0.410677243587257,0.5369824270801438,0.4515522812208033,0.529795054267771,