{"min_species_distances":[-1.0,-1.0,-1.0,-1.0,0.0,0.0,0.2,0.0,0.08333333333333333,0.0,0.0,0.0,0.0,0.0,0.0,0.0,0.0,0.0,0.0,0.0,0.0,0.0,0.0,0.0,0.0,0.0,0.05555555555555555,0.0,0.0,0.0,0.0,0.0,0.0,0.0,0.0,0.5,0.0,0.5,0.0,0.29411764705882354,0.0,0.29411764705882354,0.0,0.26666666666666666,0.0,0.0,0.0,0.0,0.3684210526315789,0.0,0.0,0.0,0.0,0.0,0.0,0.0,0.0,0.0,0.0,0.0,0.0,0.0,0.0,0.0,0.0,0.0,0.0,0.0,0.0,0.0,0.0,0.07142857142857142,0.0,0.5,0.0,0.06666666666666667,0.0,0.07692307692307693,0.0,0.0,0.0,0.0,0.0,0.0,0.0,0.0,0.0,0.0,0.0,0.0,0.0,0.0,0.0,0.0,0.0,0.0,0.11764705882352941,0.2631578947368421,0.0,0.0,0.0,0.0,0.0,0.0,0.0,0.0,0.0,0.0,0.0,0.05263157894736842,0.0,0.0,0.0,0.0,0.36363636363636365,0.0,0.0,0.0,0.0,0.0,0.0,0.0,0.0,0.0,0.0,0.0,0.0,0.0,0.0,0.0,0.0,0.0,0.4782608695652174,0.0,0.4782608695652174,0.0,0.0,0.0,0.0,0.0,0.0,0.0,0.0,0.0,0.0,0.0,0.0,0.0,0.0,0.0,0.047619047619047616,0.0,0.06666666666666667,0.0,0.34782608695652173,0.0,0.06666666666666667,0.0,0.4583333333333333,0.0,0.07142857142857142,0.0,0.0,0.0,0.0,0.0,0.0,0.0,0.0,0.0,0.03571428571428571,0.0,0.0,0.0,0.0,0.0,0.0,0.0,0.0,0.0,0.0,0.0,0.0,0.0,0.0,0.0,0.0,0.0,0.0,0.0,0.0,0.045454545454545456,0.045454545454545456,0.0,0.0,0.0,0.0,0.0,0.0,0.0,0.0,0.0,0.0,0.047619047619047616,0.0,0.28,0.0,0.0,0.0,0.0,0.0,0.2916666666666667,0.0,0.2916666666666667,0.0,0.047619047619047616,0.0,0.0,0.0,0.0,0.0,0.0,0.0,0.0,0.35714285714285715,0.0,0.0,0.0,0.35714285714285715,0.0,0.0,0.0,0.0,0.0,0.125,0.0,0.17647058823529413,0.0,0.0,0.0,0.0,0.0,0.0,0.1875,0.0,0.0,0.0,0.05263157894736842,0.0,0.0,0.0,0.0,0.0,0.2631578947368421,0.0,0.0,0.0,0.0,0.0,0.047619047619047616,0.2727272727272727,0.0,0.0,0.0,0.0,0.0,0.0,0.07142857142857142,0.0,0.0,0.0,0.0,0.0,0.0,0.0,0.0,0.0,0.0,0.0,0.0,0.0,0.45161290322580644,0.0,0.0,0.0,0.0,0.037037037037037035,0.0,0.125,0.0,0.045454545454545456,0.0,0.125,0.41935483870967744,0.0,0.41935483870967744,0.0,0.2777777777777778,0.0,0.07142857142857142],"total_num_species":[1,1,1,1,5,19,8,47,17,10,20,7,32,11,8,21,7,17,9,25,9,21,9,19,10,11,6,16,6,27,7,9,8,6,14,5,21,5,32,6,20,6,22,7,28,9,20,12,7,25,10,9,13,9,25,9,18,8,25,9,21,10,12,7,13,9,12,10,9,17,9,11,13,4,30,5,14,5,25,6,11,6,25,7,14,8,8,11,9,8,10,8,9,63,8,97,11,7,20,9,26,9,26,8,29,9,26,9,39,9,34,11,7,22,7,20,8,20,11,8,20,8,26,8,35,10,8,17,8,16,8,18,6,20,6,20,8,11,7,23,10,9,10,9,19,11,7,22,8,22,8,19,7,24,7,28,8,22,6,19,7,24,8,28,8,15,7,20,8,18,7,29,11,7,16,7,20,8,22,8,20,9,19,9,12,8,10,7,7,7,15,6,9,43,8,53,11,7,34,8,27,8,27,8,22,7,23,8,25,8,31,7,27,7,31,9,29,12,6,24,7,23,6,24,6,25,7,24,6,16,7,7,7,33,8,48,8,73,9,74,11,7,32,8,33,9,33,9,28,8,22,9,24,8,29,9,28,9,26,10,9,22,11,10,9,16,11,7,22,9,21,8,20,7,25,7,22,7,12,6,14,6,12,7,8,8,8,23,7,42,9,73,11,6,24,6,23,7,23,7],"avg_species_distances":[-1.0,-1.0,-1.0,-1.0,0.1,0.22254710851202084,0.30357142857142866,0.2898063494733255,0.3509321152703506,0.3473063973063974,0.36435879909564123,0.3992007992007992,0.3918034418538476,0.4130629976084521,0.2918290043290043,0.3986868686868691,0.35629370629370627,0.39971719457013577,0.4103535353535353,0.3925720945720947,0.34263144263144263,0.4044061494061499,0.38133903133903135,0.40309524783209016,0.41790986790986795,0.39802999139897516,0.32085278555866786,0.41623344978608123,0.3168253968253968,0.44326137637541113,0.28360583999681743,0.43342151675484997,0.48746121255519753,0.5013431013431013,0.4412604489527568,0.5370573870573871,0.4312930984359554,0.5436507936507937,0.4216995118456822,0.5401733342909814,0.44269552085341524,0.5445689386865857,0.422889478246621,0.536130007558579,0.4387821367863383,0.5150171179582945,0.46955100699275376,0.4911404614190995,0.5464056967816366,0.44861178839507043,0.506835607537362,0.5084203564466723,0.447296124927704,0.5165633992388379,0.3895174046226682,0.4599680290469764,0.4409146504605741,0.5200277479412819,0.4468495919285394,0.49916029389713606,0.4332253252178062,0.4962517404622671,0.4611565335249548,0.5183494450411744,0.4726692841571386,0.47848119229698177,0.48038569617517,0.48620482831009154,0.4713300344879294,0.475521505068719,0.4938149326307221,0.4676330686857003,0.46926636116919557,0.5594298245614034,0.48507126243861587,0.49819548872180447,0.4880207268207816,0.5006544925662573,0.4479429181929181,0.4445421245421245,0.4873105222950426,0.4717460317460317,0.44043478842279116,0.3700563986278272,0.4451240259417379,0.4942633463641865,0.47984155200541745,0.48704471998589677,0.48840048840048844,0.5031624188136792,0.5261253435247245,0.5265467725551759,0.5060752371123889,0.4603407643246312,0.5398992930505535,0.4820005370154617,0.4973673823596425,0.564369139468653,0.4499913742043451,0.5176617333093082,0.4334478787466404,0.508536250757613,0.4143312863606991,0.5360280076943058,0.4219239419905901,0.5096003216101255,0.4557784582118952,0.5140593859376108,0.45334996417773027,0.5353313157621724,0.45652282951748213,0.512935100675039,0.5174247476768484,0.44103289375292853,0.5582325859636784,0.45785418137707506,0.5331615979725223,0.47454986972544455,0.5232253783055925,0.5000962506214608,0.4907040669937852,0.5163153140043897,0.4775754329828692,0.49153776895373535,0.49175261221641,0.5243705495666281,0.5351866448413763,0.4654291281491522,0.5454265039349072,0.47289580896038713,0.5415490834014764,0.4829480541430796,0.5814465689657505,0.48417511654824974,0.5814465689657505,0.47294410516496294,0.5431018784325324,0.5145293822403799,0.5149257770741146,0.36051097302070334,0.4849429401390188,0.4637475360514575,0.5354179803966675,0.5384907666770414,0.4907285119258819,0.5403471283157648,0.5386565737406074,0.507535837854995,0.49599550346454374,0.4594566106188834,0.5043713538046798,0.5081300228203983,0.558654689946154,0.503676013111008,0.5638980763930287,0.5191747565785917,0.5412462353362398,0.4916579122692233,0.5766861598440546,0.5132723701758438,0.5598469617266609,0.5176415691395165,0.5342744035413209,0.49017909632988893,0.5332965123848583,0.5063181486592904,0.5485439789951068,0.525607467613422,0.530611596278481,0.4957343168555287,0.5705984538064739,0.5176834937310769,0.5582610566821096,0.5208538587848932,0.4947567553942328,0.41428571428571415,0.5041220716643392,0.5308533546509953,0.481511137150235,0.5127961529439361,0.46690296521703517,0.43139025725232605,0.4953412910679604,0.5246173696723327,0.4297796595602238,0.4878686584351611,0.5186273631709739,0.5472419061668555,0.5311706291712086,0.5311706291712086,0.43118913502607836,0.5478324830454647,0.5071565670106569,0.4905017577877092,0.5382819507113188,0.5021987548924515,0.5309697995470632,0.5195320343393364,0.4724113289415763,0.5435740113136708,0.4830656662386871,0.5336475407254355,0.46782106743986346,0.5362035521354966,0.4600107750983045,0.5578590070044341,0.4836705477778427,0.5359201054234786,0.49429971699049446,0.5359201054234786,0.47981628243224783,0.5582985674439946,0.4809083239804299,0.5537905323458975,0.4809129946274974,0.5349808010456851,0.45798347991537086,0.5205296281633114,0.5420995851280708,0.46109667707705376,0.5426796239068674,0.45510653150975466,0.5420995851280708,0.48754314797428,0.5804149512545315,0.4695910924654632,0.4951310596044618,0.4931612478618366,0.5757351482988664,0.42905855273421484,0.5393369075099638,0.538585393622161,0.538585393622161,0.46859213639859726,0.5361764270925761,0.45446931100558746,0.5366684873599613,0.4294704418654548,0.5083184705110875,0.43007371189093035,0.5085392361634176,0.5640161778521168,0.4587556575170329,0.5414917859947576,0.4174978280805748,0.5166877192147451,0.3828819209806864,0.5021023844802746,0.40002703411730317,0.5349297245398066,0.40032280084334154,0.5204290781370662,0.3959359967285877,0.5308418338270893,0.3981994280443834,0.5010129264245629,0.3965471287136901,0.5026046465767394,0.37067841870352986,0.49543443563907014,0.514229396719073,0.42973567418515535,0.48001137263795557,0.4829322552127815,0.4925701392468011,0.44361238843060424,0.5026806942848924,0.5555935184335269,0.44845447515328546,0.5080647672195648,0.46684834298991534,0.5116695011337868,0.446260760597145,0.5246787603930461,0.40517227643335174,0.5667005499517814,0.43899926439958425,0.5118480725623581,