{"min_species_distances":[-1.0,-1.0,-1.0,-1.0,0.0,0.0,0.1111111111111111,0.1,0.09090909090909091,0.0,0.0,0.0,0.0,0.15384615384615385,0.0,0.0,0.0,0.0,0.0,0.0,0.0,0.0,0.0,0.08333333333333333,0.0,0.0,0.0,0.08333333333333333,0.0,0.0,0.0,0.0,0.0,0.0,0.1,0.0,0.0,0.0,0.0,0.0,0.09090909090909091,0.0,0.0,0.0,0.0,0.0,0.0,0.0,0.0,0.0,0.09090909090909091,0.0,0.0,0.0,0.0,0.0,0.0,0.0,0.0,0.0,0.0,0.0,0.0,0.0,0.0,0.0,0.0,0.0,0.0,0.05,0.0,0.0,0.125,0.0,0.06666666666666667,0.0,0.0,0.0,0.0,0.0,0.0,0.0,0.0,0.0,0.0,0.0,0.0,0.0,0.06666666666666667,0.0,0.125,0.0,0.17647058823529413,0.0,0.0,0.0,0.5238095238095238,0.0,0.2631578947368421,0.0,0.0,0.0,0.2631578947368421,0.0,0.0,0.0,0.0,0.0,0.0,0.0,0.0,0.0,0.0,0.0,0.08333333333333333,0.0,0.08333333333333333,0.0,0.0,0.0,0.0,0.0,0.0,0.0,0.038461538461538464,0.0,0.0,0.0,0.35294117647058826,0.0,0.0,0.0,0.0,0.058823529411764705,0.0,0.0,0.0,0.0,0.0,0.0,0.0,0.0,0.0,0.0,0.0,0.0,0.0,0.4166666666666667,0.0,0.45454545454545453,0.0,0.0,0.0,0.0,0.0,0.1,0.0,0.0,0.0,0.05263157894736842,0.4444444444444444,0.0,0.043478260869565216,0.0,0.0,0.35294117647058826,0.0,0.06666666666666667,0.0,0.0,0.0,0.18181818181818182,0.0,0.18181818181818182,0.0,0.15384615384615385,0.0,0.15384615384615385,0.0,0.0,0.08333333333333333,0.0,0.1111111111111111,0.0,0.0,0.0,0.05263157894736842,0.0,0.0,0.0,0.05263157894736842,0.0,0.043478260869565216,0.0,0.0,0.0,0.0,0.0,0.0,0.0,0.0,0.0,0.0,0.0,0.0,0.0,0.0,0.0,0.0,0.0,0.0,0.0,0.0,0.0,0.0,0.0,0.0,0.1,0.0,0.05,0.0,0.0,0.0,0.0,0.0,0.047619047619047616,0.045454545454545456,0.03571428571428571,0.0,0.0,0.0,0.0,0.0,0.0,0.0,0.0,0.0,0.0,0.0,0.0,0.0,0.0,0.05555555555555555,0.0,0.0,0.0,0.0,0.0,0.08333333333333333,0.05555555555555555,0.0,0.0,0.0,0.0,0.08333333333333333,0.0,0.0,0.0,0.0,0.0,0.0,0.0,0.0,0.0,0.0,0.0,0.0,0.05,0.0,0.0,0.0,0.0,0.0,0.0,0.0,0.0,0.0,0.0,0.0,0.0,0.4,0.0,0.0,0.0,0.4,0.0,0.4,0.0,0.29411764705882354,0.0,0.07692307692307693,0.0,0.4,0.0,0.0,0.0,0.07692307692307693,0.0,0.07692307692307693,0.0],"total_num_species":[1,1,1,1,4,24,10,11,11,7,15,10,12,5,20,6,26,6,27,8,21,7,20,8,19,10,10,8,18,8,14,10,10,11,4,29,5,29,5,25,5,20,6,23,7,19,8,20,7,23,7,22,8,22,8,16,8,20,9,15,7,27,9,15,9,17,11,4,12,3,7,16,6,11,7,11,8,11,8,16,9,10,10,10,7,6,6,17,6,23,6,27,6,35,6,52,5,42,6,41,8,46,8,36,10,13,7,32,8,20,7,24,7,25,7,30,7,39,8,34,8,30,8,30,8,36,8,38,8,35,11,7,24,9,17,8,26,7,29,9,24,10,10,8,18,8,16,6,14,6,13,8,13,8,13,7,14,7,11,8,6,12,7,9,19,7,29,10,9,22,10,9,21,9,29,8,30,8,33,10,10,12,9,23,9,22,8,25,9,19,10,11,7,18,9,26,9,26,10,13,6,18,8,21,6,13,8,26,7,16,7,9,18,9,25,8,14,6,19,6,19,6,15,7,15,7,11,8,14,7,13,8,8,7,12,7,18,8,25,8,15,10,8,17,8,18,8,31,10,9,35,10,8,32,10,10,11,7,16,8,13,8,17,9,14,9,22,9,17,9,20,10,10,9,11,9,8,12,9,19,7,16,8,18,7,24,7,30,8,28,10,12,7,28,8,16,8,26,8,25],"avg_species_distances":[-1.0,-1.0,-1.0,-1.0,0.20833333333333334,0.18824764205199013,0.26438271604938274,0.26611111111111113,0.3277685950413224,0.3467532467532467,0.3527753727753727,0.3636700336700337,0.39331955922865003,0.43286713286713285,0.35538890933627804,0.39813519813519815,0.36785404339250494,0.31557109557109553,0.3820495269213221,0.362769968127111,0.36909304980733565,0.3943207586064728,0.40994687330213636,0.4368506493506494,0.4218851080693185,0.438858178858179,0.4354273504273504,0.45584831834831835,0.418884132335689,0.43250856286570566,0.4411047286047286,0.44453583453583456,0.4590016465016466,0.45820149547422284,0.37941176470588234,0.435470395054573,0.2,0.41221529283685127,0.5252777777777778,0.428706043956044,0.48061868686868686,0.4634035774167353,0.35989898989898983,0.4543379862861878,0.4976745476745476,0.48238513991053245,0.45510843323343325,0.4755133178835723,0.35709475709475696,0.44490697340325425,0.49654366797223937,0.4711647520973647,0.3982168625025767,0.42340098984835883,0.4853448556456074,0.45820536188957295,0.4633361678004535,0.4270608926857912,0.4141560327834836,0.48956160241874547,0.4175015460729746,0.4844555893532503,0.4754739858906525,0.42819618490671163,0.5032352292768959,0.4878067158235848,0.4965728715728719,0.06060606060606061,0.5211759598721326,0.44385964912280707,0.49218582169709985,0.42330122180451174,0.5549812030075187,0.5070972886762362,0.48846371882086154,0.4875127323656739,0.508766006402561,0.4230837789661321,0.4868197278911564,0.48263167388167394,0.5264571831147917,0.48689698101462825,0.4965950824774356,0.5214809402021682,0.5541033804826277,0.5682474729022042,0.5682474729022042,0.48159125676990855,0.5549053560818266,0.4831174259259748,0.5551757066462948,0.45022510642236435,0.5651027077497666,0.48312665768074103,0.5628851540616245,0.4958378605718635,0.5991946778711483,0.49558258384484066,0.5770738119809327,0.5012216146566351,0.5314188175270107,0.487546609602815,0.5413687604228293,0.4865180340336926,0.5530541194094094,0.5109588116565664,0.5359810590903027,0.47913500808742604,0.5506385887688408,0.503772824417779,0.5405162064825929,0.46919219643992455,0.55172068827531,0.5120171783439587,0.5348806189142323,0.48208808495432914,0.5511537948512737,0.48325960378496247,0.518407362945178,0.4798920106065002,0.5149224689875951,0.48993952673245955,0.49391006402561016,0.4964636564679591,0.5346251192784807,0.4759862224173739,0.5005627250900359,0.49312559313374604,0.5463434009967623,0.48683313314400545,0.5399119151792948,0.5558435495410284,0.51931908454388,0.536219937374478,0.5233929055559363,0.5531468997855552,0.4904801305048777,0.5427446340855183,0.5013032222801536,0.5329720207171187,0.48991845883873036,0.5233549311980685,0.5104160182591557,0.5492075618126038,0.4592288291826933,0.5158252695017401,0.4352774715681062,0.5756215178210062,0.46244605068134476,0.5747870865517923,0.45450287729699484,0.5427655910849187,0.4547460981284511,0.5425538463079566,0.44188607168146815,0.5405734977346229,0.4655881608749714,0.5418888679758245,0.4782585210392701,0.5030488653404638,0.5696237739716,0.3888323285556488,0.5393793002488654,0.5188244156541257,0.4845755138755543,0.5546175431085918,0.47333704205411214,0.509231322890743,0.5183028961108671,0.4819528513500848,0.5143008947101015,0.5265760761924444,0.48535487836879965,0.5255370736348999,0.449004462298473,0.5385521784978307,0.4737086376453534,0.5385521784978307,0.4655912301660038,0.5392092043203986,0.5419339530571414,0.511402665552863,0.5135412091933831,0.49880231400640457,0.4987983701751818,0.48097039402678043,0.5259232567584969,0.44358715397889836,0.5223221846197124,0.47090959654873155,0.5375076727098086,0.5166467227371057,0.5453714435407798,0.4931487658313046,0.518555369751022,0.4986496488878003,0.49300435065118514,0.4951882892755461,0.5517034702815653,0.49944853798514643,0.45920192638458895,0.5003775280752939,0.5049792355284345,0.44034631498162474,0.4475243664717349,0.5093477234142194,0.5540986684528885,0.46693897102135135,0.519501133786848,0.46573069425701014,0.5431785813740702,0.5277740698364266,0.4710295208332182,0.5341018143649723,0.5016088178919983,0.535039521881627,0.5173447672435528,0.5465619176145491,0.48974270684797033,0.46402834008097155,0.5061478958554989,0.47654456654456656,0.4942019884877032,0.49291819291819283,0.45488173731030856,0.5514535728821442,0.5189587651405834,0.5404761904761906,0.4976113995894217,0.529554625268911,0.4943659142377091,0.5359817431246002,0.5225754404325833,0.5334961334961336,0.5025224775224777,0.5581807081807081,0.39969580592418014,0.5515510050173915,0.36839840644480615,0.5324259544666672,0.4242296613683246,0.49087344451174925,0.541365016386749,0.408745698146222,0.5362774950829138,0.404269381762542,0.5384752707449026,0.3699529826248401,0.5013720470582327,0.5250283544992808,0.4214448808597639,0.4913624359263306,0.543110082229178,0.369601212336192,0.5061770522811946,0.5035499465581136,0.48713145436109045,0.5587779604372811,0.423874919947969,0.5271331630516229,0.448627491201308,0.5323507945688396,0.4001273023036398,0.5190860314218914,0.4476666876810383,0.5187299254374269,0.3992018567493363,0.5060679208952403,0.42528178456782617,0.5121011308024225,0.4034858694603428,0.5062460085178139,0.5021535687661447,0.5161934977350799,0.4805758339993615,0.5238301852906315,