{"min_species_distances":[-1.0,-1.0,-1.0,-1.0,-1.0,0.0,0.0,0.1111111111111111,0.2,0.09090909090909091,0.09090909090909091,0.0,0.0,0.0,0.0,0.0,0.0,0.0,0.0,0.0,0.0,0.0,0.0,0.0,0.0,0.0,0.0,0.0,0.0,0.0,0.0,0.0,0.0,0.0,0.0,0.0,0.0,0.0,0.0,0.0,0.0,0.0,0.0,0.0,0.0,0.0,0.0,0.0,0.0,0.0,0.0,0.0,0.0,0.0,0.0,0.0,0.0,0.0,0.0,0.0,0.0,0.0,0.0,0.0,0.0,0.0,0.0,0.0,0.0,0.0,0.0,0.0,0.08333333333333333,0.0,0.0,0.0,0.0,0.0,0.0,0.0,0.0,0.0,0.0,0.0,0.0,0.0,0.0,0.0,0.0,0.0,0.0,0.0,0.0,0.0,0.0,0.0,0.0,0.0,0.0,0.0,0.0,0.0,0.05,0.0,0.0,0.0,0.0,0.0,0.0,0.058823529411764705,0.2,0.0,0.0,0.0,0.0,0.0,0.06666666666666667,0.0,0.0,0.35294117647058826,0.0,0.0,0.0,0.05263157894736842,0.0,0.0,0.0,0.0,0.0,0.0,0.0,0.0,0.0,0.0,0.0,0.0,0.0,0.0,0.0,0.0,0.07692307692307693,0.0,0.09090909090909091,0.0,0.05,0.0,0.07692307692307693,0.06666666666666667,0.0,0.07692307692307693,0.07692307692307693,0.07692307692307693,0.0,0.08333333333333333,0.0,0.22727272727272727,0.0,0.0,0.0,0.0,0.0,0.0,0.0,0.0,0.0,0.0,0.0,0.0,0.0,0.0,0.0,0.5,0.0,0.0,0.0,0.0,0.05555555555555555,0.0,0.5,0.0,0.15789473684210525,0.0,0.15625,0.15625,0.0,0.5517241379310345,0.0,0.043478260869565216,0.0,0.0,0.0,0.0,0.3684210526315789,0.0,0.29411764705882354,0.0,0.0,0.0,0.0,0.0,0.07692307692307693,0.0,0.0,0.0,0.3684210526315789,0.0,0.3684210526315789,0.0,0.0,0.0,0.0,0.0,0.0,0.2,0.2,0.0,0.2692307692307692,0.0,0.037037037037037035,0.2692307692307692,0.0,0.0,0.0,0.0,0.0,0.0,0.0,0.0,0.0,0.0,0.0,0.0,0.0,0.0,0.0,0.0,0.0,0.0,0.0,0.0,0.0,0.0,0.0,0.0,0.0,0.0,0.0,0.0,0.0,0.0,0.0,0.0,0.0,0.0,0.0,0.0,0.0,0.0,0.0,0.0,0.0,0.0,0.0,0.0,0.0,0.0,0.0,0.0,0.0,0.0,0.0,0.0,0.0,0.0,0.0,0.0,0.0,0.0,0.0,0.0,0.0,0.0,0.0,0.0,0.0,0.0,0.0,0.0,0.0,0.047619047619047616,0.0,0.0,0.0,0.0,0.17391304347826086,0.0,0.0,0.0,0.0,0.05555555555555555],"total_num_species":[1,1,1,1,1,10,26,15,10,12,7,27,8,39,9,29,10,12,5,21,7,15,6,24,8,25,9,17,10,9,13,9,25,9,15,9,17,10,8,24,8,14,8,18,7,14,9,17,9,23,10,9,8,13,9,19,8,12,8,21,10,10,10,9,15,9,17,13,8,24,10,12,5,23,7,26,8,28,6,27,6,22,7,22,7,21,6,23,7,22,8,18,8,23,8,21,5,22,5,27,5,19,7,9,8,7,8,58,10,11,6,20,8,28,10,10,10,10,11,6,14,7,14,8,22,8,20,8,16,9,16,9,16,9,15,8,18,10,9,15,8,18,9,16,9,13,10,10,10,10,10,10,12,8,25,7,20,9,20,9,20,10,11,7,20,7,29,10,11,5,12,4,8,9,7,6,6,39,5,48,7,70,10,10,13,5,42,8,27,8,24,11,6,18,7,15,7,18,8,15,8,15,9,17,7,14,7,15,8,17,9,12,10,9,9,14,8,16,10,9,19,10,10,10,11,9,22,10,11,7,27,8,24,7,22,9,16,9,23,9,21,10,10,10,10,10,10,12,5,24,6,34,7,35,7,32,8,27,8,22,8,22,8,25,7,19,6,28,8,24,8,20,8,22,7,27,7,21,9,13,8,13,7,10,9,9,9,9,47,9,67,9,89,12,8,26,8,30,10,8],"avg_species_distances":[-1.0,-1.0,-1.0,-1.0,-1.0,0.14722222222222237,0.20656898656898692,0.29415343915343883,0.324814814814815,0.34994643403734305,0.3705627705627704,0.3327102938214052,0.3561688311688312,0.3389168336536793,0.3704545454545455,0.3434206597999707,0.35779331779331786,0.3784140102321918,0.36363636363636365,0.3688532895675752,0.3962481962481962,0.34477744477744465,0.2848484848484848,0.38914760762586825,0.3984015984015984,0.3850059570059571,0.36626683501683505,0.37650865270350586,0.39220085470085475,0.403409090909091,0.40196404379096656,0.4302975188391855,0.36200854700854695,0.43139295345177686,0.4087620712620713,0.45646529396529395,0.40408304930363764,0.4357517482517482,0.44426476884460075,0.38318427097199464,0.4316274411862646,0.42592857476503276,0.4700478093335235,0.396499918126216,0.4225578343225401,0.3954532862095887,0.43161375661375656,0.4325485170902669,0.47390937856624127,0.4130638188182944,0.4325911561205678,0.4845477507242213,0.48127250900360136,0.4368090431438847,0.4730089151045034,0.37381229594851895,0.4931272509003601,0.44160671844495397,0.45992964493489696,0.41537067391059,0.4651466997055232,0.4659232325408796,0.46995606789724437,0.47881802293567,0.4331523549590774,0.45553350970017636,0.42846441272587465,0.44276257511551637,0.46252866024952494,0.4802003783284916,0.4586074128256791,0.4941025893038277,0.4835682957393483,0.4748112994377635,0.39273401668359653,0.4903223553721289,0.4400961194194278,0.4719862338897668,0.3816137566137566,0.46968339227144185,0.4811027568922306,0.4925917850066469,0.47439967439967434,0.46047429481750574,0.45811728200051954,0.450773696793158,0.36317460317460315,0.4786534334707045,0.48776091633234486,0.46662301713717047,0.4394296180010464,0.4596691788126258,0.4958504319406574,0.47534098243480427,0.46098763391996483,0.47073154047944,0.42030075187969923,0.47951556445585647,0.47067669172932336,0.4790140485143924,0.22857142857142856,0.44751102400537524,0.48830133942915893,0.5191972988025619,0.49148067627860864,0.5155456919609949,0.5067556374776631,0.4705269608629229,0.4840717807590875,0.5039751141531329,0.5565108850557767,0.45158755873966894,0.5362471304311198,0.45910394372173796,0.5122117006946729,0.5063010467344835,0.5105664109998477,0.4978000556947926,0.48373071716724986,0.568627450980392,0.43747534516765285,0.5229989431670102,0.48560050875950944,0.5160590552010276,0.4356270247026548,0.5074479184386304,0.4487592821061939,0.5304030703190368,0.45833507379560035,0.4862700733314767,0.4778680379647872,0.509363621128327,0.46452353030526405,0.4768094106329401,0.4733488674576688,0.5343300956746334,0.4452752630589087,0.4958053928642164,0.5203880542115837,0.47700460726555377,0.5335742725503894,0.4186814682717069,0.5368157098033258,0.46999962968523684,0.5323026259945766,0.4922518554371895,0.5355083135955394,0.5394346753937548,0.5402933118789897,0.5373200324351219,0.5372363801775566,0.5343660098071863,0.5250684867910513,0.5160978719551063,0.49365378839513996,0.5660947382905733,0.4910835844955511,0.5573560473816226,0.49203534003574434,0.5581727286874345,0.4957753279497458,0.531745776483628,0.5212137165322471,0.48478835978835977,0.4766719501290105,0.5007415424082092,0.48358487025374963,0.45943043884220364,0.5488708655179243,0.29788359788359786,0.4966428995840762,0.6127450980392157,0.5380812324929972,0.5420897741812775,0.5623326253578353,0.5682180564533504,0.5675644616821086,0.42540426027533124,0.6104852551100015,0.4714434927753821,0.537976631389677,0.46265343888719235,0.524813933530972,0.5230887873321419,0.5041121512510686,0.6101567696742245,0.45337255407034677,0.5370146219050327,0.47918707792848164,0.542912129506023,0.43801863097089283,0.4977554252599394,0.5762206655662404,0.4330986497687705,0.5477418386033739,0.4435157518108306,0.5326215366783318,0.44811763112032976,0.5264432242253315,0.44240836671014816,0.5279589498789882,0.45731320030455314,0.5005276297312169,0.4260409689187346,0.5493011667880888,0.44295484760070303,0.5493011667880888,0.4703542305359045,0.52693583506277,0.44946599940149146,0.5318224136258194,0.49380589124161606,0.5162521814843797,0.535354178558513,0.5385165717209062,0.47222256077765873,0.5515621228248385,0.46329391841388773,0.5297590852114417,0.5463841067623543,0.44080219987014835,0.5256693953907579,0.5233798331011956,0.5284471731685356,0.5208275456193323,0.5461772443815787,0.4805261586934909,0.5358088626200082,0.5171040223089808,0.5326682978856893,0.472360846751,0.5297591805600959,0.45219354641588727,0.562516410072801,0.47628230386841347,0.543017111431753,0.49750995269755666,0.5430787968588806,0.4491230876015468,0.5077866768370201,0.5031856452726021,0.5341490739110877,0.5429882193406221,0.5439632336255944,0.5274110583035069,0.5274110583035068,0.5291224248424595,0.4952719548604245,0.4007894736842106,0.5257555788569547,0.4008816914080072,0.5135870416225355,0.322080129097673,0.5025628857931826,0.4947070056092611,0.4855654121803512,0.507334329612852,0.4966744934987543,0.42882825194855256,0.4939548575551003,0.5244002864303615,0.4889565556748693,0.5113498030791263,0.4715816334293835,0.4779448621553884,0.47094620994777275,0.5036804376532729,0.4855957405302086,0.37867692947784487,0.4974562937024852,0.4655678786408838,0.4990375997588921,0.5211669338624831,0.49460304244316505,0.4859466698176377,0.4774767138531091,0.41356275303643714,0.47683301432199476,0.5124167946748592,0.49146543133327053,0.5003562566465792,0.45566430488752235,0.5544566544566544,0.508022897055155,0.48915258576548887,0.4896004831488702,