{"min_species_distances":[-1.0,-1.0,-1.0,-1.0,0.25,0.0,0.125,0.0,0.1,0.09090909090909091,0.0,0.0,0.0,0.0,0.0,0.0,0.0,0.0,0.0,0.0,0.0,0.0,0.0,0.0,0.0,0.0,0.0,0.0,0.0,0.0,0.0,0.0,0.0,0.0,0.0,0.0,0.0,0.0,0.0,0.0,0.125,0.0,0.07142857142857142,0.0,0.0,0.0,0.0,0.0,0.0,0.0,0.0,0.0,0.0,0.0,0.0,0.0,0.0,0.0,0.0,0.0,0.0,0.0,0.0,0.0,0.0,0.0,0.0,0.0,0.0,0.0,0.0,0.0,0.0,0.0,0.0,0.0,0.0,0.0,0.0,0.0,0.0,0.06666666666666667,0.0,0.0,0.0,0.0,0.06666666666666667,0.0,0.0,0.0,0.0,0.0,0.0625,0.0,0.0,0.0,0.0,0.0,0.0,0.0,0.0,0.0,0.0,0.0,0.0,0.0,0.0,0.0,0.0,0.0,0.0,0.0,0.0,0.0,0.0,0.0,0.0,0.0,0.0,0.0,0.0,0.0,0.0,0.0,0.0,0.0,0.0,0.0,0.0,0.0,0.0,0.0,0.0,0.0,0.0,0.0,0.0,0.0,0.0,0.0,0.0,0.0,0.0,0.0,0.0,0.0,0.6086956521739131,0.0,0.0,0.09090909090909091,0.09090909090909091,0.09090909090909091,0.21428571428571427,0.0,0.16666666666666666,0.0,0.21428571428571427,0.0,0.0,0.0,0.0,0.0,0.35294117647058826,0.0,0.0,0.0,0.0625,0.0,0.0,0.0,0.0,0.0,0.041666666666666664,0.0,0.0,0.0,0.0,0.0,0.0,0.0,0.0,0.0,0.0,0.0,0.0,0.0,0.0,0.0,0.26666666666666666,0.0,0.0,0.0,0.0,0.26666666666666666,0.0,0.08333333333333333,0.0,0.0,0.26666666666666666,0.0,0.08333333333333333,0.08333333333333333,0.0,0.0,0.15384615384615385,0.07692307692307693,0.0,0.0,0.05,0.0,0.0,0.0,0.0,0.0,0.0,0.0,0.0,0.0,0.0,0.0,0.0,0.0,0.0,0.0,0.0,0.05263157894736842,0.0,0.0,0.0,0.0,0.0,0.0,0.0,0.0,0.0,0.0,0.0,0.0,0.0,0.0,0.0,0.0,0.0,0.03125,0.0,0.0,0.037037037037037035,0.0,0.0,0.07142857142857142,0.0,0.4782608695652174,0.0,0.4782608695652174,0.0,0.16666666666666666,0.0,0.16666666666666666,0.0,0.0,0.0,0.0,0.0,0.06451612903225806,0.0,0.0,0.4166666666666667,0.0,0.4166666666666667,0.0,0.18518518518518517,0.0,0.2692307692307692,0.0,0.0,0.0,0.05,0.0,0.2962962962962963,0.0,0.09523809523809523,0.0,0.2962962962962963,0.0,0.2962962962962963,0.0,0.2962962962962963,0.0,0.2962962962962963,0.0,0.25806451612903225,0.0,0.0,0.0,0.0,0.0,0.0,0.0,0.0,0.0],"total_num_species":[1,1,1,1,3,13,8,59,16,12,8,23,13,7,34,10,9,18,9,19,7,22,10,9,16,11,4,21,5,16,7,21,9,18,8,10,9,7,7,22,8,23,8,41,10,18,10,10,11,8,17,12,5,15,9,20,8,15,6,20,8,15,8,23,10,10,9,11,8,12,8,8,9,8,22,10,11,9,13,9,14,8,17,9,15,11,7,19,8,16,10,15,7,16,7,18,8,21,8,21,8,28,9,20,10,8,24,9,17,8,20,7,13,8,16,9,19,9,24,9,20,8,18,9,22,8,24,9,12,7,21,9,21,8,19,8,23,9,23,8,29,8,22,10,10,14,2,14,4,6,7,6,6,12,7,27,7,18,8,20,10,19,6,16,7,15,8,12,10,9,18,11,6,21,5,20,5,22,7,11,8,9,9,16,9,14,9,14,9,15,9,13,10,9,14,10,10,10,9,17,10,10,10,10,11,9,25,13,6,19,6,38,8,25,8,20,10,9,23,10,11,6,19,5,16,4,30,6,30,7,28,6,14,7,26,6,21,8,12,7,12,6,13,6,8,8,7,7,19,6,41,5,34,5,41,6,47,6,46,9,71,8,67,9,67,13,5,29,5,25,6,29,6,36,7,26,7,28,6,28,7,28,6,29,6,25,6,36,6,34,7,36,9,28,9,29,12,6,21,6],"avg_species_distances":[-1.0,-1.0,-1.0,-1.0,0.25,0.22156084656084657,0.23660714285714285,0.26803549395601056,0.34208333333333296,0.3627858673313217,0.3147546897546897,0.3619806192928719,0.36590076590076553,0.4183261183261183,0.35807463481260515,0.40794575794575805,0.40312234062234054,0.4193082516611928,0.4067136567136566,0.41212491212491237,0.4574203574203574,0.3747486279953817,0.47771626521626537,0.464914714914715,0.4458794677544679,0.4289331880240971,0.2916666666666667,0.4340986394557819,0.4552521008403361,0.4294986263736263,0.4387755102040815,0.46306535862208115,0.478422619047619,0.45222676048800664,0.1983843537414965,0.4720311714429362,0.5082437782805429,0.5132676147382029,0.5277984270631328,0.404822791587497,0.5204360590390001,0.44343724925979366,0.5074722196570935,0.44879181828390746,0.5038891093999454,0.44914804163574884,0.4976965663240175,0.5035631035631035,0.4890165390165392,0.5341836734693877,0.4659726711197296,0.4859876965140125,0.27263157894736845,0.5134283051952224,0.5282215956558063,0.4274297078729213,0.5118823845327606,0.47421383128150046,0.5252410437859354,0.5141668093733437,0.48210034013605435,0.47087922483433303,0.4487863327149042,0.48708004846510033,0.404824016563147,0.4979400631574544,0.4383718133718133,0.4453031383705401,0.39683624646030663,0.517054522710337,0.5308211003699724,0.5151569399689698,0.5117887310869766,0.5151569399689699,0.4998178556759801,0.5311088833194099,0.5372744533510084,0.5495672293917909,0.5032813340505649,0.5407701866035202,0.4562382672272778,0.5515236747379604,0.4500710890416769,0.54835565668899,0.46570973999545406,0.5187350023713663,0.5664486307343448,0.47874425769162654,0.5453492935635793,0.49273601398601385,0.5330821030821029,0.5313217338217336,0.5282203907203906,0.5288833169754218,0.5311494968357712,0.5198834630905298,0.5077533577533576,0.4992644921216349,0.5659760665399763,0.48808689326546517,0.5239125457875456,0.5004550043297274,0.4177066873758049,0.4998895570373906,0.4995181035377116,0.5374494242141302,0.5011664322778984,0.5699570105820106,0.5444451882060015,0.48529759125872557,0.5066094781265071,0.5316260587047212,0.5075547031740884,0.5768743608554532,0.501700298533206,0.5668767690822839,0.515995609684447,0.5176459395244609,0.5145098910490515,0.47284438588786415,0.49759808206032535,0.4528018278018277,0.5197841164024746,0.5273853673612129,0.45005000228038206,0.5110306783647744,0.4494331539619335,0.4856390842915125,0.5384884011400897,0.48674717095769726,0.5148129841657143,0.5261783869716746,0.503514892035106,0.4251825627969793,0.5177668289020277,0.4697068758853656,0.5024002310966076,0.5409082776232536,0.4449095715465777,0.499751657360353,0.45480223338831605,0.503848003848004,0.5012349383845074,0.45458688428282057,0.5026358593991443,0.42561632729988413,0.6086956521739131,0.42895931559456946,0.5221417069243156,0.5420831503440199,0.5638758182236443,0.5900635540815451,0.590060957977,0.4978979657053299,0.5522641379784238,0.35822744231964093,0.5593609863796198,0.4151364810538321,0.5311846280013981,0.44769975220625613,0.48098586973949287,0.3902738767574772,0.5854028040728808,0.47173108278479153,0.5376995330411479,0.47581425338397715,0.5301619247830884,0.4598156432831507,0.519005110663693,0.5330489207833625,0.4710318088923772,0.4803470139268149,0.5541099399795052,0.472693625301793,0.5429732103645147,0.45641722030304055,0.5209235209235208,0.47227684039391843,0.5645825304210397,0.5032086534458076,0.5567821067821067,0.5183201749293703,0.5471788216041091,0.4415459022140057,0.5331749694537051,0.4843334210668325,0.528027269497324,0.46190915261984833,0.5446607091570794,0.44940810003812337,0.5456884330296307,0.4918833384804347,0.5341107383575623,0.5476346190275412,0.4677696808752233,0.5327771514296015,0.5315820027253784,0.5315820027253784,0.5476026905473366,0.4654324368952615,0.5351262167959082,0.5351262167959082,0.5359765226371397,0.5359765226371397,0.5191710634962573,0.5456946218556125,0.42788475802258263,0.5041096366690103,0.5386363636363636,0.4954806360455336,0.5016347687400319,0.49316980741488403,0.5199747557299046,0.465523609080517,0.5176321485532013,0.4953408823963673,0.5107806580641895,0.5100467321774623,0.47490124589841315,0.5079976448125854,0.5124992274770823,0.3774985851726089,0.4409767572319376,0.43798245614035086,0.45991103859355137,0.5235568760611206,0.4798844521380513,0.3963157894736842,0.4661460156925181,0.5097126257563502,0.4761082203952846,0.44648158858685166,0.49219090325080445,0.4880051339052541,0.46617147116375507,0.24219780219780215,0.46410559694732517,0.4442289030307464,0.5026271920733779,0.48362437001988196,0.49934364636888756,0.5179326984376074,0.4757969203810181,0.5134629769482505,0.4449087203119461,0.49238957045759285,0.5215046057262046,0.5153677351834033,0.4572889653949013,0.5435945727951339,0.41735593962548145,0.5785899792039465,0.44081793172882977,0.5785899792039465,0.42975878676764695,0.535652496332479,0.4618957450017364,0.5353558704518708,0.4504339492504152,0.4636465033612227,0.44571970679352024,0.4521708759675461,0.4397211504793669,0.49812688853665843,0.4547716702557005,0.48334656932570436,0.5593250249875062,0.44636162143208835,0.5593250249875062,0.46297905415034973,0.5156701741721732,0.4397614367500535,0.527878929125181,0.4397833893608116,0.5080967986702619,0.4293908740154036,0.5069192624383778,0.4135860860418183,0.5320574666370519,0.3873659182674079,0.5133469617232199,