{"min_species_distances":[-1.0,-1.0,-1.0,-1.0,0.25,0.0,0.0,0.1,0.1111111111111111,0.0,0.0,0.0,0.09090909090909091,0.0,0.0,0.0,0.0,0.0,0.0,0.0,0.0,0.0,0.0,0.1111111111111111,0.0,0.0,0.0,0.0,0.0,0.0,0.45454545454545453,0.0,0.0,0.0,0.0,0.0,0.1111111111111111,0.0,0.058823529411764705,0.0,0.0,0.0,0.0,0.0,0.0,0.0,0.0,0.0,0.0,0.0,0.0,0.0,0.0,0.0,0.0,0.0,0.0,0.0,0.0,0.0,0.09090909090909091,0.0,0.0,0.0,0.08333333333333333,0.0,0.0,0.0,0.21052631578947367,0.0,0.0,0.0,0.0,0.0,0.2727272727272727,0.0,0.4666666666666667,0.0,0.4666666666666667,0.0,0.07692307692307693,0.0,0.0,0.0,0.0,0.0,0.0,0.09090909090909091,0.0,0.0,0.0,0.0,0.0,0.0,0.0,0.0,0.0,0.0,0.0,0.0,0.0,0.0,0.0,0.0,0.0,0.0,0.0,0.0,0.0,0.0,0.0,0.0,0.04,0.0,0.04,0.0,0.5,0.0,0.5,0.0,0.5,0.0,0.5,0.0,0.26666666666666666,0.0,0.0,0.0,0.0,0.0,0.0,0.0,0.08333333333333333,0.0,0.0,0.0,0.0,0.0,0.35294117647058826,0.0,0.0,0.0,0.05555555555555555,0.0,0.0,0.0,0.0,0.0,0.0,0.0,0.0,0.0,0.0,0.0,0.0,0.0,0.0,0.0,0.0,0.0,0.0,0.2,0.0,0.07692307692307693,0.0,0.0,0.0,0.0,0.3181818181818182,0.043478260869565216,0.0,0.045454545454545456,0.0,0.36363636363636365,0.0,0.0,0.0,0.043478260869565216,0.0,0.043478260869565216,0.0,0.0,0.0,0.375,0.0,0.0,0.0,0.05555555555555555,0.0,0.0,0.0,0.0,0.0,0.0,0.0,0.0,0.0,0.0,0.0,0.0,0.0,0.0,0.0,0.0,0.0,0.0,0.0,0.07142857142857142,0.0,0.0,0.0,0.0,0.0,0.0,0.0,0.0,0.0,0.0,0.0,0.0,0.0,0.0,0.0,0.0,0.0,0.0,0.0,0.0,0.0,0.0,0.0,0.0,0.0,0.0,0.0,0.0,0.0,0.0,0.0,0.0,0.0,0.0,0.0,0.0,0.06666666666666667,0.0,0.4642857142857143,0.0,0.4642857142857143,0.05555555555555555,0.4642857142857143,0.0,0.2857142857142857,0.0,0.16666666666666666,0.0,0.0625,0.0,0.34782608695652173,0.0,0.34782608695652173,0.0,0.16666666666666666,0.0,0.2857142857142857,0.0,0.0,0.0,0.0,0.0,0.0,0.0,0.0,0.0,0.0,0.09523809523809523,0.0,0.0,0.0,0.0,0.04,0.0,0.0,0.0,0.0,0.0,0.04,0.04,0.0,0.4473684210526316,0.0,0.0,0.0,0.0,0.0,0.0,0.0,0.0,0.0,0.0],"total_num_species":[1,1,1,1,2,9,143,35,18,13,7,24,6,33,12,5,19,6,25,4,28,5,23,6,26,7,16,8,23,11,3,15,3,14,3,12,3,14,3,14,5,12,6,13,6,18,5,19,6,12,5,11,6,11,6,10,8,9,7,18,7,38,8,45,8,48,10,12,7,14,8,22,8,39,6,25,5,30,5,29,7,27,8,21,8,19,11,7,16,5,25,8,22,6,16,10,9,12,8,23,11,7,18,9,13,6,13,5,12,6,7,11,7,7,7,16,5,21,5,14,5,21,5,27,6,17,7,33,8,41,7,48,10,9,47,11,7,28,6,13,8,23,10,10,10,10,10,10,11,7,21,9,15,8,16,7,16,7,21,9,13,8,13,9,19,10,9,12,7,9,13,8,16,7,11,8,19,8,15,9,11,10,11,8,22,10,14,6,27,4,22,7,24,6,24,6,28,7,18,7,31,8,26,7,24,8,21,6,26,8,22,8,27,7,20,9,24,6,30,8,28,7,26,9,23,8,26,7,35,9,19,8,12,8,11,7,23,8,15,10,7,8,10,9,7,16,6,18,6,13,6,14,7,18,8,15,8,16,7,19,7,20,8,24,8,21,10,9,21,9,32,10,8,30,10,10,10,10,10,12,9,14,9,19,9,21,10,10,11,6,18,8,21,7,19,10,12,5,30,5],"avg_species_distances":[-1.0,-1.0,-1.0,-1.0,0.25,0.20717592592592582,0.20272876575693477,0.2601087101507273,0.310070829678673,0.32608456358456334,0.3306878306878308,0.3493192797540621,0.33949494949494946,0.3578378481787601,0.38030303030303003,0.35909090909090907,0.3603284305038693,0.33333333333333326,0.35656060606060574,0.3636363636363636,0.3554727165838276,0.3286713286713287,0.35487437463722016,0.42698782698782706,0.34444647660032324,0.39702889702889704,0.38450392200392186,0.4322978608692894,0.38365038562667036,0.3917052644325371,0.5086580086580087,0.4165212565212564,0.38095238095238093,0.3679891537034392,0.38095238095238093,0.439446412173685,0.41798941798941797,0.3988111095253951,0.3627450980392157,0.39070364025115156,0.23823529411764693,0.4375652224582707,0.34364598364598364,0.40465257467519916,0.4056022408963585,0.36437908496732074,0.24509803921568624,0.4432574630201054,0.42183006535947704,0.3781441869677165,0.22857142857142856,0.40680301466679186,0.4235588972431079,0.4323880797565011,0.22010582010582008,0.4367155067155065,0.499504513343799,0.4582782186948853,0.49092970521541934,0.389167863619998,0.44001924001924003,0.4559241424647975,0.4337204462204462,0.4606844163852303,0.4311272061272061,0.4642182583944689,0.44379629629629636,0.46322608368062934,0.5098622624938416,0.46037887551045453,0.48412247474747466,0.47403812808920515,0.4811688311688311,0.49178198063191864,0.5144781144781145,0.4609890686667841,0.5515789473684211,0.4775136344928524,0.5422222222222223,0.4729329801347357,0.4847374847374848,0.47569115302397774,0.49901837928153725,0.44489295117605027,0.48676561533704377,0.45567426215739015,0.48311583020913157,0.43496873496873495,0.43382971317181857,0.5211111111111111,0.4446407991160317,0.48328664799253024,0.4436504012943441,0.5053198653198653,0.4675036075036075,0.4895173961840627,0.47228774085391734,0.49351498431315144,0.44764753727577977,0.4902042360338211,0.49932584891664206,0.48589087809036646,0.45924469358328435,0.4882098981567935,0.445710643355571,0.48728395061728397,0.4509895566054989,0.49376361655773426,0.4820277840311942,0.46362822906940554,0.4727613267529233,0.42953775853775833,0.5464455782312924,0.5391383219954649,0.5389759237028143,0.47710408948779703,0.5960119047619048,0.4673200676669869,0.5977314814814815,0.43471973044728485,0.6023981481481482,0.4644777630277976,0.5977314814814815,0.4800065018269745,0.577716049382716,0.4690569646972444,0.5263007054673721,0.4881010914300148,0.5062830687830687,0.4839211400785329,0.5480651519867206,0.46189028676710664,0.49430948922779006,0.5044292717086837,0.466129500742418,0.46760249554367217,0.5525910364145658,0.3632898547699851,0.5816848220769788,0.46702621277123146,0.5325105042016804,0.38897991899068723,0.5034557390207546,0.5032794404311431,0.48870160149829933,0.5014993183758235,0.4908750907770516,0.48753341232529407,0.4790146563675976,0.5598739495798318,0.48273806803218655,0.5347786140269801,0.49843798177131493,0.5368301360948419,0.48740698299521806,0.5558750436201416,0.41773461925358185,0.5566625640155052,0.4658245380674376,0.541189452341413,0.5137658034397165,0.5486154848412794,0.4824651115055404,0.5336108064049241,0.3889404287655884,0.5230429882390667,0.5307870370370371,0.4565644640363696,0.581711420200264,0.5164853639727968,0.4875302990691712,0.5394092182327477,0.4295415197078487,0.5630954576187842,0.4730980839186628,0.5367491197105801,0.44846484259839514,0.5371240296582037,0.4461659383605643,0.5290937882959886,0.5036151347202986,0.51524054728429,0.502220221440082,0.5536583598956824,0.4696187492305426,0.5254132052306495,0.49685046450922576,0.5367652523662755,0.47880877942484273,0.3235294117647059,0.5050523466288848,0.47944339025932964,0.5064494747972808,0.5048853950182224,0.5096926425226479,0.36644880174291933,0.49108564234942886,0.5637281762985015,0.49227936772525893,0.5047086935132474,0.4932542332860544,0.5562484626467074,0.4345767148466361,0.5297545541514097,0.4915187998276235,0.5489299886621315,0.4879555332006071,0.5544642857142857,0.49957341857951626,0.5106904679597186,0.4845900355490061,0.5407051282051281,0.5076560562220673,0.4723824786324786,0.5148726881382701,0.45039682539682535,0.43931128082443893,0.4656641604010025,0.4911279112543471,0.39115646258503395,0.516552498769247,0.5435477221191507,0.493377206021057,0.49859457671957663,0.4806006122372195,0.512737508796622,0.5047851720479254,0.3304473304473305,0.4990132755614957,0.5178182384064737,0.47426322466334764,0.4999999999999999,0.43039879312606605,0.46938775510204067,0.543402483481431,0.44536937582050357,0.45089120138868033,0.5438924786215426,0.439907733208226,0.5097526097526099,0.5580253723110866,0.548963504320647,0.4986834903350331,0.5532749170907065,0.5769125193937225,0.46407830704745634,0.6028822055137845,0.40725032470616124,0.6012226512226512,0.4516461514333031,0.6012226512226512,0.47324284254845933,0.5823221180364037,0.4857848020940659,0.5583646030074602,0.4766081730478016,0.5653638042030898,0.46003096055727627,0.5824915623052268,0.46728704697041806,0.5824915623052268,0.46869573296659484,0.557876542348592,0.471724233635362,0.5633991204643377,0.48556783272253606,0.5228882468012904,0.5393832214484388,0.47806258699787085,0.5470682140940761,0.4368272324316543,0.5251401852601255,0.5665372166496604,0.4388354086553414,0.5264466417389957,0.5139174845321772,0.527393138187741,0.5264466417389957,0.5264466417389957,