{"min_species_distances":[-1.0,-1.0,-1.0,-1.0,0.0,0.1,0.0,0.09090909090909091,0.09090909090909091,0.1,0.0,0.0,0.0,0.09090909090909091,0.0,0.0,0.0,0.0,0.0,0.0,0.0,0.0,0.0,0.0,0.0,0.0,0.0,0.0,0.0,0.0,0.0,0.0,0.07692307692307693,0.0,0.0,0.0,0.0,0.07142857142857142,0.0,0.0,0.0,0.0,0.11764705882352941,0.0,0.0,0.0,0.0,0.0,0.0,0.0,0.0,0.11764705882352941,0.0,0.0,0.0,0.0,0.0,0.0,0.0,0.0,0.0,0.05263157894736842,0.0,0.0,0.0,0.05555555555555555,0.0,0.0,0.0,0.0,0.0,0.0,0.0,0.0,0.0,0.0,0.0,0.0,0.0,0.0,0.0,0.0,0.0,0.0,0.0,0.0,0.0,0.0,0.0,0.6111111111111112,0.0,0.0,0.0,0.0,0.0,0.1,0.0,0.0,0.07692307692307693,0.0,0.0,0.0,0.0,0.0,0.0,0.0,0.5,0.0,0.5,0.0,0.5,0.0,0.11764705882352941,0.0,0.17647058823529413,0.0,0.0,0.0,0.17647058823529413,0.0,0.08,0.0,0.0,0.0,0.0,0.0,0.0,0.07692307692307693,0.0,0.0,0.0,0.0,0.0,0.0,0.0,0.0,0.0,0.0,0.0,0.0,0.0,0.0,0.0,0.0,0.0,0.0,0.0,0.0,0.0,0.043478260869565216,0.0,0.043478260869565216,0.0,0.0,0.0,0.0,0.0,0.0,0.0,0.0,0.0,0.0,0.0,0.0,0.0,0.0,0.07142857142857142,0.0,0.0,0.0,0.0,0.0,0.0,0.0,0.0,0.0,0.0,0.0,0.0,0.0,0.0,0.0,0.0,0.0,0.058823529411764705,0.047619047619047616,0.15789473684210525,0.0,0.0,0.0,0.045454545454545456,0.0,0.34782608695652173,0.0,0.2608695652173913,0.0,0.2608695652173913,0.0,0.0,0.0,0.0,0.0,0.0,0.0,0.0,0.0,0.0,0.0,0.0,0.0,0.0,0.0,0.0,0.041666666666666664,0.4,0.0,0.0,0.0,0.0,0.0,0.1111111111111111,0.0,0.0,0.0,0.0,0.0,0.0,0.0,0.0,0.0,0.03571428571428571,0.0,0.0,0.0,0.03571428571428571,0.0,0.058823529411764705,0.0,0.37037037037037035,0.0,0.07142857142857142,0.037037037037037035,0.038461538461538464,0.0,0.2962962962962963,0.0,0.2962962962962963,0.0,0.15789473684210525,0.0,0.13043478260869565,0.2962962962962963,0.0,0.2962962962962963,0.0,0.2608695652173913,0.0,0.1,0.0,0.0,0.0,0.0,0.0,0.0,0.125,0.0,0.2857142857142857,0.0,0.2857142857142857,0.0,0.2857142857142857,0.0,0.034482758620689655,0.03571428571428571,0.0,0.05263157894736842,0.0,0.1,0.0,0.0,0.1111111111111111,0.0,0.0,0.0,0.0,0.0,0.41379310344827586,0.058823529411764705,0.0,0.0,0.0,0.0,0.0,0.0,0.058823529411764705,0.0,0.0,0.0,0.2727272727272727,0.0],"total_num_species":[1,1,1,1,4,8,128,31,15,11,9,24,13,6,23,8,20,6,24,9,13,10,9,13,8,15,9,13,10,10,9,13,8,14,8,10,8,9,18,10,10,14,8,30,11,7,19,8,26,10,11,6,15,6,14,6,18,6,25,9,19,7,13,9,24,9,14,7,16,8,16,7,14,7,15,8,21,10,8,18,9,19,10,8,16,8,18,10,12,2,8,9,10,8,8,9,58,11,7,26,7,36,7,38,7,39,6,42,6,37,6,44,9,30,8,38,9,45,9,40,10,11,8,18,9,20,11,7,15,9,15,9,13,9,13,8,22,9,16,8,15,8,19,7,15,7,19,8,16,6,14,9,13,7,17,8,16,9,20,9,16,9,15,9,13,11,6,23,7,23,8,16,6,17,6,18,5,17,7,8,9,9,9,50,10,13,7,20,7,25,8,23,6,27,7,25,7,29,8,22,8,18,8,15,8,24,9,16,7,22,9,25,10,13,6,12,7,11,8,17,7,19,7,18,7,22,8,23,8,18,9,17,9,19,9,14,8,14,7,16,8,9,9,47,8,61,8,69,9,69,11,8,24,8,26,9,20,10,10,10,10,10,10,10,10,10,9,11,9,17,9,29,11,8,18,8,20,9,16,11,7,26,8,30,7,13,7,8,9,18,9,20,9,21,9,27,9,24,8,20],"avg_species_distances":[-1.0,-1.0,-1.0,-1.0,0.2407407407407407,0.23713151927437642,0.22464625781862585,0.27618861425313024,0.3257455507455505,0.3713131313131312,0.35193602693602705,0.36888836807315106,0.3963165040088114,0.4133644133644134,0.4103162976680759,0.28525641025641024,0.39920255183413045,0.407070707070707,0.394011031239292,0.387917637917638,0.4020082481620939,0.40560735560735556,0.3813293188293189,0.38481262327416166,0.4273226773226774,0.3914621886050453,0.4138477263477263,0.4088998608229376,0.42727272727272725,0.3981111481111481,0.4459822584822586,0.3862342785419708,0.42031985871271577,0.43154373099428056,0.46014402264402265,0.4275335775335775,0.4599686028257457,0.4669006919006919,0.4423261469830097,0.4527431827431829,0.47285714285714303,0.4625145916354708,0.4906912765106041,0.4236154554258004,0.4776764590133576,0.47973137973137964,0.4636079592348944,0.40860805860805854,0.44749774921434854,0.4472527472527473,0.45158008658008664,0.48543991955756655,0.4222257107971397,0.46425339366515844,0.3772048464356158,0.44392156862745097,0.42978781172264474,0.45,0.4525235551485553,0.4680555555555556,0.46456453476577353,0.5155597326649959,0.40097027469765034,0.4708145898935373,0.4590343468843272,0.5007506747638328,0.46376913684605986,0.5250095764801647,0.44708726945569044,0.4999291383219954,0.43757055172496373,0.5250544662309368,0.4608363069093516,0.527855586679116,0.495909047379636,0.4770074696545284,0.4678443172140655,0.5071976226387993,0.5291783380018672,0.5008233731515771,0.510185185185185,0.44375547505741475,0.4428300094966762,0.4816859857978279,0.5124463937621833,0.5337301587301586,0.4440603141841532,0.4308641975308643,0.49823042454621425,0.6111111111111112,0.5098162071846282,0.5150259909031839,0.5187914230019491,0.5332393483709271,0.5525793650793649,0.5260804578787036,0.5053992031739978,0.5385641647260122,0.5650815071867704,0.5122561563297346,0.5711066989262479,0.5024893338130221,0.5801321800014183,0.4959507019967095,0.5648115284761247,0.4915854665326586,0.5925132275132275,0.49544318681209765,0.5884781397939293,0.49052184383992053,0.5884781397939293,0.49651257471859067,0.5224365950931605,0.49711384473127695,0.550931636609987,0.4985575853443416,0.5384577320206836,0.5030201610784487,0.5521265650509717,0.5197157982015185,0.5406698692359391,0.5440502504031919,0.5679535147392288,0.49983646480034477,0.5585565052231718,0.4966417198031994,0.5158789896971716,0.5564356278641992,0.4827296724439579,0.5655469838803172,0.4863136523012298,0.5354369194948905,0.48950083732692434,0.5137085137085137,0.45761436631001867,0.533632240775098,0.4493146625840022,0.5428280824114158,0.48163140201183674,0.5496710673729307,0.4559606236873316,0.5482787054215625,0.46463845714417773,0.5591699305985021,0.4606669699061001,0.5591699305985021,0.4669815275269126,0.5273551844980416,0.4590260524499655,0.567663801576845,0.47825756024513805,0.5285947814933322,0.47641038510603734,0.5566289932749561,0.4847213918505478,0.5498122305575721,0.45169835649455176,0.5501546929988961,0.4597286098722024,0.5393702781383941,0.49374392622154767,0.5436494647998272,0.4801426138848498,0.5451375382534803,0.5115336021899568,0.5400113106041963,0.5512215320910973,0.4613167646163003,0.483774250440917,0.5070273238278913,0.468877551020408,0.4996799743466408,0.4497619047619047,0.5057835172802702,0.5159899749373433,0.47038768223838756,0.4415686274509804,0.45734691080570816,0.4377759875880176,0.48115524043625546,0.5060608251397722,0.5070880325814536,0.5296368356159378,0.3831717986596995,0.4929665971951834,0.49069738669196905,0.5474050281381109,0.4468436250485713,0.5357200235019784,0.41842752544726364,0.5086683213675286,0.4101523230395406,0.5790344381019439,0.4318105531792974,0.5543785634433449,0.4701592414334746,0.5543785634433449,0.4700708748254162,0.5049073198437777,0.4574190665945865,0.5233525650280452,0.4209983983086571,0.5242501462827693,0.49418327155476977,0.5247492589713231,0.47343881362721113,0.4983298239204148,0.49378207569577565,0.5464991419215215,0.43944851512605543,0.49714724727671367,0.4779262889639906,0.5044168665511751,0.4572523947051529,0.5771872144214765,0.4811015469452002,0.5467888874493622,0.49239888394750797,0.5156553222033097,0.4701511432704621,0.5477371185936716,0.4602398858073006,0.5467888874493622,0.454236304543069,0.5434935129465572,0.4569547772662515,0.5463350518304079,0.44736580328609243,0.5203082521193976,0.46080758621643736,0.5340184013644627,0.4837307628698086,0.5182172425034484,0.4604687031285263,0.5225594051058446,0.4528407565096572,0.5450311969551244,0.4369193677175168,0.5632021371369741,0.41280420115946437,0.5486771130568123,0.5300808245252688,0.5241821450154781,0.47986312928718106,0.5503693396550539,0.4805703546001118,0.550369339655054,0.47491720306932883,0.5363838890154679,0.47426186810031323,0.5313994122128092,0.550369339655054,0.456017513061979,0.550369339655054,0.44480650975333996,0.5479529595471623,0.4472349914251499,0.5346591751422669,0.5317892056056306,0.5294520080027325,0.5294520080027325,0.5317892056056306,0.5317892056056306,0.5358724814280369,0.5356286815707104,0.5337525519747741,0.5467622945581883,0.5365818641905598,0.5467622945581883,0.4757557843075747,0.5474617203783869,