{"min_species_distances":[-1.0,-1.0,-1.0,-1.0,-1.0,0.0,0.0,0.0,0.1111111111111111,0.1111111111111111,0.0,0.0,0.0,0.0,0.0,0.0,0.0,0.0,0.0,0.0,0.0,0.0,0.0,0.0,0.0,0.0,0.0,0.2857142857142857,0.0,0.07142857142857142,0.2,0.0,0.0,0.0,0.0,0.0,0.0,0.0,0.0,0.0,0.0,0.0,0.0,0.0,0.0,0.0,0.0,0.0,0.0,0.0,0.1111111111111111,0.0,0.0,0.0,0.0,0.0,0.0625,0.0,0.0,0.0,0.0,0.0,0.0,0.0,0.0,0.3125,0.0,0.15384615384615385,0.0,0.0,0.0,0.06666666666666667,0.35294117647058826,0.0,0.0,0.0,0.0,0.0,0.0,0.0,0.0,0.0,0.0,0.0,0.0,0.0,0.0,0.0,0.045454545454545456,0.0,0.0,0.0,0.0,0.0,0.0,0.0,0.0,0.0,0.0,0.0,0.041666666666666664,0.0,0.041666666666666664,0.0,0.26666666666666666,0.0,0.0,0.0,0.0,0.0,0.0,0.0,0.0,0.058823529411764705,0.29411764705882354,0.0,0.0,0.0,0.0,0.0,0.0,0.0,0.0,0.0,0.0,0.0,0.0,0.0,0.0,0.0,0.058823529411764705,0.0,0.07692307692307693,0.0,0.07692307692307693,0.05263157894736842,0.0,0.06666666666666667,0.0,0.0,0.0,0.2727272727272727,0.0,0.2727272727272727,0.0,0.23529411764705882,0.0,0.2727272727272727,0.0,0.0,0.0,0.0,0.0,0.0,0.0,0.0,0.0,0.0,0.0,0.0,0.0,0.0,0.0,0.1,0.0,0.0,0.0,0.0,0.0,0.0,0.0,0.0,0.0,0.0,0.0,0.0,0.0,0.0,0.047619047619047616,0.0,0.0,0.0,0.0,0.0,0.0,0.0,0.0,0.0,0.0,0.0,0.047619047619047616,0.0,0.0,0.0,0.0,0.0,0.047619047619047616,0.0,0.047619047619047616,0.0,0.0,0.0,0.16666666666666666,0.0,0.0,0.42857142857142855,0.0,0.42857142857142855,0.0,0.42857142857142855,0.0,0.43478260869565216,0.0,0.43478260869565216,0.0,0.43478260869565216,0.0,0.43478260869565216,0.0,0.20689655172413793,0.0,0.0,0.13043478260869565,0.0,0.0,0.0,0.07142857142857142,0.0,0.0,0.0,0.07142857142857142,0.0,0.07142857142857142,0.0,0.3157894736842105,0.0,0.3157894736842105,0.0,0.3157894736842105,0.0,0.2222222222222222,0.0,0.06666666666666667,0.1875,0.0,0.07142857142857142,0.0,0.3157894736842105,0.0,0.3157894736842105,0.0,0.3157894736842105,0.0,0.2222222222222222,0.0,0.13333333333333333,0.13333333333333333,0.05,0.0,0.05,0.39285714285714285,0.0,0.0,0.0,0.0,0.0,0.38095238095238093,0.0,0.0,0.0,0.0,0.0,0.39285714285714285,0.0,0.0,0.0,0.0,0.0,0.0,0.0,0.0,0.0,0.0,0.0,0.0,0.03571428571428571,0.0,0.0,0.0,0.0,0.0,0.0,0.045454545454545456,0.0,0.0,0.46153846153846156,0.0,0.17647058823529413,0.0,0.0],"total_num_species":[1,1,1,1,1,3,48,23,16,11,9,24,11,9,14,8,27,10,9,15,9,9,13,9,15,9,25,7,17,10,9,15,10,12,8,25,9,19,10,10,10,13,6,25,8,21,8,20,7,14,6,18,8,14,7,9,8,11,7,8,25,7,37,8,32,6,45,7,47,9,60,13,7,23,9,31,10,11,7,20,8,23,9,23,8,29,10,11,7,15,7,11,7,11,7,13,8,12,5,10,6,6,6,15,6,10,12,7,21,8,18,9,28,11,8,16,8,16,9,14,9,17,9,15,10,10,10,11,7,16,6,14,5,10,7,7,21,9,16,8,14,7,12,7,12,8,14,8,23,9,19,10,10,12,8,21,9,19,8,24,9,24,10,10,10,10,10,14,6,25,6,15,7,29,8,13,7,17,8,16,7,11,7,13,7,14,6,15,7,12,7,15,8,10,9,8,8,32,9,60,9,75,9,65,12,7,29,7,29,7,35,7,35,7,38,7,29,7,26,8,25,10,9,22,9,20,9,17,9,24,9,28,9,23,8,20,8,25,8,26,9,25,10,9,27,9,30,8,33,8,26,8,22,9,24,10,10,10,10,11,7,19,8,15,8,12,8,12,9,11,10,11,6,28,8,25,8,24,11,8,19,7,15,6,16,4,13,5,15,6,9,8,6,6,31,5,38,6,47,7],"avg_species_distances":[-1.0,-1.0,-1.0,-1.0,-1.0,0.09523809523809523,0.09167616514691043,0.1991106719367592,0.2776620370370368,0.3240404040404042,0.3540404040404042,0.361588713219148,0.38694214876033045,0.38615319865319864,0.41737706737706703,0.3939393939393939,0.3875507208840544,0.40603470603470593,0.3768065268065268,0.42417233560090745,0.4309107559107559,0.4219336219336219,0.4148885302731455,0.42492553742553746,0.4161882561882557,0.4363733488733489,0.4029377844377842,0.4856762285333714,0.42520290167348973,0.45353535353535346,0.4634231509231509,0.4461423497137782,0.4627590002590002,0.4579284982694073,0.42191558441558447,0.44766670910788575,0.46337331649831653,0.40288726867674246,0.4452525252525254,0.4658008658008658,0.461895141895142,0.44627594627594647,0.5117171717171717,0.4464517704517697,0.35919343814080656,0.4667091972355124,0.523695602642971,0.4561648739072554,0.4895094880057286,0.4347105660870844,0.54926489202805,0.47380715975917165,0.4663802363050483,0.404703511737925,0.49040458288578587,0.5101620601620601,0.5231631229046642,0.4811024766583452,0.5500551048538665,0.5318482416890201,0.4893122774628187,0.49824025303901465,0.4790080668112141,0.5079947529250934,0.48024900858155134,0.5754756543765833,0.4750877072356566,0.541625943715727,0.4654789823795053,0.5101044305281922,0.4608192926206638,0.4810056937959416,0.5465158551458861,0.43305839651808753,0.5230566342698695,0.4309417014735106,0.5193895873075441,0.5094981965527985,0.5564074114494282,0.4751731484165897,0.5434741659821822,0.42206223970761597,0.5461309523809522,0.4666664256676992,0.5522446303696303,0.46606139105090594,0.5092746759413425,0.5270566554657465,0.5242526303450672,0.5146968562432575,0.4953416149068323,0.4915503852756819,0.5551242236024845,0.5204826396961948,0.49451345755693576,0.5217670756353621,0.518859989648033,0.4768249416587015,0.46141304347826084,0.524925073411007,0.5945048309178743,0.5928140096618357,0.5957125603864735,0.41316775874229295,0.6030434782608695,0.48280909911344694,0.4910287462346959,0.5731386757601591,0.4286350482221874,0.5451189715016441,0.43041905014787546,0.506867185279909,0.4256772663440041,0.4740213516236534,0.5517788637194008,0.4113268447475605,0.5399349957374254,0.4154657099554796,0.5223850683590668,0.4530130280123547,0.5189645869789563,0.4172299777257891,0.5189156650031824,0.4437945391929779,0.5213386877252807,0.5224420115363716,0.5230056186217177,0.5001811398096229,0.5506446168210873,0.47232296821112596,0.5928355957767723,0.4327724186321473,0.5806749622926095,0.5294553376906319,0.5776209629150805,0.5536733361810761,0.47155192789093864,0.5394900557245756,0.46913652989310894,0.5324886027285406,0.5057196336250873,0.575086592114456,0.4943709769033441,0.5704456219162102,0.4843938184513054,0.554431271343036,0.4439685503033924,0.5553941564970977,0.3720486932530643,0.5411781845605376,0.5168069594282185,0.5312200689651672,0.5397980943242755,0.5037738193922293,0.5230447442134748,0.46381495353690905,0.5118827160493827,0.4490454655487335,0.49775408701492285,0.46363511490898013,0.5211964415395787,0.43481621527791936,0.500103399384445,0.5025680395615036,0.5105234731378523,0.5247293540843592,0.5186128282017515,0.4654157238080282,0.5577342047930284,0.4436811027618561,0.5762852119405266,0.4492240874375623,0.5468907563025208,0.44374906042271794,0.5341680180844267,0.5007047972769969,0.5689415847310583,0.47774702593588075,0.5487127158555729,0.4500501877914162,0.5713984799197831,0.5214771583192634,0.5734034924511114,0.5028852692443232,0.5734034924511114,0.4868263821671099,0.5867996201329535,0.4639520639564867,0.5583522297808011,0.5160229309352116,0.5601662887377172,0.4661093617233971,0.5608262108262106,0.542839958395514,0.561039320761543,0.5663628699342984,0.5502767526263765,0.48157603019634265,0.5354153556607153,0.5041195042948651,0.5239388535441167,0.5006046729031545,0.5332069606383105,0.49270869640848786,0.4936033915868013,0.5812419646025399,0.3958932608885406,0.5812419646025399,0.4008265551357635,0.5812419646025399,0.40410844451419886,0.5852841611913203,0.391517819033914,0.5852841611913203,0.40012847703135107,0.5852841611913203,0.4314977967195567,0.5809287512458483,0.4426144885694776,0.5610736939785761,0.46434535245244635,0.5299344086148055,0.5399503577897933,0.48245965004888025,0.5414770996864818,0.42446862936734037,0.544529602738985,0.44513196679033246,0.5414770996864819,0.40283687719216543,0.545586366024009,0.41388766282168216,0.5455863660240089,0.434029111416302,0.5559435932924,0.44868869654573607,0.5559435932924,0.44871980279184565,0.5559435932924,0.4348967938857449,0.5303508158437601,0.44736436216040054,0.5178220216092069,0.5355409641951403,0.4396704310443086,0.5391232866633325,0.44533289298092504,0.5493112933432481,0.4331686715662245,0.5493112933432481,0.4347490174450131,0.5484818846566966,0.47222697810864483,0.5348691797156709,0.4559637717204404,0.5238880534670008,0.5239598997493733,0.5156375768481032,0.5137411691622218,0.5017009481746324,0.5613840920983778,0.45563647209692165,0.5475098116169543,0.467485490282483,0.5434706959706957,0.4607610810242389,