{"min_species_distances":[-1.0,-1.0,-1.0,-1.0,-1.0,0.0,0.1111111111111111,0.0,0.125,0.1111111111111111,0.0,0.09090909090909091,0.0,0.0,0.0,0.0,0.0,0.0,0.0,0.0,0.0,0.0,0.0,0.0,0.0,0.0,0.0,0.07692307692307693,0.0,0.0,0.0,0.0,0.0,0.0,0.0,0.07142857142857142,0.0,0.0,0.0,0.07692307692307693,0.0,0.0,0.0,0.0,0.0,0.0,0.0,0.2,0.0,0.47058823529411764,0.0,0.2727272727272727,0.0,0.058823529411764705,0.0,0.1111111111111111,0.0,0.1111111111111111,0.0,0.2727272727272727,0.0,0.07142857142857142,0.0,0.0,0.0,0.0,0.0,0.15789473684210525,0.0,0.0,0.0,0.0,0.0,0.0,0.0,0.13636363636363635,0.0,0.0,0.0,0.0,0.0,0.5,0.0,0.05555555555555555,0.0,0.25,0.0,0.21052631578947367,0.0,0.25,0.0,0.5263157894736842,0.0,0.058823529411764705,0.0,0.0,0.0,0.0,0.0,0.0,0.0,0.0,0.0,0.0,0.0,0.0,0.23809523809523808,0.0,0.23809523809523808,0.0,0.23809523809523808,0.0,0.23809523809523808,0.0,0.23809523809523808,0.0,0.23809523809523808,0.0,0.2777777777777778,0.0,0.23809523809523808,0.0,0.2777777777777778,0.0,0.2727272727272727,0.0,0.23809523809523808,0.0,0.2777777777777778,0.0,0.2727272727272727,0.0,0.30434782608695654,0.0,0.5,0.0,0.5,0.0,0.5,0.0,0.5,0.0,0.36363636363636365,0.0,0.0,0.0,0.0,0.0,0.0,0.0,0.0,0.0,0.11764705882352941,0.0,0.16666666666666666,0.0,0.391304347826087,0.0,0.0,0.047619047619047616,0.0,0.0,0.0,0.0,0.0,0.2916666666666667,0.0,0.2857142857142857,0.0,0.0,0.0,0.0,0.0,0.0,0.0,0.0,0.0,0.0,0.0,0.0,0.0,0.0,0.0,0.0,0.0,0.0,0.0,0.35714285714285715,0.0,0.0,0.0,0.0,0.0,0.0,0.0,0.058823529411764705,0.0,0.047619047619047616,0.0,0.0,0.0,0.0,0.0,0.0,0.0,0.0,0.0,0.0,0.041666666666666664,0.0,0.05,0.0,0.0,0.0,0.4782608695652174,0.0,0.0,0.0,0.0,0.0,0.0,0.0,0.5172413793103449,0.0,0.0,0.0,0.0,0.0,0.0,0.0,0.0,0.0,0.03333333333333333,0.0,0.0,0.0,0.0,0.0,0.0,0.0,0.0,0.0,0.0,0.0,0.0,0.0,0.0,0.0,0.04,0.0,0.0,0.0,0.0,0.0,0.0,0.0,0.0,0.0,0.0,0.0,0.0,0.03571428571428571,0.0,0.0,0.0,0.0,0.0,0.0,0.0,0.0,0.0,0.0,0.0,0.0,0.0,0.0,0.0,0.0,0.0,0.0,0.0,0.0,0.0,0.0,0.0,0.16666666666666666,0.0,0.08333333333333333,0.0,0.0,0.0,0.0,0.0,0.06896551724137931,0.0,0.03225806451612903,0.0,0.0,0.0,0.047619047619047616],"total_num_species":[1,1,1,1,1,12,6,51,11,10,17,7,23,9,24,10,12,7,30,8,29,8,12,6,17,7,21,6,25,10,12,4,14,5,17,5,15,6,13,5,10,7,7,6,12,5,13,5,21,4,32,5,24,6,15,6,13,8,13,5,17,7,25,6,20,7,31,6,29,8,25,8,34,8,34,8,34,10,12,10,13,4,18,6,19,6,20,6,16,5,13,4,24,6,10,9,8,18,9,18,10,9,19,11,7,17,7,13,7,18,6,21,6,20,7,21,7,20,6,18,7,21,6,20,6,23,6,27,6,22,6,22,6,30,5,20,5,18,5,14,5,24,6,20,7,18,7,18,7,15,7,13,7,14,7,11,6,8,13,7,18,8,13,8,17,7,16,8,12,9,17,9,34,9,33,10,14,7,20,8,25,9,25,8,25,10,14,6,21,7,12,7,18,7,14,6,11,6,19,7,14,11,4,18,4,22,3,13,3,18,4,15,4,11,3,21,5,13,4,17,3,16,3,14,4,21,3,14,4,13,4,14,5,12,5,14,6,8,8,7,7,15,8,30,7,40,6,43,6,48,7,62,9,60,9,67,8,70,11,5,20,7,23,6,24,6,22,6,18,7,18,7,22,8,19,8,14,10,8,8,25,8,31,9,46,7,56,9,62,10,11,7,23,8,15,7,17,8,27,9],"avg_species_distances":[-1.0,-1.0,-1.0,-1.0,-1.0,0.14799783549783552,0.26203703703703707,0.2320510426392785,0.30328282828282843,0.3143995510662178,0.30119578134284003,0.3617604617604617,0.32400886333692624,0.39822029822029814,0.3494912897086816,0.3863828763828763,0.39200218972946227,0.4494077351220208,0.3720945912325235,0.36444805194805197,0.3784504288814641,0.4413419913419912,0.40831037649219476,0.41535353535353525,0.3685049019607842,0.3565656565656565,0.3978776778776777,0.42843822843822843,0.43353651903651874,0.4630309505309505,0.4298524707615618,0.29230769230769227,0.3835023950408567,0.46696428571428567,0.42775763020140206,0.10879120879120877,0.393256918151877,0.44917582417582413,0.4372840112376314,0.5219780219780219,0.42703458306399494,0.463860544217687,0.46938775510204084,0.4991479925303454,0.4356150793650794,0.509920634920635,0.4154095646355708,0.5293487394957983,0.4245615088140525,0.5312908496732026,0.41208555118425366,0.5324108734402853,0.4049540460481612,0.4790047534165181,0.4354372038670545,0.4962522496921474,0.41223494642612296,0.4902709189736501,0.3870010808478298,0.5244800950683303,0.38748605262303837,0.49955941972748696,0.37769147476190845,0.49364230540701126,0.4261104488770699,0.48418685656080607,0.39181495461812677,0.5020745379491509,0.3872663983373697,0.4745347002437338,0.411718365841819,0.4218988731856378,0.4509230720696599,0.4778587571392192,0.4671860099605505,0.4972665202444615,0.4502550609615494,0.48130757176164807,0.48228431342915123,0.432283800459755,0.4405901030146882,0.5392837690631808,0.45448317075677036,0.5020718116306351,0.41274529533858234,0.5269955589073235,0.39018805298950393,0.48312980162825353,0.4366062962521946,0.521172600619195,0.44794469701441597,0.551954334365325,0.412242187021627,0.4956884575692625,0.47053531614075117,0.4327507278089923,0.46738009475045084,0.42415265894747484,0.4822340323393814,0.4384924514906806,0.4939683382463926,0.506758475102138,0.4180607765357328,0.48851945239501476,0.5038767614325425,0.4272233612732119,0.5186073471534207,0.45684015949277085,0.5236155573340446,0.42671834414306997,0.5307804232804233,0.43347993138267255,0.5374470899470899,0.4215026004179019,0.5211557920659303,0.41770209608986464,0.5211557920659303,0.4190611225713432,0.5385274790919952,0.43867126790390004,0.5211557920659304,0.4106470933457802,0.5385274790919952,0.4142854934602648,0.5477104377104377,0.46839350732620055,0.5464748677248678,0.4388814775923853,0.542962962962963,0.44169277234988613,0.5528240740740741,0.4126848327864701,0.5586211755233494,0.4490205961232942,0.5698611111111112,0.41237593984962456,0.5714144736842105,0.39663348991909364,0.5714144736842105,0.39906503897105394,0.5714144736842105,0.41497931567225027,0.5436323763955343,0.42554529265748137,0.5212890179995442,0.42146154268748176,0.513173558897243,0.42536843048940925,0.5269355453852022,0.3989719705578648,0.5299430641821946,0.44633965068747655,0.5281923639020826,0.4062586773839969,0.5319271911663216,0.4777042160737814,0.5525,0.5147321428571429,0.45721991188953437,0.5245446366952577,0.423275744953461,0.5113839285714286,0.4565205778520993,0.5113839285714286,0.39876192126971965,0.5360119047619047,0.3861617735862462,0.5180983806566105,0.44332432128438853,0.49564503732982,0.47158269141596754,0.49456796223100574,0.44766600685889585,0.5085349418093984,0.42883440370631526,0.5002261015956669,0.42529919356006307,0.5048960097873141,0.42955654614264405,0.4565913865546217,0.40421644707949056,0.4907687381056946,0.4209414798381651,0.4565257352941176,0.4203429364741064,0.4779924765250853,0.4409270982640548,0.5605681818181818,0.39725865961228624,0.501948051948052,0.49424769309637745,0.520928826075885,0.41713449290936283,0.49150432900432894,0.4020488283646179,0.5228698752228164,0.43017865824015583,0.5284019820049232,0.41252645688791206,0.5220735147205735,0.4700135158958691,0.49225071661656183,0.23913043478260873,0.4039693075956195,0.4375,0.41877161012759406,0.0,0.39991516287502926,0.33997584541062803,0.38811191674968826,0.4576086956521739,0.38250876108018983,0.44565217391304346,0.4268880768091689,0.5289855072463768,0.39175839569392795,0.39820089955022486,0.4153587318544315,0.25,0.38978580562659865,0.31884057971014496,0.3709607993622239,0.5381400208986417,0.3852964876203258,0.4519331243469174,0.3589099891921702,0.0,0.40363296302469587,0.4585207396301849,0.40703526441907273,0.44268774703557306,0.4174545594335703,0.45426559447548953,0.37014991815387077,0.3761363636363636,0.39080020429345763,0.4188142292490118,0.4252893845285149,0.46311626654205357,0.45470606687997983,0.45470606687997983,0.4216950682168076,0.4322795501599848,0.3964428204194846,0.41881880024737167,0.41680399591424583,0.4572828282828283,0.41270413003256795,0.4555858585858586,0.41154573071963374,0.42191354539180626,0.414099121491009,0.4300382744827188,0.40399114711820594,0.44662022648133753,0.4112554411691388,0.4568002103716389,0.40956478670066093,0.44124538739201496,0.5029977191267514,0.40148610310474386,0.4399423612173227,0.4130613963739268,0.4665394342813696,0.4049386860256629,0.47808301779380763,0.39071840405453084,0.44861052925569056,0.37793968137082484,0.43717956390767443,0.37626736340630546,0.42944407794240935,