{"min_species_distances":[-1.0,-1.0,-1.0,-1.0,0.14285714285714285,0.0,0.1111111111111111,0.0,0.1,0.0,0.0,0.0,0.0,0.0,0.0,0.0,0.0,0.3,0.0,0.0,0.0,0.0,0.0,0.0,0.0,0.0,0.0,0.0,0.0,0.06666666666666667,0.0,0.0,0.0,0.0,0.0,0.0,0.0,0.0,0.0,0.14285714285714285,0.0,0.0,0.0,0.14285714285714285,0.0,0.0,0.0,0.05555555555555555,0.0,0.05555555555555555,0.0,0.0,0.0,0.0,0.0,0.05555555555555555,0.1,0.0,0.0,0.0,0.0,0.0,0.0,0.0,0.0,0.0,0.0,0.05263157894736842,0.0,0.0,0.0,0.0,0.0,0.058823529411764705,0.0,0.0,0.0,0.0,0.0,0.0,0.0,0.06666666666666667,0.0,0.0,0.0,0.0,0.0,0.0,0.0,0.0,0.0,0.0,0.0,0.09090909090909091,0.0,0.0,0.0,0.0,0.0,0.0,0.0,0.0,0.0,0.0,0.0,0.0,0.0,0.0,0.0,0.043478260869565216,0.0,0.0,0.3181818181818182,0.0,0.0,0.0,0.058823529411764705,0.0,0.0,0.0,0.0,0.0,0.0,0.0,0.1875,0.0,0.041666666666666664,0.0,0.0,0.0,0.0,0.0,0.0,0.08333333333333333,0.0,0.0,0.0,0.08,0.0,0.0,0.0,0.08333333333333333,0.0,0.2857142857142857,0.0,0.0,0.30434782608695654,0.0,0.0,0.0,0.0,0.045454545454545456,0.0,0.0,0.0,0.0,0.0,0.0,0.0,0.0,0.0,0.0,0.0,0.0,0.0,0.0,0.0,0.0,0.04,0.0,0.0,0.0,0.0,0.0,0.0,0.0,0.0,0.0,0.0,0.0,0.0,0.0,0.0,0.0,0.0,0.0,0.0,0.0,0.0,0.0,0.0,0.0,0.0,0.0,0.0,0.0,0.0,0.0,0.04,0.0,0.0,0.0,0.0,0.0,0.0,0.0,0.0,0.0,0.0,0.0,0.0,0.0,0.0,0.0,0.0,0.0,0.19047619047619047,0.0,0.0,0.0,0.0,0.0,0.0,0.0,0.0,0.0,0.0,0.0,0.0,0.0,0.0,0.0,0.06666666666666667,0.06666666666666667,0.0,0.0,0.2631578947368421,0.0,0.2631578947368421,0.0,0.10526315789473684,0.0,0.15,0.0,0.0,0.0,0.0,0.3333333333333333,0.0,0.08333333333333333,0.038461538461538464,0.08333333333333333,0.08333333333333333,0.0,0.0,0.0,0.0,0.0,0.0,0.0,0.0,0.0,0.0,0.0,0.0,0.0,0.03125,0.0,0.0,0.0,0.0,0.0,0.0,0.0,0.0,0.0,0.0,0.0,0.0,0.0,0.0,0.0,0.0,0.0,0.14285714285714285,0.0,0.0625,0.0,0.043478260869565216,0.2777777777777778,0.0,0.0,0.0,0.0,0.0,0.05,0.047619047619047616,0.0,0.0,0.0],"total_num_species":[1,1,1,1,2,12,8,79,16,12,9,31,10,9,51,9,36,7,34,10,14,9,21,7,26,8,24,8,34,10,8,21,9,27,11,6,17,7,21,5,18,6,17,6,11,7,12,5,13,6,8,7,9,15,10,12,8,16,12,8,18,8,17,8,23,10,12,6,29,6,19,5,21,5,14,6,9,9,13,9,11,9,9,15,9,35,9,34,13,9,26,10,11,7,29,10,10,11,5,24,7,10,9,16,8,21,8,13,9,8,8,19,6,24,7,21,8,18,8,20,9,15,10,14,7,16,9,12,9,11,9,14,10,9,18,9,13,8,10,9,18,8,17,9,20,11,8,18,9,20,12,8,18,8,21,8,21,6,17,7,15,7,20,9,10,9,10,11,11,7,24,9,22,9,21,9,18,10,12,5,28,6,19,5,27,6,18,5,16,4,23,5,9,7,7,7,41,10,10,12,9,25,7,27,9,28,9,38,11,8,12,10,10,9,9,22,9,30,11,8,17,7,15,9,11,10,10,10,10,9,10,10,10,10,10,10,9,15,10,11,9,21,9,20,9,26,10,9,16,10,10,11,7,29,9,39,9,26,10,14,6,25,6,30,8,12,8,20,5,14,7,12,6,13,7,16,6,7,5,5,5,47,6,63,6,78,9,97,11,6,26,7,31,9,40,12,7,13,7,19],"avg_species_distances":[-1.0,-1.0,-1.0,-1.0,0.14285714285714285,0.18398268398268403,0.2678571428571428,0.2568753445335743,0.323872354497354,0.350459136822773,0.38122294372294374,0.35774519387422754,0.38525252525252535,0.3934343434343436,0.3615085698615144,0.3909090909090911,0.350033326461901,0.40216450216450206,0.38561937171563004,0.43690235690235696,0.39194377051519874,0.40555555555555545,0.3806811442525726,0.4567511853226138,0.37061005661005564,0.3793349507635221,0.434153286327199,0.4009948384948384,0.4339737409492059,0.4636792836792839,0.44489795918367336,0.44973922902494323,0.47111004463945627,0.3972119404811711,0.44688311688311694,0.47843137254901963,0.4544036251378382,0.4295949148890325,0.45411161045614823,0.4969654528478058,0.46841070683342917,0.4848739495798319,0.41674528974485747,0.42202380952380947,0.4756493506493509,0.4498799519807923,0.45430760688113647,0.4397058823529411,0.4380072541837252,0.5169967402165544,0.5002100840336133,0.5295518207282912,0.4925316422865442,0.47380956422973236,0.491256637335069,0.45465933848286805,0.5007093053145685,0.4405539562776408,0.4706691943534051,0.47834467120181395,0.4372361384745288,0.5113721804511278,0.4382522147615025,0.4988304093567251,0.4452871758987841,0.5208014986962355,0.5017902883931592,0.5114035087719297,0.44628591042092614,0.5327840434419382,0.4709435318622761,0.39649122807017545,0.4484811091041748,0.4628095975232197,0.4732507732762898,0.4634613179504821,0.4230607522661187,0.51727925974572,0.47122752504391,0.5050211498740912,0.48426151405018,0.4970968021075708,0.5170014041104811,0.4698518458766903,0.5030635896577926,0.39143914786954576,0.4976391764435244,0.4139333647159249,0.49822025800286696,0.5063497291758163,0.4280768250701358,0.49723027375201306,0.5040376092945263,0.5399146746972835,0.45990225624783365,0.49896185296185297,0.5166984126984128,0.5087167781713237,0.519120879120879,0.46146903164637687,0.501077097505669,0.4971730985064319,0.5000747790221475,0.37255313765182196,0.4881231925968768,0.42971580299399925,0.512539702860069,0.43110548191103093,0.5041007853133758,0.5036207956802923,0.5069364115416747,0.3307707407600133,0.5610734879155932,0.3921019989779249,0.5198865462023358,0.38312228011476174,0.5057317921647865,0.4236153958032181,0.5002988865770821,0.40159581334422473,0.49602511280142864,0.4313321202606918,0.4887002056338439,0.4339698934438295,0.5333311330164877,0.4603550172335929,0.49615565937791345,0.4554731812116879,0.5125641293404454,0.4877597173415771,0.5262943781012049,0.4692882039878664,0.4930837560890954,0.5288196306264575,0.43322945025507104,0.5170916429249764,0.4704529919966309,0.5259658457484544,0.49497529125675566,0.5046871405567057,0.4196358723212943,0.5234180071136594,0.44517973737922634,0.5347796549487369,0.3938706221314927,0.5037702130982762,0.5490785669357099,0.468439938231072,0.5104766292930544,0.4393990963718384,0.49135517473791523,0.5213908230449584,0.47077227388007786,0.5452222741567827,0.47080071664548184,0.4459221466364322,0.47166959243636825,0.5445714285714286,0.44933291396432673,0.5372056514913657,0.47340567338046335,0.5519047619047618,0.436269716523587,0.5340440994461463,0.5182056066091154,0.5374452334540054,0.5264958693028868,0.5101607807397281,0.5139374952532847,0.5196157059314954,0.47090708663458475,0.4796260683760684,0.4543395979365998,0.48369930994930993,0.46181430724663786,0.4905658898714455,0.48005408935603017,0.5372629379924064,0.5060558402949709,0.5423280423280423,0.4810564225965652,0.49867724867724866,0.49332253436499546,0.5382792730618817,0.49877407997885864,0.4796290930165169,0.455122219469164,0.5561335403726708,0.5092074246759407,0.5029761904761904,0.4458178053830228,0.425,0.5254984176104868,0.5433106575963719,0.5476757369614512,0.5433106575963719,0.4835740234792159,0.5308835978835978,0.5076483037659508,0.45073944573944597,0.4953174603174605,0.3161988196988198,0.5654468283039711,0.40892835554851664,0.5212271461291068,0.4313734001039487,0.5096576308586112,0.40051159680679344,0.48779292333626695,0.5334520474856608,0.47518324144227125,0.5008340604597915,0.5044112132182309,0.5268315851356788,0.5341103530431016,0.44118401607565755,0.5301435849311666,0.4346765844778023,0.5045275441568348,0.55972997499395,0.39691450493240765,0.5631351671103223,0.45860948437345955,0.5464902495912727,0.5191514245655142,0.5232972449349556,0.5242824666098324,0.5259527643585615,0.5246623751616256,0.5460483565406838,0.5491024121827729,0.5427924348307933,0.5465223765580476,0.5465752866109577,0.5507692946489555,0.5482623686247882,0.5598139096332222,0.47278540768999666,0.5472531168278296,0.5391255882653344,0.5405823266659624,0.45474315955460565,0.5407139056133309,0.4480367885078692,0.5519572158365262,0.4659486481064573,0.5359020251778873,0.5481396249432086,0.504970376626149,0.5370017402776024,0.5260214550523082,0.5192084352429183,0.5740031998652688,0.4350324988294909,0.53142347222807,0.4707561864086392,0.5390577940577941,0.4648804509961011,0.5096866096866098,0.5168216753115723,0.5570451770451771,0.4698323862517422,0.5137476860057505,0.5005015635568109,0.4511890226175939,0.476822039648764,0.4482501239053657,0.4683671269792739,0.27179487179487183,0.5174646498977411,0.5486648933077505,0.41060725539892184,0.47646011396011395,0.4745159725127675,0.5359822276488942,0.3976147560001727,0.47583333333333333,0.48939041031432334,0.5622159090909091,0.5622159090909091,0.5622159090909091,0.4735561708853431,0.5058333333333334,