{"min_species_distances":[-1.0,-1.0,-1.0,-1.0,0.0,0.0,0.0,0.0,0.1111111111111111,0.1,0.09090909090909091,0.0,0.15384615384615385,0.0,0.0,0.0,0.0,0.0,0.0,0.0,0.0,0.0,0.0,0.0,0.0,0.0,0.0,0.0,0.0,0.0,0.0625,0.0,0.0,0.0,0.0,0.0,0.0,0.0,0.0,0.0,0.0,0.0,0.0,0.0,0.0,0.0,0.0,0.0,0.0,0.0,0.0,0.0,0.0,0.0,0.0,0.0,0.0,0.1,0.0,0.0,0.0,0.0,0.3684210526315789,0.0,0.0,0.0,0.0,0.0,0.0,0.0,0.0,0.0,0.05,0.0,0.0,0.0,0.0,0.0,0.0,0.0,0.0,0.0,0.0,0.0,0.0,0.0,0.0,0.047619047619047616,0.047619047619047616,0.0,0.0,0.0,0.0,0.0,0.0,0.0,0.0,0.0,0.0,0.0,0.0,0.0,0.0,0.0,0.0,0.0,0.0,0.0,0.043478260869565216,0.0,0.0,0.0,0.07142857142857142,0.0,0.0,0.0,0.0,0.0,0.0,0.0,0.0,0.0,0.0,0.05263157894736842,0.0,0.0,0.0,0.0,0.0,0.4583333333333333,0.0,0.4583333333333333,0.0,0.4583333333333333,0.0,0.2631578947368421,0.0,0.0,0.0,0.0,0.0,0.0,0.0,0.1,0.0,0.06666666666666667,0.0,0.05555555555555555,0.0,0.0,0.06666666666666667,0.0,0.0,0.0,0.36,0.0,0.10526315789473684,0.0,0.0,0.0,0.0,0.0,0.0,0.0,0.0,0.0,0.0,0.0,0.0,0.0,0.0,0.0,0.0,0.0,0.0,0.0,0.0,0.38461538461538464,0.0,0.0,0.0,0.05263157894736842,0.0,0.05263157894736842,0.05263157894736842,0.0,0.05263157894736842,0.0,0.0,0.0,0.0,0.0,0.07142857142857142,0.0,0.4782608695652174,0.0,0.0,0.0,0.0,0.08,0.0,0.0,0.0,0.0,0.0,0.0,0.0,0.0,0.0,0.0,0.0,0.06666666666666667,0.0,0.0,0.0,0.0,0.0,0.0,0.0,0.0,0.2222222222222222,0.0,0.0,0.0,0.21052631578947367,0.0,0.0,0.0,0.15789473684210525,0.0,0.16666666666666666,0.0,0.06666666666666667,0.125,0.0,0.05,0.0,0.0,0.0,0.05263157894736842,0.0,0.0,0.0,0.0,0.0,0.0,0.0,0.0,0.0,0.0,0.0,0.0,0.0,0.0,0.0,0.0,0.0,0.0,0.0,0.0,0.0,0.0,0.06666666666666667,0.0,0.34782608695652173,0.0,0.0,0.0,0.0,0.0,0.0,0.0,0.0,0.0,0.0,0.0,0.0,0.0,0.0,0.0,0.0,0.0,0.0,0.0,0.0,0.0,0.0,0.0,0.0,0.0,0.0,0.0,0.0,0.0,0.0,0.0,0.0,0.0,0.0,0.0],"total_num_species":[1,1,1,1,2,6,96,44,17,12,10,13,6,14,7,19,8,31,10,11,5,21,4,20,5,13,6,17,5,13,5,14,5,14,6,16,6,15,6,19,5,24,7,16,6,7,8,7,19,7,26,7,31,8,36,8,46,9,27,11,5,21,5,25,7,20,7,21,7,16,8,17,7,17,7,12,7,12,7,16,8,18,8,18,9,12,10,9,12,9,16,10,13,6,22,9,25,11,5,18,6,18,7,20,4,23,7,14,6,22,7,19,7,23,5,27,8,16,9,14,7,9,9,8,18,7,17,6,22,5,18,5,14,5,21,6,17,7,13,6,15,7,16,7,16,8,11,8,11,10,8,14,10,15,6,17,7,13,9,19,10,10,10,9,9,11,8,11,8,15,8,16,9,18,10,10,11,7,18,8,12,8,17,10,9,13,10,10,10,10,10,13,6,21,5,24,8,25,11,5,15,6,18,7,16,8,23,7,26,10,11,3,14,4,8,7,7,7,6,36,5,36,8,63,6,53,8,72,8,61,7,67,11,5,20,6,21,6,23,6,30,9,30,8,29,7,33,9,26,11,6,11,7,13,7,12,7,12,8,17,6,17,7,12,6,20,8,16,10,9,12,8,14,9,15,9,13,9,23,10,11,7,17,8,18,8,24,7,18,7,19,7,18,8,26,8,12,7,20,6],"avg_species_distances":[-1.0,-1.0,-1.0,-1.0,0.0,0.13333333333333328,0.14139254385964933,0.2117940199335544,0.28819444444444436,0.3324915824915824,0.3808080808080809,0.37171717171717145,0.442074592074592,0.3739260739260736,0.38095238095238076,0.367145135566188,0.3119588744588743,0.3779356485808122,0.436856476856477,0.43662700935428234,0.22142857142857147,0.4537419458848026,0.4253246753246753,0.4397702589807849,0.3571428571428571,0.466707366707367,0.37346801346801345,0.38649414311179026,0.5109090909090909,0.43866133866133905,0.43208333333333326,0.4338601874316159,0.5170833333333332,0.4582482481965353,0.49583333333333335,0.4043342074592075,0.44166666666666665,0.4541217769158945,0.47486802413273,0.4676764536155663,0.2230769230769231,0.4603962634018001,0.42577030812324923,0.2921898567119158,0.39686609686609686,0.35368335368335363,0.4370541738962791,0.49666902298481236,0.44430614726022416,0.5009786753207806,0.4466055776405864,0.4992288413341044,0.4141332307885781,0.4852402499461324,0.43731005912636467,0.5001058453070837,0.44819367628942663,0.5218843792373206,0.44123456240130904,0.48413165406692005,0.5415811965811965,0.43829424560074753,0.5639631129104814,0.4519380584442509,0.4894736842105263,0.43899544745805164,0.42425431711145994,0.45350063192168455,0.495906432748538,0.4198245614035094,0.4672932330827069,0.42870964175143733,0.4958646616541354,0.40744407810971306,0.4976190476190477,0.4679444824181667,0.4835164835164836,0.47710564289511675,0.4787545787545787,0.4590910040252146,0.4767857142857144,0.43763128856008143,0.45096153846153847,0.43779338423301284,0.507638888888889,0.4631180223285487,0.4797266670950884,0.5147161172161173,0.47077685737972813,0.5070659019343231,0.4789015752871592,0.5010976976240133,0.4832922048711522,0.46728070175438596,0.4877099675595919,0.4533918128654972,0.4559132496807928,0.4671125126866754,0.41,0.4524984383807917,0.38994338994338995,0.4551419169066224,0.4908632430371561,0.3310850552955817,0.23913043478260873,0.40992668956752176,0.43620986856280974,0.4517937853158901,0.3997917058786624,0.4400408765826277,0.43442482676437133,0.4703296018479757,0.4396788815860792,0.43245377810595276,0.3855233002291826,0.42442123086208994,0.4451049650629481,0.46350574492997815,0.48751705810529333,0.4742085591633108,0.5088693914780871,0.507950768367435,0.5143982243246948,0.46506489511520466,0.3775455996818232,0.5205058099794941,0.39817916886529214,0.5227725977725978,0.41166233381966605,0.5621989121989122,0.41320688513974535,0.569633552721788,0.4232805047880067,0.569633552721788,0.35739229810437256,0.5405846389592519,0.3874356676680937,0.4938043982161629,0.4317996928142203,0.5355409296585767,0.42613927638695476,0.5124104653516418,0.38144103273747265,0.5043248031638123,0.38225351803912205,0.5130606751349785,0.46497673152753394,0.5031097561148712,0.43680826704523784,0.46438046387321746,0.5079656153025718,0.44113448502640584,0.48716018681998857,0.4380767662712741,0.5503748296791774,0.4369825913848494,0.5208275189510887,0.46472261840462875,0.4913333539782815,0.43845416475285687,0.48154292084726863,0.4940939119924627,0.4895236272047866,0.5104051289558535,0.5080889487592386,0.48163693438521804,0.520449381536338,0.46301653560988604,0.5204493815363379,0.4179671714096265,0.5204493815363379,0.3880529677144969,0.5039448366984599,0.38028846620998735,0.4844576398260608,0.4844576398260608,0.466711747444013,0.5305136800167857,0.4346211694010861,0.5109008865530605,0.474470597205151,0.5094608811272753,0.432388690329951,0.4839079270495493,0.5003357020036399,0.4671657461640152,0.49918931607515377,0.5022245038253176,0.49961405044090007,0.4838741244065424,0.5040411182422984,0.4648527698231389,0.5335558796657194,0.44266416740831055,0.5745096436744033,0.442790819296889,0.49000665483584743,0.45726698777110697,0.48522392938868913,0.5483602484472049,0.44971401109877746,0.4264761904761904,0.44199746605639634,0.48215636072940965,0.48001545530492884,0.46587372448979586,0.4011061869099632,0.4365511994271392,0.437829939320405,0.4906449553001278,0.49165886717363366,0.48055555555555557,0.4930375190838995,0.37026143790849675,0.47985652594371064,0.5137582810902138,0.5195033821609452,0.5205090369481125,0.5464207905384375,0.41918773805237963,0.5715919701213819,0.45287230780371873,0.4892040149393089,0.4118600405463315,0.5292135567677363,0.45322505454348666,0.44912482536874393,0.4076524803806833,0.4653900395884031,0.4122789798702332,0.49260990946086025,0.3829432448111133,0.4476765832123866,0.590226574500768,0.38463119304746113,0.5082281216237073,0.43424793283831054,0.5348403422456719,0.42508633944028107,0.5282996020517243,0.373381661442006,0.4434796350092403,0.4226119423653234,0.46577986158578266,0.42844708629700196,0.5029770041988086,0.4047610576778664,0.45894957564365474,0.39974793202714104,0.4139309466623801,0.535007215007215,0.4329451728494792,0.5219130076272933,0.40257930475321796,0.48736343022057305,0.38528395188474246,0.4926983342744212,0.4240241025443594,0.48860350958565235,0.3545784185709856,0.5041341991341991,0.36121458637802933,0.5199920119562977,0.38765702621927933,0.5371271723445636,0.3475461456925985,0.48400614025614036,0.37680436973915227,0.4520511984836928,0.47209235209235206,0.4250389553353982,0.49349222206365057,0.38063247311694526,0.4602413327413328,0.36131760372133037,0.43297979797979796,0.40464412667311206,0.4785281385281385,0.3287906190144038,0.4613714278943036,0.46602162187188917,0.5116789008093356,0.41024707054767573,0.5081294697366125,0.40993408068571496,