{"min_species_distances":[-1.0,-1.0,-1.0,-1.0,-1.0,0.0,0.125,0.0,0.09090909090909091,0.0,0.0,0.0,0.0,0.0,0.0,0.0,0.0,0.0,0.0,0.0,0.0,0.0,0.0,0.0,0.0,0.0,0.0,0.07142857142857142,0.0,0.0,0.0,0.0,0.0,0.0,0.0,0.0,0.0,0.0,0.0,0.0,0.0,0.0,0.0,0.058823529411764705,0.0,0.0625,0.07142857142857142,0.0,0.0,0.0,0.0,0.0,0.0,0.0,0.0,0.0,0.0,0.0,0.0,0.0,0.0,0.0,0.0,0.0,0.0,0.0,0.0,0.0,0.0,0.0,0.0,0.0,0.0,0.0,0.21428571428571427,0.0,0.21428571428571427,0.0,0.0,0.0,0.06666666666666667,0.16666666666666666,0.0,0.0,0.0,0.0,0.0,0.0,0.0,0.0,0.05555555555555555,0.0,0.0,0.0,0.0,0.0,0.0,0.0,0.0,0.0,0.0,0.0,0.0,0.0,0.0,0.10344827586206896,0.0,0.0,0.0,0.0,0.0,0.0,0.0,0.0,0.0,0.0,0.0,0.0,0.0,0.5238095238095238,0.0,0.0,0.0,0.058823529411764705,0.0,0.0,0.0,0.0,0.0,0.0,0.0,0.1111111111111111,0.0,0.0,0.0,0.0,0.125,0.0,0.1,0.0,0.05263157894736842,0.0,0.5333333333333333,0.0,0.24,0.0,0.0,0.0,0.1,0.0,0.0,0.0,0.24,0.0,0.0,0.0,0.0,0.0,0.0,0.0,0.0,0.0,0.0,0.0,0.0,0.0,0.0,0.0,0.0,0.0,0.0,0.0,0.0,0.0,0.0,0.0,0.0,0.0,0.0,0.0,0.0,0.0,0.0,0.0,0.0,0.0,0.0,0.0,0.0,0.0,0.18181818181818182,0.0,0.15384615384615385,0.0,0.0,0.0,0.2692307692307692,0.0,0.0,0.0,0.05263157894736842,0.0,0.05263157894736842,0.0,0.047619047619047616,0.05263157894736842,0.0,0.1,0.0,0.2727272727272727,0.0,0.0,0.0,0.0,0.0,0.0,0.0,0.2962962962962963,0.0,0.2962962962962963,0.0,0.2413793103448276,0.0,0.03333333333333333,0.0,0.03333333333333333,0.0,0.0,0.0,0.0,0.0,0.0,0.0,0.041666666666666664,0.0,0.0,0.0,0.0,0.0,0.0,0.0,0.0,0.0,0.0,0.0,0.0,0.0,0.0,0.0,0.0,0.0,0.0,0.0,0.03125,0.0,0.06060606060606061,0.0,0.3548387096774194,0.0,0.0,0.0,0.0,0.0,0.0,0.0,0.0,0.0,0.0,0.0,0.0,0.0,0.0,0.0,0.0,0.0,0.0,0.0,0.0,0.0,0.0,0.0,0.0,0.0,0.0,0.36,0.0,0.0,0.0,0.0,0.0,0.36,0.0,0.36,0.0,0.28,0.0,0.0,0.0,0.0,0.0],"total_num_species":[1,1,1,1,1,12,5,42,11,8,30,10,10,13,8,27,9,24,9,23,11,8,26,9,28,9,29,11,4,25,6,23,7,15,4,9,10,6,18,7,13,8,27,9,26,11,6,18,7,15,8,22,7,26,7,13,6,9,9,16,10,10,10,10,9,21,9,41,9,35,8,45,8,28,8,31,9,34,8,39,11,8,23,9,30,11,6,15,8,20,9,33,7,26,9,26,12,6,21,3,24,5,17,3,16,4,17,4,14,6,11,5,14,5,17,3,11,4,12,4,11,5,12,4,13,3,13,5,10,5,5,5,7,39,7,36,7,49,9,67,10,14,4,27,5,26,6,32,6,29,6,25,5,18,7,17,9,16,7,22,7,28,8,23,8,26,9,19,9,20,9,14,9,17,8,16,8,11,9,10,10,10,9,34,9,49,9,44,9,55,8,46,9,65,10,11,8,17,9,17,9,11,9,23,10,9,18,9,13,8,22,9,16,9,19,9,16,8,16,8,14,9,13,9,12,10,13,7,26,8,32,8,30,8,27,8,31,10,9,23,10,11,7,17,4,20,7,10,9,19,8,27,10,8,16,6,12,6,14,9,16,8,12,8,9,9,28,8,45,7,41,7,43,7,48,8,54,9,51,10,10,11,8,12,6,13,7,16,7,22,6,18,6,15,7,11,8,12,9,19],"avg_species_distances":[-1.0,-1.0,-1.0,-1.0,-1.0,0.14339826839826844,0.2708333333333333,0.24102418745276047,0.3094064016791291,0.33589466089466097,0.3197238393790123,0.35771389104722445,0.3748407148407148,0.3150628573705496,0.36817765567765565,0.37649694401831213,0.39127492877492887,0.38103780277693255,0.3441595441595442,0.3834680471044101,0.4125506311869948,0.37715855572998436,0.41587917210994163,0.474168090896032,0.423022546236832,0.40977486565721866,0.43618046567553964,0.4584942018765548,0.3005952380952381,0.45842393581364216,0.4720588235294117,0.4437721911507079,0.39965986394557823,0.42437205651491344,0.25,0.3762536075036075,0.4231305114638448,0.44759259259259265,0.41449037527468885,0.4058201058201058,0.418482905982906,0.45699404761904766,0.4083287850633248,0.4585532931121166,0.4267940980588046,0.42437058930374455,0.45791226747109104,0.4564205514465031,0.48324314574314586,0.4454325576384401,0.4725455100455101,0.4226376632357803,0.4795787545787546,0.3634509171070266,0.47059745809745807,0.37364558832319006,0.48214452214452225,0.41654075091575093,0.43762626262626264,0.37378787878787895,0.4412678062678063,0.44464944877988366,0.44328800828800824,0.4530372030217231,0.45979801788625313,0.4051646721748446,0.44789190928896816,0.4174024364092694,0.45390750997368645,0.43097215697528063,0.46867600300989964,0.4079548758828723,0.47328909824799487,0.4117506006523894,0.4655113132209406,0.3980545194492063,0.45235469187675076,0.3945052873715068,0.4691289015606243,0.3918878435519297,0.42146549528902466,0.4638684640522876,0.3835517033407058,0.4670284780578899,0.4153290000935299,0.42278966131907303,0.38410732714138285,0.3779848149786229,0.3943627450980393,0.42213209255575207,0.4478286827551533,0.3650004588133459,0.3846803593232164,0.40501654836127327,0.4348302870780941,0.41192270442901574,0.4394963589042537,0.20265906932573607,0.456632977077471,0.041666666666666664,0.40088903522513986,0.35798148148148146,0.3487124629263468,0.34920634920634924,0.3880265768588137,0.47297482211275316,0.3498590887504427,0.4562123700054735,0.40402541024786265,0.45117679255610293,0.3799051633072424,0.3142857142857143,0.4370288168317725,0.49857142857142855,0.2963235294117651,0.39999999999999997,0.372813852813853,0.46666666666666673,0.3837396521607052,0.5591478696741854,0.427293256994196,0.39789473684210525,0.3630363788258527,0.4709150326797385,0.386677699889438,0.39999999999999997,0.40909752803345484,0.4086749482401656,0.4252515548129584,0.5044298245614035,0.5044298245614034,0.5222076023391813,0.47144376091744505,0.3898966740625302,0.47916875522138674,0.4098333385837127,0.4861690976924714,0.39059032041334457,0.463836448004068,0.41297131833822653,0.4303755564434437,0.43345549230453806,0.5652777777777778,0.42053027646163993,0.5285,0.4307180373539113,0.4683805668016194,0.4105341078818359,0.4952301694406956,0.4194220557047887,0.4493162393162392,0.4248759022484422,0.5214102564102564,0.4197850823513022,0.46512259670154393,0.40599758466703456,0.46102258958580794,0.3861831409331409,0.4650953984287317,0.37886356949140126,0.4497594997594997,0.3825578739144303,0.4555849961022376,0.3418001080112716,0.45990509490509496,0.3943137637384465,0.4357916650541172,0.4117405062681595,0.43951283390938567,0.38648617014850684,0.44415260346294827,0.34756094269925314,0.42732018938915495,0.3878620990233571,0.4750837422019689,0.4183953440970985,0.4776699490985206,0.44525333252606,0.45944795944795946,0.45223480223480245,0.4529463129463131,0.4515121271643012,0.45827182077182077,0.3884184398960967,0.4567107302021095,0.3963302124951899,0.45614857683823207,0.36912982536058286,0.45614857683823207,0.37785821472444936,0.4672099452271867,0.3881049902562397,0.451414788914789,0.39808862061581546,0.42668886030955006,0.4133373904274818,0.4629381250932975,0.36050197489425617,0.4515103287517081,0.35465749258412355,0.4584257000570774,0.42696305607046425,0.4584257000570774,0.3633600937694116,0.45062320358347785,0.4584257000570774,0.3472298202702869,0.4564640056977221,0.37780543947652706,0.4667886346457775,0.33753427859563095,0.46204014394918946,0.36169009486913034,0.46204014394918946,0.33267748723065776,0.4631154127663938,0.3635215131350129,0.47173210446930725,0.36606600541780143,0.47234212052182883,0.3746831174304571,0.45894786545118316,0.38795243838211274,0.4510334921860342,0.41245920541031045,0.4403452696608269,0.39330435280152726,0.4693375887824745,0.40333058019383716,0.4626022699278698,0.3971919808702554,0.4512954681316353,0.40094277288930985,0.45285965065525163,0.4098803120546177,0.43879102252691954,0.3918437101039244,0.44535195122514365,0.4467036003247736,0.3548774609981028,0.4230716401795379,0.4416266407632913,0.44750179085353087,0.370117394542089,0.3658730158730159,0.3552463367818877,0.460580126478744,0.42785116914149185,0.46512055032391636,0.393122474254828,0.4725559578670177,0.3790702966193845,0.45934517990969603,0.44800207473018533,0.36418019448896893,0.46657356979937614,0.3814587115393566,0.49246082949308734,0.4293452169949866,0.4620335701484895,0.4077739375320021,0.4670704410796575,0.4406337446744919,0.4706147136273864,0.46744367639528916,0.46581957245263694,0.39022710182375425,0.44629141979372394,0.42225974387167386,0.46627898471216445,0.4266180563362554,0.4716320545813633,0.4227735132644879,0.4716320545813633,0.42098097975615906,0.46218480060645956,0.4292601973794481,0.44383543577091955,0.4329641322997001,0.4391208195219231,0.4455026455026457,0.4325125998146527,0.4557397431677385,0.4107930184570978,0.507837173579109,0.37769492078748745,