{"min_species_distances":[-1.0,-1.0,-1.0,-1.0,0.25,0.1111111111111111,0.0,0.0,0.09090909090909091,0.0,0.09090909090909091,0.0,0.07692307692307693,0.0,0.0,0.0,0.0,0.07692307692307693,0.0,0.0,0.0,0.0,0.0,0.0,0.0,0.0,0.09090909090909091,0.0,0.0,0.0,0.0,0.0,0.0,0.0,0.0,0.0,0.0,0.0,0.0,0.0,0.0,0.1111111111111111,0.15384615384615385,0.0,0.0,0.0,0.0,0.0,0.0,0.0,0.0,0.0,0.0,0.0,0.0,0.0,0.0,0.0,0.0,0.0,0.0,0.0,0.0,0.0,0.0,0.0,0.0,0.045454545454545456,0.0,0.5263157894736842,0.0,0.0,0.0,0.0,0.0,0.0,0.0,0.0,0.0,0.0,0.0,0.0,0.0,0.0,0.0,0.0,0.0,0.0,0.0,0.0,0.0,0.0,0.0,0.0,0.0,0.0,0.0,0.0,0.0,0.0,0.0,0.0,0.26666666666666666,0.0,0.0,0.0,0.3125,0.0,0.26666666666666666,0.0,0.0,0.0,0.0,0.0,0.058823529411764705,0.0,0.0,0.0,0.0,0.0,0.0,0.0,0.0,0.38095238095238093,0.0,0.0,0.0,0.03333333333333333,0.0,0.0,0.0,0.0,0.0,0.0,0.05,0.15384615384615385,0.0,0.0,0.0,0.0,0.0,0.0,0.0,0.0,0.0,0.0,0.0,0.0,0.0,0.0,0.0,0.0,0.0,0.0,0.0,0.0,0.0,0.0,0.0,0.0,0.0,0.0,0.0,0.0,0.0,0.0,0.0,0.0,0.0,0.0,0.0,0.043478260869565216,0.043478260869565216,0.0,0.0,0.06451612903225806,0.0,0.09375,0.0,0.12121212121212122,0.0,0.12121212121212122,0.0,0.3793103448275862,0.0,0.3793103448275862,0.0,0.3793103448275862,0.0,0.2564102564102564,0.0,0.0,0.0,0.0,0.0,0.0,0.0,0.03333333333333333,0.0,0.03333333333333333,0.0,0.0,0.0,0.0,0.0,0.0,0.0,0.0,0.0,0.0,0.0,0.03333333333333333,0.0,0.0,0.275,0.0,0.0,0.0,0.0,0.0,0.0,0.0,0.03333333333333333,0.16666666666666666,0.0,0.0,0.0,0.0,0.0,0.0,0.0,0.0,0.3888888888888889,0.0,0.0,0.0,0.024390243902439025,0.0,0.0,0.0,0.0,0.0,0.03225806451612903,0.0,0.0,0.0,0.0,0.0,0.0,0.0,0.0,0.0,0.0,0.0,0.0,0.0,0.0,0.0,0.4418604651162791,0.0,0.4186046511627907,0.0,0.4186046511627907,0.0,0.29411764705882354,0.0,0.0,0.0,0.0,0.0,0.05555555555555555,0.0,0.0,0.0,0.0,0.0,0.0,0.05,0.0,0.045454545454545456,0.0,0.0,0.0,0.0,0.0,0.0,0.0,0.0,0.0,0.0,0.0,0.0,0.0,0.0,0.0,0.0,0.0,0.5777777777777777,0.0,0.6],"total_num_species":[1,1,1,1,2,7,112,31,19,12,7,24,8,30,12,7,25,7,33,7,31,8,33,11,6,14,4,8,9,7,11,8,20,8,29,8,24,8,42,9,61,11,8,21,8,33,10,9,19,11,9,18,9,27,10,10,13,7,21,8,24,7,19,7,31,7,20,5,21,4,14,4,21,5,19,5,21,6,15,6,19,6,20,5,20,6,21,6,22,4,20,6,18,4,18,5,14,5,6,5,5,15,5,13,6,17,5,23,6,16,8,16,10,10,10,9,28,10,11,8,19,10,12,6,16,6,17,6,11,6,15,7,19,7,11,7,23,9,14,8,18,7,20,8,12,7,13,8,17,9,11,9,16,8,25,8,14,7,13,8,18,9,14,9,18,9,17,10,9,18,10,9,9,9,17,8,13,7,18,7,15,6,19,6,16,6,20,6,14,7,12,8,16,8,18,8,17,8,15,8,11,9,11,9,12,10,10,10,10,10,10,8,26,11,8,28,9,23,9,28,9,31,10,10,12,8,14,10,9,18,8,17,7,10,10,13,7,17,7,19,8,16,7,16,8,18,8,25,10,7,12,9,12,10,8,9,8,13,7,14,7,17,7,23,8,25,9,25,9,19,10,15,9,18,10,10,10,10,13,7,25,7,27,8,18,9,21,9,27,10,8,31,11,4,21,5,25,3,25,3],"avg_species_distances":[-1.0,-1.0,-1.0,-1.0,0.25,0.23072562358276644,0.2166690287226007,0.27095238095238156,0.32714087407069853,0.3385215794306703,0.3199134199134198,0.35853490310012015,0.40229770229770223,0.37792645413335185,0.4066186338913615,0.4420468420468419,0.3887450882450883,0.41318126318126314,0.41376644189144307,0.45036075036075035,0.4058726846630079,0.4303873210123211,0.42335849311116797,0.4393731046137463,0.33943850267379677,0.4344549008414556,0.40106951871657753,0.44430569430569433,0.43893826081326076,0.41013014763014766,0.29084551811824527,0.40933025308025306,0.3714474998685528,0.4272313470842882,0.36542855567594784,0.4416177834770272,0.399844727594088,0.4511478455018371,0.4392670105546704,0.44223384640051305,0.4226131173551602,0.48980670844307217,0.4841565705536293,0.4539976836029464,0.49034727527374583,0.4466169108298112,0.46280705496391766,0.47328885257806824,0.4903198019650144,0.47368691133115554,0.46118527632975526,0.46791180545354033,0.49738777089783276,0.4729725467298566,0.44475995901434495,0.46706539074960135,0.4782933075696235,0.4391444612032847,0.4587936219126971,0.5117762433980971,0.45248823318480547,0.45632437737700904,0.4827417370618446,0.4461784713885554,0.4958601108105659,0.49470402195966107,0.4815089640577412,0.5268695454050145,0.4737057594967814,0.6024128949825543,0.42958935223249856,0.42105263157894735,0.47691300545366694,0.5512162759840779,0.4448045311618723,0.4981772613351561,0.44790952081973767,0.35350877192982455,0.49090370255164634,0.5293822792274805,0.47665848281422357,0.4526315789473684,0.43954379433423185,0.48886990202779684,0.4662968269095049,0.4556618819776715,0.46812321597077666,0.4627857522594364,0.45789817062584615,0.5135566188197767,0.4301516527623678,0.46552365762892084,0.4896821826646386,0.5135566188197767,0.45804934111570283,0.43729977116704805,0.39621607008007775,0.4323308270676692,0.4902589807852965,0.5446741854636591,0.5509523809523809,0.3922900658239002,0.5701587301587303,0.39232980338749573,0.5289153439153439,0.44816925278068753,0.5685105363984675,0.4360076787416056,0.5444763729246489,0.45433899251333476,0.4845563081554461,0.35200486733891917,0.4369575199172898,0.40916134525329917,0.4521372674229331,0.4616907117498733,0.4222734366396438,0.44140976520286856,0.44993359181653175,0.5047638535147876,0.414609887073313,0.4911900986784445,0.47636924923409385,0.5604648594666745,0.40352494093019275,0.5583233946936307,0.4189722796017416,0.5490075764122951,0.44998882782164523,0.529104370120704,0.4307755065948721,0.4933908139508348,0.4076743392107704,0.4902743311480673,0.4501266759397334,0.5337264467248348,0.408979261854802,0.49068249254274676,0.4670897633889818,0.5186451209753,0.4333797940713521,0.5084435225996025,0.4278660328637175,0.5206176718300356,0.45988076251234156,0.5034132951426183,0.4697586676893072,0.5180171024852771,0.4225829273303117,0.5107896657352192,0.4896958304853042,0.5063937981928001,0.41561416973217646,0.4970619550589904,0.38710034879417804,0.5302182421141739,0.42560830728263793,0.5180888545409295,0.48429405940050924,0.5236275220759362,0.4452538606026889,0.48503865125110945,0.46732356807690467,0.5124886735231563,0.45771110258394027,0.4788740468940692,0.44875304280466566,0.5055065772300693,0.5167887029955994,0.45555310446217945,0.5149346200470638,0.5256303415952759,0.5265602244696032,0.5261364016965384,0.4195750236319346,0.5398707474585435,0.4605597004552573,0.5400725232621785,0.38656858879982653,0.5417860874757426,0.46149998058865055,0.5498076827387172,0.44567112157856276,0.5686015325670498,0.47518775359292603,0.5686015325670498,0.4536909518406084,0.5686015325670498,0.40114291618287873,0.5636531093427644,0.48246019625329967,0.49180008210180637,0.4824759396095601,0.5373688401089878,0.44524371729239876,0.49357494722026746,0.4853644660782082,0.525203089193237,0.44078681398878444,0.525203089193237,0.5106665518389656,0.5442158926641687,0.5071386774145397,0.5464536580915892,0.48709071038174084,0.5302257767775009,0.5277992122819709,0.527036737584405,0.527792156757674,0.5266949079018045,0.4976120859082321,0.5349947466326777,0.4841323090663997,0.5357104828910104,0.5489084951559596,0.43027508653867236,0.5288735839699329,0.47450875208859705,0.5201538949024581,0.4717855731068483,0.5322630594182319,0.45884995428475095,0.5194708611949993,0.5306662040953231,0.5113502202256122,0.5255182317682315,0.48562629401597274,0.45027551500669794,0.4791526374859708,0.48732715375937824,0.5542402042402041,0.4345754123327648,0.5817786710643853,0.5132389832389833,0.5121099334892439,0.44911878742523886,0.5730004122861265,0.4565841021723372,0.5638734281591423,0.4545644926531353,0.5479050711193568,0.4850143450544605,0.5679172381824961,0.5129261479261483,0.5531771799628941,0.4876252650762456,0.5573794422631632,0.4731032439782447,0.5464250564250565,0.5551615051615051,0.5227088567997659,0.56504329004329,0.5070772661681753,0.5170196470196469,0.5473794063079777,0.5283730158730159,0.550760991500194,0.45130202733064995,0.5805508813814461,0.5047035743879601,0.5751229314840804,0.49139976337937474,0.582541670649937,0.47588690127310146,0.5637757851554998,0.4635481442988285,0.5454905958154931,0.4715240683975289,0.5515526248084386,0.4744543333727001,0.51334000525687,0.45790757280620814,0.5541905513240741,0.42209056796605954,0.5331115796095275,0.5341447370585536,0.5358988227661278,0.5203182890554191,0.454744669535151,