{"min_species_distances":[-1.0,-1.0,-1.0,-1.0,0.25,0.0,0.125,0.0,0.0,0.09090909090909091,0.0,0.0,0.0,0.0,0.0,0.0,0.0,0.0,0.0,0.0,0.0,0.0,0.0,0.09090909090909091,0.0,0.0,0.0,0.0,0.0,0.0,0.0,0.0,0.0,0.0,0.09090909090909091,0.0,0.0,0.0,0.0,0.0,0.0,0.0,0.05555555555555555,0.0,0.0,0.0,0.0,0.0,0.0,0.0,0.13333333333333333,0.0,0.09523809523809523,0.0,0.0,0.0,0.0,0.0,0.0,0.0,0.0,0.0,0.0,0.0,0.0,0.0,0.0,0.0,0.0,0.0,0.0,0.0,0.0,0.0,0.0,0.0,0.0,0.0,0.0,0.0,0.04,0.0,0.0,0.0,0.0,0.0,0.375,0.0,0.375,0.0,0.0,0.0,0.15789473684210525,0.0,0.0,0.0,0.041666666666666664,0.0,0.2777777777777778,0.0,0.0,0.0,0.0,0.05263157894736842,0.0,0.05555555555555555,0.0,0.0,0.0,0.3888888888888889,0.0,0.07692307692307693,0.0,0.14285714285714285,0.0,0.14285714285714285,0.0,0.47619047619047616,0.0,0.47619047619047616,0.0,0.2857142857142857,0.0,0.2222222222222222,0.0,0.047619047619047616,0.037037037037037035,0.037037037037037035,0.2631578947368421,0.0,0.0,0.0,0.0,0.045454545454545456,0.0,0.0,0.0,0.2631578947368421,0.0,0.2857142857142857,0.0,0.2631578947368421,0.0,0.2631578947368421,0.0,0.2857142857142857,0.0,0.0,0.0,0.09523809523809523,0.2857142857142857,0.0,0.0,0.0,0.037037037037037035,0.0,0.13333333333333333,0.0,0.0,0.0,0.36363636363636365,0.0,0.0,0.0,0.0,0.0,0.0,0.0,0.5,0.0,0.5,0.0,0.07692307692307693,0.0,0.5,0.0,0.5,0.0,0.5,0.0,0.037037037037037035,0.0,0.0,0.0,0.0,0.0,0.0,0.0,0.0,0.0,0.0,0.5217391304347826,0.0,0.0,0.0,0.0,0.0,0.0,0.0,0.0,0.0,0.0,0.0,0.0,0.0,0.0,0.0,0.0,0.0,0.0,0.0,0.0,0.0,0.0,0.0,0.5161290322580645,0.0,0.07142857142857142,0.0,0.125,0.0,0.06666666666666667,0.0,0.06666666666666667,0.0,0.06666666666666667,0.0,0.0,0.0,0.0,0.0,0.0,0.0,0.0,0.0,0.0,0.0,0.045454545454545456,0.0,0.0,0.0,0.391304347826087,0.0,0.043478260869565216,0.0,0.34782608695652173,0.0,0.34782608695652173,0.0,0.045454545454545456,0.0,0.34782608695652173,0.0,0.4,0.0,0.11764705882352941,0.0,0.0,0.0,0.16666666666666666,0.0,0.0,0.0,0.0,0.0,0.0,0.0,0.0,0.0,0.32,0.0,0.045454545454545456,0.0,0.0,0.05555555555555555,0.0,0.0,0.0,0.10526315789473684,0.0,0.10526315789473684,0.0,0.0,0.0,0.0,0.0,0.0,0.0,0.0,0.0,0.0,0.0,0.0,0.0,0.0,0.0,0.0,0.0,0.0,0.0],"total_num_species":[1,1,1,1,2,12,7,70,17,9,57,11,9,34,12,7,23,8,24,9,21,9,13,8,24,8,21,11,5,11,5,14,7,21,6,26,6,12,6,21,6,11,6,14,6,13,7,17,7,19,7,18,5,18,6,12,7,16,9,14,9,17,8,24,9,15,9,18,10,9,14,8,13,9,14,9,10,10,9,13,7,15,6,12,6,13,6,13,6,13,6,12,7,11,7,9,8,18,7,20,9,21,10,9,15,10,10,10,11,6,21,7,26,7,15,7,21,6,18,6,15,7,16,8,15,8,15,10,9,18,9,18,10,10,10,10,10,9,13,9,14,9,11,9,12,9,11,9,15,10,9,11,10,11,7,15,8,20,8,26,7,25,8,16,7,22,7,15,6,13,6,14,7,12,6,12,6,16,6,22,9,12,8,13,9,13,9,14,11,6,24,3,22,4,18,4,15,5,16,5,13,6,20,6,16,6,12,6,20,6,10,8,7,6,11,5,14,6,19,7,17,7,18,7,20,7,42,9,32,9,32,9,30,10,8,31,11,8,20,7,12,6,11,7,13,6,15,6,12,7,12,6,14,6,13,8,14,9,15,7,10,9,13,9,19,9,26,9,18,7,16,10,9,18,9,19,9,18,9,16,10,10,11,7,24,7,27,8,31,9,15,9,20,12,6,25,7,27,9,19],"avg_species_distances":[-1.0,-1.0,-1.0,-1.0,0.25,0.22573953823953827,0.27632275132275136,0.27356772397145207,0.3178197415329767,0.3535263347763348,0.3269128810482213,0.341625344352617,0.32774971941638603,0.352529823118059,0.38138200183654747,0.33899433899433895,0.39863805496216564,0.2837662337662336,0.38699983591287995,0.35656565656565653,0.4305219185576327,0.4325261544011544,0.4211120076504692,0.41925039246467816,0.4465582575636923,0.4381118881118881,0.45653135263429373,0.38446598855689756,0.4148729946524064,0.42829413011231215,0.37,0.41666890173677534,0.4934329287270463,0.45931932524369534,0.4715206362265186,0.42087784914934306,0.35934065934065923,0.4917896917896918,0.4903703703703704,0.4042264196399539,0.4064306064306064,0.48657702743827147,0.5005291005291004,0.4502700435609633,0.489033189033189,0.4430987740704342,0.5187246615818044,0.44917380015722763,0.4919115971747551,0.4586502960212974,0.5284504968715495,0.45468435646454275,0.48879120879120885,0.4618602611507672,0.3742968532442216,0.5109352104567417,0.4146752718181289,0.4979097194228776,0.508683324472798,0.49728529615747696,0.30817099567099565,0.49898291852626236,0.5090831787260357,0.47802470926413876,0.3307242221715906,0.484019313293586,0.4758454106280193,0.47622790280617733,0.5277846790890269,0.45949792960662517,0.5160810920247141,0.5210107823553802,0.5079658216814966,0.5435130185201695,0.49368424019045165,0.5366303409066568,0.5328754932667976,0.533596315118054,0.5298313160269683,0.5018570244322756,0.5452405599921127,0.4085668213773806,0.5698036263253653,0.44993386657389195,0.5745726495726494,0.43293325264479093,0.595619658119658,0.4739480604865219,0.595619658119658,0.4139710716633792,0.5688888888888888,0.4503400956342133,0.5548203842940685,0.4531272236535394,0.5349999999999999,0.503970974129643,0.5528663003663004,0.4713276616160128,0.5634453781512604,0.44152388065106085,0.5274400871459695,0.4348581294866128,0.5270783044116376,0.5291567724023865,0.44928153483615724,0.514662177328844,0.5171189674523008,0.5171189674523008,0.5082212763082329,0.5934074074074073,0.45374668751695557,0.5695360195360194,0.3963285343991498,0.5677947845804988,0.4496699357088374,0.5707709750566893,0.38236377174821096,0.597015873015873,0.429762787063944,0.597015873015873,0.45532561389671566,0.5823809523809522,0.4474939378254595,0.5590996701710986,0.47422289381953253,0.5538976499690784,0.4875890105384434,0.527249273576759,0.5475423793771746,0.4442313349714355,0.537249920861032,0.4503849375280404,0.5343626159415633,0.5363115928905403,0.5344467910257384,0.5305934805934807,0.5344467910257384,0.5457594914831758,0.4641102262559754,0.5431692626545569,0.4505695986575792,0.5438597028186812,0.509076712292305,0.5467353674590517,0.49046702703119854,0.5460449272949274,0.4977670724996931,0.5394848207348207,0.45461340247054516,0.5242289192289193,0.5417695730195731,0.511991128301289,0.5220658970658972,0.5026488004748876,0.5649489399489399,0.49530516067783154,0.5723973942723942,0.4271329448583452,0.5743527306027305,0.4617634305109783,0.5646159396159395,0.45974923066419193,0.5577547452547451,0.47731731184416615,0.5725035833731486,0.44137361895690497,0.5612859362859363,0.41591196246216183,0.5909285159285159,0.4842509067337444,0.5909285159285159,0.4682012387073116,0.5631174381174381,0.46678692519601633,0.5909285159285159,0.46020404716056906,0.5877554812337421,0.4127509344875071,0.5877554812337421,0.4383412070051946,0.5231959510341153,0.4802058200395798,0.5305757754606859,0.4545028388204994,0.5346873838721664,0.4653590628607928,0.5030767201869151,0.4738390995166455,0.5113941281107699,0.4598765432098765,0.47922166164267926,0.5996376811594203,0.4846364576249636,0.4954710144927536,0.4822417090153321,0.5416666666666666,0.477360916466007,0.4092391304347826,0.4645771138803027,0.43450000000000005,0.5021387379048667,0.5282716049382716,0.4580093852169774,0.4786098310291859,0.4910085500421523,0.44333333333333336,0.4788003905809094,0.539135802469136,0.4541612582519408,0.5004472934472936,0.5002823576264437,0.5085238521932071,0.5171881304677003,0.5663505848989719,0.5353819676400321,0.6076981566820276,0.45298137935540833,0.5782101806239737,0.4424495349111739,0.5473371647509578,0.4568417907688678,0.5529871373836891,0.44233213916778324,0.5501849822925873,0.4372930417974984,0.5378109127719805,0.39606086581256217,0.46814348987865373,0.3864171112255637,0.4715035016526196,0.44682305751603646,0.46047263467028837,0.4477078698471489,0.48603174499921364,0.5160482151801454,0.44207265605621654,0.4589370957477624,0.5076902069605272,0.3616174217640306,0.5317813821857997,0.44175288817579517,0.5575183134239332,0.44984140436159975,0.5191371622402406,0.4219991703285632,0.5492193940980173,0.40979284588196063,0.5492193940980173,0.44332538346644296,0.5357309159548811,0.44254908006715876,0.5492193940980173,0.3971790445753636,0.5470688564636087,0.4327347357155331,0.5205061112320345,0.40960556219863936,0.5003901108088767,0.3999579884852224,0.5367451382975635,0.4762884150180712,0.4828553979990216,0.48427467272630625,0.4845829494818568,0.4604431357765587,0.4823555025992375,0.4531731009952472,0.4817093167083353,0.45093139150706296,