{"min_species_distances":[-1.0,-1.0,-1.0,-1.0,-1.0,0.0,0.1111111111111111,0.1111111111111111,0.1,0.0,0.0,0.0,0.0,0.0,0.0,0.09090909090909091,0.0,0.0,0.0,0.0,0.0,0.0,0.0,0.0,0.0,0.0,0.0,0.0,0.0,0.0,0.0,0.0,0.0,0.0,0.0,0.058823529411764705,0.0,0.058823529411764705,0.0,0.05555555555555555,0.0,0.0,0.0,0.0,0.0,0.0,0.0,0.0,0.0,0.0,0.0,0.058823529411764705,0.058823529411764705,0.058823529411764705,0.09523809523809523,0.0,0.0,0.0,0.08333333333333333,0.0,0.0,0.0,0.0,0.0,0.0,0.0,0.0,0.21428571428571427,0.0,0.0,0.0,0.0,0.0,0.0,0.0,0.0,0.0,0.13333333333333333,0.0,0.0,0.0,0.0,0.0,0.0,0.0,0.0,0.0,0.0,0.0,0.0,0.0,0.0,0.0,0.0,0.0,0.0,0.0,0.0,0.0,0.0,0.0,0.0,0.0,0.0,0.0,0.0,0.6153846153846154,0.0,0.10526315789473684,0.0,0.10526315789473684,0.05263157894736842,0.0,0.16666666666666666,0.0,0.05,0.0,0.16,0.0,0.125,0.0,0.08,0.0,0.1111111111111111,0.0,0.2857142857142857,0.0,0.11764705882352941,0.0,0.0,0.0,0.0,0.5185185185185185,0.0,0.5185185185185185,0.0,0.5185185185185185,0.0,0.48148148148148145,0.0,0.48148148148148145,0.0,0.48148148148148145,0.0,0.375,0.0,0.058823529411764705,0.0,0.0,0.0,0.0,0.0,0.0,0.0,0.0,0.0,0.0,0.0,0.0,0.0,0.0,0.0,0.0,0.0,0.0,0.0,0.0,0.0,0.3793103448275862,0.0,0.3793103448275862,0.0,0.3793103448275862,0.0,0.3793103448275862,0.0,0.3793103448275862,0.0,0.3793103448275862,0.0,0.3793103448275862,0.0,0.2727272727272727,0.0,0.0,0.0,0.0,0.0,0.05555555555555555,0.0,0.05555555555555555,0.0,0.19047619047619047,0.0,0.0,0.0,0.19047619047619047,0.0,0.30434782608695654,0.0,0.30434782608695654,0.0,0.30434782608695654,0.0,0.2608695652173913,0.0,0.0,0.0,0.2608695652173913,0.0,0.19047619047619047,0.0,0.05555555555555555,0.0,0.0,0.0,0.0,0.0,0.0,0.0,0.0,0.0,0.05555555555555555,0.0,0.05555555555555555,0.0,0.0,0.0,0.0,0.0,0.0,0.0,0.0,0.0,0.03225806451612903,0.0,0.03571428571428571,0.0,0.0,0.0,0.0,0.0,0.0,0.0,0.0,0.0,0.0,0.0,0.0,0.0,0.0,0.0,0.0,0.0,0.0,0.0,0.0,0.0,0.0,0.03225806451612903,0.0,0.45161290322580644,0.0,0.041666666666666664,0.0,0.0,0.0,0.047619047619047616,0.0,0.16666666666666666,0.0,0.08695652173913043,0.0,0.0,0.0,0.0,0.0,0.0,0.0,0.045454545454545456,0.0,0.0,0.41935483870967744,0.0,0.25925925925925924,0.0,0.045454545454545456,0.0,0.045454545454545456,0.0,0.25925925925925924,0.0,0.0,0.0,0.043478260869565216,0.0,0.037037037037037035,0.0,0.0,0.0],"total_num_species":[1,1,1,1,1,10,25,11,9,38,13,10,8,39,11,7,19,7,25,7,31,10,11,4,16,5,17,5,20,5,14,6,17,5,15,6,19,4,20,5,13,6,15,6,13,7,18,5,12,7,12,6,6,6,7,20,8,22,7,41,10,8,22,10,9,42,11,7,15,8,24,9,20,8,21,10,13,8,27,10,12,8,21,7,25,8,26,7,27,6,22,8,20,9,13,8,19,7,15,9,18,8,16,9,16,12,2,8,5,5,5,5,34,6,44,7,56,8,57,8,78,9,79,10,15,5,39,6,31,7,34,11,4,19,4,23,4,18,4,22,4,17,4,21,5,11,6,12,8,8,8,35,9,72,7,65,9,81,10,11,7,19,7,22,7,19,7,20,6,25,6,21,6,26,6,24,6,16,6,22,6,19,7,16,8,10,9,49,9,64,10,11,8,22,8,21,8,36,7,30,7,31,7,25,8,29,9,33,8,24,8,26,8,31,9,22,10,11,7,20,8,16,7,18,8,15,9,13,7,19,8,14,8,13,9,17,9,14,11,6,19,8,19,6,30,8,23,8,22,8,14,8,11,10,8,8,8,8,33,6,32,5,34,7,36,7,45,6,45,6,54,8,44,9,59,8,63,8,58,10,10,11,5,22,6,20,7,25,7,14,6,22,7,22,7,23,7,20,7,12],"avg_species_distances":[-1.0,-1.0,-1.0,-1.0,-1.0,0.11388888888888891,0.2087037037037039,0.2815656565656565,0.3388888888888891,0.29093223435328985,0.3338383838383838,0.3546801346801348,0.3153138528138527,0.3339050812735062,0.40710425937698647,0.4198717948717948,0.37799929115718567,0.3625541125541124,0.3771515151515147,0.4364154364154364,0.4216590160138559,0.4650756650756651,0.44756203392567057,0.3452380952380952,0.43498260998260985,0.33896103896103896,0.42854604545781,0.3111111111111111,0.4218771871403446,0.2733333333333333,0.4351473922902496,0.4862037037037037,0.44567894559784715,0.46761904761904766,0.4098842870481527,0.4576797385620915,0.46969179484659357,0.4933823529411765,0.4150657894736843,0.5280555555555555,0.41497507122507127,0.4538888888888889,0.36237550575785876,0.4538888888888889,0.41289173789173805,0.4732769423558897,0.44937102463964623,0.521856725146199,0.4398856990962255,0.3827380952380952,0.4398934520645049,0.5434547152194209,0.5431979458450046,0.5435475944763869,0.5497969123853688,0.4784471204749844,0.5406827503728764,0.4662748684123987,0.5405980574047801,0.4757390721855423,0.4954488503508111,0.5357355791967137,0.4932083488157833,0.48945991372461967,0.5058570582467641,0.4776415276590552,0.47444594175877586,0.5476267430048941,0.4099308410232784,0.5337774532890078,0.3917404141988546,0.5011185029567382,0.4014925786288022,0.5358821413180657,0.40869017876736263,0.5137414162989609,0.46115643624742536,0.5438250927461284,0.43569369402964514,0.5263433092535259,0.4810873440285207,0.5434728057889823,0.470040214916376,0.5570494864612512,0.4912451668386658,0.5187091503267973,0.45641528406234366,0.521864301276066,0.4645508385790475,0.5435294117647058,0.4770431638078706,0.495594070961718,0.48946617058642583,0.4798293391430646,0.4949004943857892,0.4908741830065359,0.49117962298194284,0.5429971988795517,0.4766001605320496,0.5162627087872186,0.4480172942930186,0.39288632119514466,0.4746764992546732,0.45610929557007984,0.46297514619883073,0.49603945437278785,0.6153846153846154,0.3852185611086539,0.5446854315275369,0.5358395989974936,0.5454013822434874,0.5536580378685642,0.44175421411740723,0.5442726863779496,0.45397831363937047,0.529832448253501,0.41783214742281993,0.513628358885796,0.4319756232249194,0.5246897230449863,0.46119943856657525,0.5127625457901329,0.4602975504053814,0.5113781837847435,0.4821270361465338,0.5602478418267893,0.47358073157796293,0.5199983147609567,0.47313543216867643,0.5333089457650861,0.4327746271219852,0.4664326508299147,0.6098927875243665,0.4237899934900825,0.6098927875243665,0.43115770817012694,0.6098927875243665,0.44369636046278615,0.6087199480181936,0.426037576340607,0.5989506172839506,0.4398578275010165,0.5989506172839506,0.42877904842449177,0.5710555555555555,0.489871669049755,0.5369339143064632,0.44500784752074724,0.5194236583522297,0.5234878395802767,0.5234878395802767,0.42540300379566004,0.5095336357414961,0.45051465019315984,0.529276702133845,0.45128971473440904,0.5035342139335975,0.4479199849669764,0.5023589439847976,0.48715353115574056,0.532481907194551,0.43676372784054834,0.5331950467582652,0.41614832771633087,0.5343672079304265,0.4413255799066817,0.5334713392184657,0.41080256559028283,0.5504004977568197,0.42279497706089647,0.5504004977568197,0.4380780319345252,0.5504004977568197,0.44913088390043054,0.5504004977568197,0.45517357971846284,0.5500416824554756,0.45053585393119555,0.5500416824554756,0.46530487710868207,0.5500416824554756,0.4520868322457143,0.5305821892028789,0.4068070570732395,0.5136826136826137,0.49114122290367507,0.5060352137219953,0.4379286141906947,0.5080877588779886,0.43739795730878067,0.49496156886961473,0.477134532134532,0.5130975141443123,0.42798230088705463,0.5162903144189286,0.45293931560327605,0.5161980626641153,0.4509707875016241,0.53204947761598,0.4551408967181019,0.53204947761598,0.4610878724612374,0.53204947761598,0.4735213415311994,0.514203622286188,0.450196883448451,0.49873067892183326,0.4641184996197262,0.514203622286188,0.45718048736416766,0.5200568475573829,0.4399431616257244,0.5179912921613499,0.45362999726168873,0.4959734774452415,0.46475577514986405,0.4807253105234114,0.45953894847448074,0.5149425287356321,0.4142949241408421,0.5043668236525378,0.44942054369640594,0.5318310406980358,0.41891106351890695,0.517039072039072,0.4301704750276185,0.5017755392755393,0.4377524185216491,0.5347723704866562,0.4319957776682923,0.5075396825396824,0.4583598635242999,0.5119803476946333,0.4577211413860398,0.4959930247796394,0.4018000393749428,0.48937845891868886,0.4261304151478701,0.47888283759251493,0.47601532567049804,0.4743602274957778,0.4171658986175116,0.4052033723382739,0.473015873015873,0.4365626223383877,0.4948485845951283,0.37616591133633004,0.5033665524051666,0.39442464833158686,0.5008885534191428,0.43894783377542024,0.5195930096176401,0.4723168994015387,0.4955720740073725,0.5032453229716062,0.5002883337242942,0.5085048871699217,0.5116517092561904,0.4381965386603571,0.5242929533697054,