{"min_species_distances":[-1.0,-1.0,-1.0,-1.0,-1.0,0.0,0.0,0.1111111111111111,0.1111111111111111,0.09090909090909091,0.0,0.0,0.0,0.0,0.0,0.0,0.0,0.0,0.0,0.0,0.09090909090909091,0.0,0.5625,0.0,0.0,0.0,0.0,0.0,0.16666666666666666,0.0,0.16666666666666666,0.0,0.0,0.0,0.0,0.0,0.058823529411764705,0.0,0.0,0.0,0.0,0.0,0.0,0.0,0.0,0.0,0.0,0.0,0.0,0.0,0.0,0.0,0.0,0.0,0.0,0.0,0.0,0.0,0.0,0.0,0.0,0.0,0.0,0.0,0.0,0.0,0.0,0.0,0.0,0.0,0.08333333333333333,0.0,0.08333333333333333,0.0,0.0,0.15384615384615385,0.0,0.0,0.06666666666666667,0.0,0.0,0.0,0.0,0.0,0.0,0.0,0.0,0.0,0.05263157894736842,0.5416666666666666,0.0,0.42105263157894735,0.0,0.47368421052631576,0.0,0.0,0.0,0.0,0.0,0.0,0.0,0.0,0.0,0.0,0.0,0.0,0.0,0.0,0.0,0.0,0.0,0.0,0.0,0.0,0.0,0.0,0.0,0.0,0.25,0.0,0.07692307692307693,0.0,0.13636363636363635,0.0,0.07692307692307693,0.0,0.0,0.4230769230769231,0.0,0.4230769230769231,0.0,0.4230769230769231,0.0,0.0,0.0,0.0,0.0,0.0,0.4230769230769231,0.0,0.2692307692307692,0.0,0.043478260869565216,0.0,0.4230769230769231,0.0,0.0,0.0,0.0,0.0,0.0,0.0,0.0,0.037037037037037035,0.0,0.0,0.0,0.0,0.0,0.07142857142857142,0.0,0.037037037037037035,0.0,0.0,0.0,0.0,0.2,0.0,0.125,0.0,0.058823529411764705,0.06666666666666667,0.0,0.0,0.0,0.0,0.0,0.0,0.07692307692307693,0.3,0.3157894736842105,0.0,0.1724137931034483,0.3181818181818182,0.0,0.3181818181818182,0.0,0.3181818181818182,0.0,0.3333333333333333,0.0,0.29411764705882354,0.29411764705882354,0.29411764705882354,0.0,0.36363636363636365,0.0,0.0,0.0,0.0,0.0,0.0,0.0,0.0,0.0,0.0,0.0,0.0,0.0,0.0,0.0,0.0,0.6551724137931034,0.0,0.6551724137931034,0.0,0.6551724137931034,0.0,0.0,0.0,0.0,0.0,0.0,0.0,0.0,0.0,0.0,0.0,0.6785714285714286,0.0,0.6785714285714286,0.0,0.6785714285714286,0.0,0.6785714285714286,0.0,0.0,0.034482758620689655,0.0,0.0,0.034482758620689655,0.0,0.034482758620689655,0.0,0.13333333333333333,0.0,0.07692307692307693,0.0,0.058823529411764705,0.0,0.07692307692307693,0.0,0.0,0.0,0.0,0.0,0.0,0.0,0.0,0.0,0.0,0.0,0.0,0.0,0.0,0.0,0.0,0.0,0.0,0.0,0.0,0.0,0.0,0.0,0.0,0.0,0.0,0.0,0.0,0.0,0.0,0.07692307692307693,0.0,0.0,0.0,0.0,0.0,0.0,0.0,0.04,0.0,0.07692307692307693,0.0,0.0,0.0,0.0,0.0,0.0,0.07692307692307693,0.0],"total_num_species":[1,1,1,1,1,7,112,28,16,13,9,35,13,7,24,8,32,9,26,12,2,20,3,20,4,19,5,20,5,21,5,19,7,14,7,13,5,19,5,22,6,15,6,20,5,14,6,11,6,26,8,16,7,18,9,14,8,21,9,14,8,17,8,11,8,9,7,7,6,49,7,65,9,106,13,7,33,10,9,29,12,7,29,7,22,9,19,10,12,5,15,6,19,6,17,7,15,7,13,7,19,10,9,9,9,13,8,20,9,30,9,22,9,16,8,26,8,22,8,24,9,22,9,35,9,39,11,7,15,7,18,7,20,9,19,10,10,12,7,19,8,21,8,17,6,17,9,24,10,8,13,9,11,8,13,8,19,8,13,8,10,10,9,9,9,31,8,51,9,65,10,12,10,10,10,10,10,10,10,9,9,55,11,9,22,9,19,9,22,9,31,10,10,10,11,8,20,10,16,8,26,11,8,14,6,16,6,19,5,20,4,19,3,20,3,24,3,15,5,12,5,16,5,18,5,19,4,17,3,15,3,16,3,14,3,9,5,5,5,30,6,33,7,48,8,59,10,12,8,33,8,33,11,6,21,7,14,8,14,8,14,9,18,9,15,9,20,10,10,13,6,12,7,10,10,10,17,6,19,7,20,7,21,9,22,7,20,7,24,7,23,7,17,8,25,9,16,10,7,12],"avg_species_distances":[-1.0,-1.0,-1.0,-1.0,-1.0,0.17857142857142855,0.1771864338828621,0.24020009238263162,0.30442129629629605,0.36050246050246026,0.3813131313131313,0.3596647143705993,0.3916621839698761,0.38539238539238535,0.37945381912773174,0.40999000999000995,0.36348950109030875,0.44280626780626786,0.4046060606060604,0.4295303181666817,0.09090909090909091,0.4380684228052645,0.5654761904761905,0.370860718229139,0.40158730158730155,0.45971976366713196,0.39642857142857146,0.4170816683316681,0.5287464985994397,0.4642279161081684,0.48719026071967253,0.44741173572442977,0.49281892244077113,0.4568679542823047,0.43867012617012624,0.4633948253857758,0.5124151583710407,0.4506563569623702,0.4226244343891402,0.4628444515662573,0.49978213507625285,0.41873373730958885,0.47226890756302525,0.46163012914520224,0.5169000933706815,0.42005663212030403,0.4117834693686087,0.5025768236829311,0.539176074470192,0.49434761866959975,0.47908390628978853,0.5145863544779957,0.48689981042922215,0.44099677502215023,0.4677411368587838,0.4712122611282279,0.5039128958566298,0.4361709702488129,0.514763649567571,0.48403429477598287,0.5111315936124121,0.44768193763308295,0.49694423223834977,0.4941585114103135,0.526180926916221,0.505751605282722,0.554634150542079,0.554634150542079,0.5586056644880174,0.5033361511291615,0.5452949295660291,0.4985670115850255,0.49294303644793835,0.47103199658526795,0.46705759642173067,0.5609527211694394,0.3911620120791954,0.5336995930671616,0.5540772531997799,0.4212568126964282,0.5101332796715756,0.5503571019050895,0.4692358899849001,0.5676413255360624,0.4301954008610357,0.5104126055880442,0.41880578639581406,0.5006786301265145,0.4956675892047409,0.6193567251461989,0.46511089816043394,0.5972319688109162,0.42274441727350337,0.5932470064049011,0.4422848694133524,0.5670565302144249,0.44421032740581573,0.5670565302144249,0.46460944026733497,0.5685185185185185,0.45085557460903697,0.5338693957115009,0.5514207973637798,0.5514207973637798,0.5417618119372505,0.524319304096192,0.5639985380116959,0.4904090017533952,0.557715785676312,0.45424961419950705,0.5312256335282651,0.48088217888286305,0.543255708716235,0.500208801813493,0.5618376297887576,0.447593725572673,0.5645764166910784,0.47467466855115853,0.5712406015037593,0.41212814376119034,0.5564407709630822,0.45460012207538075,0.5542947426757495,0.47566427569571623,0.554966411988723,0.5007442421699096,0.5394948254509432,0.5810703698248648,0.4832610962357132,0.5810703698248648,0.47117538166841955,0.5784059707318943,0.49044270308759075,0.5567620917306271,0.4661418009254134,0.5620763400511682,0.5613377067038392,0.5435489045198842,0.5770808638167251,0.5096790126917798,0.5649489546902917,0.5042337147796456,0.5579219315064361,0.49016510198196894,0.5915131245566028,0.5128969232509412,0.5394152144152143,0.4872984801598869,0.5332842618108319,0.5519878930593215,0.5112194548091986,0.5352018352018351,0.5310725061792255,0.5662048929906073,0.46388543823326434,0.5408237207926648,0.4452069415456143,0.5301513358966776,0.47234205593737383,0.5497743328100471,0.5171876724098946,0.5222291412291411,0.524060563921675,0.5398373128928686,0.5288674648396872,0.46504443915477023,0.5719126111983254,0.44723209224232213,0.5537979150479151,0.4443289732188699,0.5322204092204093,0.5043285210531199,0.5414980574980575,0.539186166659851,0.539186166659851,0.539186166659851,0.539328616802301,0.536379449011028,0.5392226993279625,0.5422544438991808,0.5476146928120613,0.4671511690482028,0.5461940981528509,0.5421059812507181,0.48264345750545556,0.5430283459230828,0.4992639407941731,0.5430283459230828,0.4897493296177509,0.545359348254085,0.49058731561421676,0.5371622609703106,0.5371622609703106,0.5371622609703106,0.5295013220197572,0.562791969934827,0.44656928471561036,0.5363068815242727,0.4863234543234542,0.5477472527472528,0.48487930624713027,0.5086024946839993,0.5028669606255814,0.5202453168196948,0.5463099219620958,0.5294640743565479,0.5064335664335664,0.539697324630552,0.5830478309232481,0.5035766487000364,0.5879310344827585,0.500544294109595,0.7045977011494253,0.5140986002388442,0.7045977011494253,0.5042536171380846,0.7045977011494253,0.5094801485585929,0.5910155316606931,0.5205506704394356,0.49214285714285716,0.5035073491799926,0.5075274725274725,0.4890132738767011,0.49214285714285716,0.45424268280606267,0.580952380952381,0.5145644871930866,0.6976190476190475,0.5216865327063683,0.6976190476190475,0.5156577651738943,0.6976190476190475,0.4852415751564991,0.6976190476190475,0.43057902372418516,0.591904761904762,0.5988752052545155,0.5933333333333335,0.5034898241549789,0.5879310344827586,0.4666572839060094,0.5647734956051386,0.46769996112678164,0.5088151927437642,0.4411602039765671,0.5160472479590126,0.473340997238056,0.5108343337334934,0.44631847767626404,0.5217081704476663,0.41099271404035853,0.4588840330635996,0.5661069340016708,0.3732196639339493,0.549546485260771,0.4004209241051348,0.5350340136054422,0.4025175252287147,0.5282529813544851,0.43304661011087703,0.5164021164021165,0.3998303510232118,0.5002471456418826,0.4439583390711213,0.481456043956044,