{"min_species_distances":[-1.0,-1.0,-1.0,-1.0,0.25,0.0,0.0,0.0,0.09090909090909091,0.1,0.0,0.0,0.0,0.0,0.0,0.0,0.0,0.0,0.0,0.0,0.0,0.0,0.0,0.0,0.0,0.0,0.0,0.0,0.0,0.08333333333333333,0.0,0.0,0.0,0.0,0.0,0.0,0.0,0.0,0.0,0.05263157894736842,0.0,0.0,0.0,0.4,0.0,0.35294117647058826,0.0,0.0,0.06666666666666667,0.0,0.06666666666666667,0.0,0.0,0.0,0.0,0.0,0.0,0.0,0.0,0.0,0.0,0.0,0.0,0.0,0.0,0.0,0.0,0.0,0.0,0.0,0.0,0.0,0.0,0.0,0.0,0.0,0.0,0.0,0.0,0.0,0.0,0.0,0.0,0.0,0.0,0.5263157894736842,0.5263157894736842,0.0,0.07142857142857142,0.0,0.07142857142857142,0.0,0.0,0.0,0.0,0.0,0.0,0.07692307692307693,0.0,0.0,0.0,0.058823529411764705,0.0,0.3333333333333333,0.0,0.0,0.0,0.0,0.0,0.05,0.0,0.0,0.0,0.0,0.0,0.0,0.0,0.08333333333333333,0.0,0.0,0.0,0.0,0.0,0.0,0.0,0.0,0.0,0.0,0.0,0.0,0.1875,0.0,0.0,0.0,0.0,0.0,0.2777777777777778,0.0,0.0,0.047619047619047616,0.0,0.0,0.45454545454545453,0.0,0.0,0.0,0.0,0.0,0.0,0.07142857142857142,0.0,0.05555555555555555,0.0,0.0,0.0,0.17391304347826086,0.0,0.045454545454545456,0.2777777777777778,0.0,0.2777777777777778,0.0,0.2777777777777778,0.0,0.2777777777777778,0.0,0.2777777777777778,0.0,0.2777777777777778,0.0,0.1111111111111111,0.2777777777777778,0.0,0.1111111111111111,0.2608695652173913,0.0,0.2608695652173913,0.0,0.0,0.0,0.0,0.0,0.0,0.0,0.0,0.0,0.0,0.0,0.0,0.0,0.0,0.0,0.0,0.0,0.0,0.043478260869565216,0.0,0.043478260869565216,0.0,0.09090909090909091,0.0,0.0,0.0,0.0,0.0,0.0,0.0,0.07142857142857142,0.0,0.0,0.0,0.043478260869565216,0.0,0.0,0.0,0.0,0.0,0.07142857142857142,0.0,0.043478260869565216,0.08695652173913043,0.0,0.07142857142857142,0.0,0.0,0.0,0.0,0.0,0.0,0.05555555555555555,0.0,0.0,0.0,0.0,0.0,0.0,0.0,0.0,0.15,0.0,0.07142857142857142,0.0,0.0,0.0,0.0,0.0,0.0,0.0,0.0,0.0,0.0,0.0,0.0,0.0,0.0,0.0,0.0,0.0,0.0,0.0,0.0,0.0,0.0,0.0,0.0,0.0,0.0,0.0,0.0,0.0,0.0,0.4827586206896552,0.0,0.0,0.0,0.0,0.0,0.0,0.0,0.0,0.0,0.6333333333333333,0.0,0.5,0.0,0.0,0.0,0.0,0.0,0.041666666666666664,0.0,0.0,0.0,0.0,0.0,0.0,0.0,0.0,0.0,0.0],"total_num_species":[1,1,1,1,2,9,143,39,19,10,20,7,29,14,6,32,6,34,6,22,9,16,10,10,10,9,12,6,22,7,18,10,9,10,9,10,12,8,17,7,18,7,12,6,22,8,18,11,6,26,8,30,10,9,24,11,7,19,8,12,7,22,8,17,6,22,9,18,7,13,7,14,8,24,8,16,8,21,10,16,4,10,7,10,6,5,5,12,6,20,9,12,11,9,13,8,14,9,18,9,11,8,11,7,21,9,14,10,12,7,13,7,13,8,16,8,18,6,15,7,19,7,13,9,17,7,10,8,8,10,10,13,9,22,9,21,9,23,11,9,15,12,6,17,8,10,9,9,13,8,15,9,10,9,66,9,71,11,8,30,8,25,8,37,8,34,8,38,8,44,10,9,34,10,10,11,9,21,11,9,21,10,9,21,10,10,9,17,15,7,28,6,23,7,16,5,19,6,13,7,23,5,15,6,13,6,21,7,10,7,7,7,17,8,17,8,15,7,23,10,8,28,8,21,10,9,29,9,25,10,9,22,10,10,10,9,14,10,10,13,8,20,9,16,9,26,10,10,12,8,16,8,20,10,12,6,19,6,11,6,25,7,14,7,22,7,21,7,13,5,16,4,18,5,14,5,11,4,22,5,13,3,15,3,19,4,17,5,11,4,20,6,16,5,16,6,23,7,10,8],"avg_species_distances":[-1.0,-1.0,-1.0,-1.0,0.25,0.2199074074074074,0.2160103198835592,0.2728332583595751,0.3264782326185835,0.3554545454545456,0.3357279562542713,0.3677179962894249,0.365208477893208,0.37807577038346235,0.4208658008658007,0.39240111367127695,0.4262626262626262,0.378627373814543,0.39861111111111114,0.4033282734581432,0.43789035039035046,0.408494318181818,0.44903085476614896,0.4413906028611911,0.415858585858586,0.4268865121806298,0.43373459576668144,0.4523520923520923,0.3841432257016673,0.4912827252112966,0.4201614652595044,0.44835016835016844,0.4567866161616161,0.4604545454545454,0.4567866161616162,0.48481006647673314,0.5009022642694891,0.48988807245386196,0.43089498059989545,0.5314476215792004,0.4207388892115408,0.49803391053391044,0.4732172200473637,0.539587542087542,0.4694914513096334,0.540056608767909,0.5019638090268823,0.5026130363366502,0.4983523201944254,0.4598467127722904,0.4916384915210103,0.4434559169404903,0.45668843826738575,0.47068871065581597,0.46615996713797575,0.4695059232914565,0.5178146484537463,0.4664391763775288,0.5475809542317724,0.5062786419650338,0.5242145768461559,0.4392115064203038,0.5170833161199703,0.46004906686021213,0.44795321637426905,0.46727526669426817,0.5161050775085863,0.38634104113980244,0.4975534073278436,0.4939217550925693,0.5256892230576442,0.49379313388388674,0.5200296717877435,0.4778684268723314,0.5218540857638603,0.3697252747252743,0.48193319838056686,0.4915214409895973,0.4986007800249287,0.5022161026108394,0.3333333333333333,0.5395503017794039,0.5142979999017152,0.4912128360115976,0.5582583910757286,0.607061772077252,0.607061772077252,0.41496115683422174,0.5526217504545679,0.3495118959580422,0.5034433825261999,0.44101842430015814,0.438890115732221,0.4849753741652608,0.428787420968595,0.5258092710768519,0.40246390053997305,0.5158323132071844,0.3911521312943339,0.5013505304655977,0.4698208087062577,0.5197403961584636,0.4503905932388907,0.5470275829630099,0.3855192954374732,0.5073789457303391,0.4246980303592422,0.48092628084372174,0.47040383936668784,0.5344810438795401,0.4464798244984004,0.5249950272506665,0.44393014965770405,0.5215702947845805,0.39275236702868277,0.48592341242717196,0.45221456294727685,0.5719329890382522,0.4579541566759609,0.551745525429736,0.42490424959261475,0.5421568854063133,0.4755302837682701,0.5171317702377008,0.41742980008729097,0.553579899934918,0.49403444565153193,0.5404875413170609,0.5404875413170609,0.5129803290076094,0.49963974219695056,0.44129273504273503,0.5147889715872173,0.35887108963734315,0.5147889715872173,0.3844713087255102,0.5170557918364937,0.40648546102632677,0.4810004349717271,0.50922940769432,0.4322429386427621,0.4623765566349299,0.57463861674388,0.4718820404849122,0.5302840434419382,0.522540511724341,0.5334692590794803,0.5334692590794803,0.4359341823031417,0.5442644525392156,0.4038779140623265,0.5129207149039339,0.500283628849609,0.5269862549801526,0.45005373371541535,0.5374278728588417,0.4723805705143319,0.5198444780954662,0.5344460577379834,0.43898398734862,0.5363786489562888,0.46575995984691637,0.5363786489562888,0.4696380369025854,0.5345276068960281,0.43991090242984804,0.5345276068960281,0.4733745412755839,0.5345276068960281,0.46019167117953,0.4958499458925716,0.5147864996263167,0.4506434270959644,0.4967211525373234,0.5080047230504896,0.4737375313358254,0.5232819390189718,0.3972565424477812,0.5019742358051077,0.5132490523079769,0.44602216014344137,0.515199824330259,0.5251866490996927,0.42909563693725156,0.49849917393395654,0.42950666081100863,0.45300834431269216,0.47666176907065677,0.48220160791589417,0.39016697588126154,0.4875195221796315,0.45537361189535114,0.4827463752760188,0.527473716759431,0.4692252185549288,0.5287384716732542,0.45339583649016685,0.4792568542568543,0.4953630695659685,0.5494619666048237,0.47600856388696466,0.2545454545454545,0.3920114888562094,0.4696392496392497,0.4727869791136236,0.4420454545454545,0.44738734664614616,0.5378748469084604,0.4538956307498507,0.5307173073839742,0.5437352550447789,0.548252476953305,0.4748004691978481,0.5287734487734487,0.48997625289227476,0.5439411344016608,0.4812570169086458,0.5646716599097552,0.4774954316863578,0.5322570424744338,0.5414749946970445,0.45424550010751813,0.54883658008658,0.48231762606398215,0.5279734952148745,0.5290108598298252,0.44231232087821476,0.526531564965473,0.44656237375807933,0.5064275628791759,0.5327487625874723,0.44426737681505307,0.5153820636579258,0.5209094917428251,0.519767115600449,0.5300349727433061,0.4899460856603714,0.5219713403880071,0.5229792830626164,0.46440423002923015,0.5544320114409401,0.4485570934913041,0.5229226791726792,0.4751707159473385,0.5309299795186893,0.4254322485648741,0.5362819165658921,0.5386348661480506,0.5134941600698562,0.5204975566305615,0.464775156091248,0.5252380952380953,0.45757923782148496,0.45267754979332525,0.4949067369866061,0.49224543572369656,0.49352338050024336,0.523614978225173,0.5270427248005277,0.47466266866566714,0.47189407543980233,0.4148315452663279,0.49793251297856156,0.44720496894409945,0.4773151633268651,0.5119511672735062,0.46410497090781955,0.3188405797101449,0.4388624597957433,0.447376311844078,0.44266481342662,0.5962435448942196,0.4187896247954454,0.2608695652173913,0.4749051298526559,0.5237681159420291,