{"min_species_distances":[-1.0,-1.0,-1.0,-1.0,0.0,0.0,0.1,0.0,0.0,0.0,0.0,0.0,0.0,0.09090909090909091,0.0,0.1,0.0,0.0,0.0,0.08333333333333333,0.5,0.0,0.0,0.0,0.5263157894736842,0.0,0.0,0.0,0.0,0.0,0.0,0.0,0.0,0.0,0.0,0.09523809523809523,0.0,0.06666666666666667,0.0,0.09523809523809523,0.0,0.0,0.0,0.0,0.47619047619047616,0.0,0.5,0.0,0.5,0.0,0.4782608695652174,0.0,0.4782608695652174,0.0,0.043478260869565216,0.0,0.0,0.0,0.2727272727272727,0.0,0.2727272727272727,0.0,0.14285714285714285,0.0,0.2727272727272727,0.0,0.09090909090909091,0.0,0.0,0.0,0.0,0.0,0.0,0.0,0.0,0.0,0.0,0.0,0.0,0.0,0.0,0.0,0.0,0.47368421052631576,0.0,0.0,0.04,0.0,0.04,0.0,0.0,0.4444444444444444,0.0,0.0,0.0,0.15789473684210525,0.0,0.0,0.0,0.0,0.0,0.0,0.375,0.0,0.2857142857142857,0.0,0.14285714285714285,0.06666666666666667,0.0,0.35294117647058826,0.0,0.0,0.0,0.0,0.0,0.375,0.0,0.2631578947368421,0.0,0.16666666666666666,0.3684210526315789,0.0,0.0,0.0,0.0,0.0,0.0,0.0,0.0,0.14285714285714285,0.0,0.0,0.0,0.0,0.0,0.0,0.0,0.0,0.0,0.0,0.0,0.0,0.0,0.0,0.0,0.0,0.0,0.0,0.0,0.0,0.0,0.0,0.0,0.0,0.05555555555555555,0.0,0.0,0.4782608695652174,0.0,0.0,0.0,0.09090909090909091,0.0,0.0,0.0,0.0,0.0,0.0,0.0,0.0,0.0,0.0,0.0,0.0,0.16666666666666666,0.09090909090909091,0.0,0.0,0.0,0.0,0.0,0.0,0.0,0.0,0.2857142857142857,0.0,0.0,0.0,0.0,0.09090909090909091,0.0,0.09090909090909091,0.0,0.0,0.0,0.0,0.0,0.0,0.0,0.0,0.0,0.0,0.0,0.0,0.0,0.0,0.05,0.0,0.047619047619047616,0.0,0.0,0.037037037037037035,0.0,0.0,0.0,0.0,0.0,0.0,0.0,0.0,0.09090909090909091,0.05555555555555555,0.0,0.0,0.0,0.05555555555555555,0.0,0.2857142857142857,0.0,0.0,0.0,0.0,0.0,0.0,0.0,0.0,0.0,0.0,0.5151515151515151,0.0,0.09090909090909091,0.0,0.08695652173913043,0.0,0.08333333333333333,0.0,0.0,0.0,0.0,0.0,0.0,0.0,0.0,0.0,0.0,0.0,0.0,0.0,0.0,0.0,0.0,0.0,0.0,0.0,0.0,0.08695652173913043,0.0,0.0,0.0,0.0,0.0,0.0,0.0,0.0,0.0,0.0,0.0,0.0,0.0,0.0,0.0,0.0,0.0,0.0,0.0,0.0,0.0,0.0,0.0,0.0,0.0,0.0,0.0,0.48148148148148145,0.0,0.0,0.0,0.125,0.0,0.0],"total_num_species":[1,1,1,1,3,19,14,11,5,28,9,31,12,7,15,9,28,11,4,11,3,24,5,15,3,19,3,15,5,9,8,8,11,7,22,7,29,8,24,7,27,8,26,11,5,19,5,16,5,14,5,11,5,10,7,22,7,20,6,17,7,21,8,32,7,36,10,11,8,20,9,31,9,33,9,27,9,31,9,37,12,9,17,6,9,15,9,14,9,14,11,6,17,7,15,8,10,9,9,14,8,13,7,29,8,33,10,10,11,8,16,9,19,9,10,8,30,9,38,12,8,25,9,23,10,10,10,10,11,7,24,9,18,10,12,8,17,8,25,6,23,5,18,5,23,9,23,10,10,9,10,9,8,8,10,10,11,6,19,9,16,8,35,9,31,10,15,9,14,7,21,9,18,11,8,11,9,9,9,17,10,10,9,17,9,20,11,10,13,8,13,8,12,8,18,10,10,10,11,7,23,10,8,11,8,14,8,17,5,19,7,8,8,10,10,10,9,20,10,10,11,9,19,9,21,9,31,8,21,8,21,8,17,10,10,13,9,15,7,21,8,19,9,19,9,21,10,10,11,8,21,7,27,9,26,7,27,8,27,7,28,8,22,8,21,8,40,9,23,6,26,7,23,9,24,7,28,8,20,8,17,7,24,7,29,8,20,7,27,9,13,9,19,6,22,7,26,6,21,9],"avg_species_distances":[-1.0,-1.0,-1.0,-1.0,0.16666666666666666,0.2136823540332312,0.30622710622710597,0.34727272727272734,0.32,0.3313262868818413,0.4100848225848226,0.35551871068000207,0.4002590843499933,0.46709956709956707,0.43487219130076255,0.4839604839604841,0.42237655422179327,0.46060189365002213,0.48739495798319327,0.4845083080911959,0.5784313725490197,0.47192946764726285,0.4476190476190475,0.4414553855730328,0.6035087719298246,0.48131455830453695,0.38095238095238093,0.46686152238673284,0.4935839598997493,0.5051642586859306,0.4874462943071966,0.5072368421052632,0.5125853583980519,0.5319858712715855,0.45551805926640115,0.5524953638675444,0.4700099496264601,0.5279191568665252,0.464893356812694,0.5455956741671028,0.4758168188224291,0.5180042180042179,0.45652042170737106,0.5022312987384758,0.5933699633699634,0.43788816700716027,0.6124175824175824,0.41185101204838065,0.6124175824175824,0.36959485996438757,0.610243669374104,0.43872799622539604,0.610243669374104,0.46135891483717584,0.5456230105298427,0.4435882359583658,0.5391433962862534,0.45432685005053464,0.5815395715395716,0.4636095602668748,0.568168339596911,0.4653314855570499,0.5516864088292659,0.4749885299001906,0.5742836528550814,0.47374366767469095,0.5495189995189995,0.5520717622298651,0.5546285559678417,0.5235747872063324,0.5382917055711174,0.499529387597616,0.5171422735760971,0.4931094346281213,0.5107864357864358,0.4721691512470136,0.5247172353790002,0.49732952450414797,0.5560931914853483,0.4755818484856149,0.4987927266987217,0.44800773844891484,0.4662681725284162,0.6223130687681772,0.5431840984666062,0.5295165338862818,0.5709315202246059,0.4624960100590354,0.5766310278320081,0.517433441370093,0.539164316966456,0.6103159041394336,0.5012930559924502,0.5826181987946694,0.4438642729819199,0.5632292629970649,0.5203046807948766,0.5258062652670494,0.5290515448603683,0.40711318265497815,0.5555608607079197,0.47040766680859536,0.5878568599156835,0.4252278020426845,0.5651336292092596,0.46655656142252266,0.5515484176396365,0.5448528704411056,0.5306485404078989,0.5607386894151601,0.4731005363278383,0.5414683129143912,0.4710842515280078,0.5507856341189673,0.5017957351290685,0.5641233766233767,0.4338556963757141,0.5461412369307106,0.4223679912974358,0.5298866657000629,0.5636012379433433,0.40669622557238605,0.5511917419812156,0.4419513817104288,0.5327683439138545,0.5327683439138546,0.5327683439138546,0.5337487360707173,0.5142922327695757,0.5766199355872067,0.4608095044989313,0.551183985910508,0.4887971124904292,0.5521359722340115,0.5317552594959012,0.4761000093817431,0.5244697344178316,0.5381402561024409,0.4747282526153388,0.5678521913816031,0.4978901310277327,0.5542909917590224,0.4996035573605793,0.5506962205171924,0.49239076833452333,0.5000501011143426,0.5019125073533187,0.5533367663563742,0.5461793039955198,0.5236631016042781,0.5633064834190153,0.5450433048270352,0.5837875005074492,0.56810381666015,0.5787117603467943,0.5653608003637138,0.5534479156016808,0.6284722614224697,0.48801650384227,0.5650819267365583,0.5135878940212766,0.5899276666191943,0.44376899976954504,0.5651361547064252,0.4295405358799734,0.5520352554658716,0.4607670118790137,0.5450111608638131,0.48539968324732496,0.6117607923523276,0.4360530414253355,0.5671808620776321,0.45763020590198594,0.5178219388070059,0.5951192319364239,0.5410104687137507,0.5608372518426405,0.5724831825404524,0.571691207165851,0.45277443176419074,0.559359632563786,0.5564517966072122,0.5796744183984363,0.4611417871966444,0.5815722503723076,0.4418114051545934,0.5478014678558155,0.56699192239238,0.5150123513294547,0.5991380151598973,0.4980519415761178,0.5991380151598972,0.514258860138605,0.579198243832826,0.4946193262961117,0.5715006538719354,0.5767613857877015,0.5624297121007648,0.544054494150188,0.5597612130976792,0.5208423367759281,0.5307030449421752,0.4527950310559005,0.5652156005876103,0.5604677277609609,0.531621427415428,0.6056071121860594,0.44212862730664676,0.5740620782726046,0.47737919821022373,0.568283846479335,0.5773165431060167,0.581890540537157,0.5743829313419957,0.5812762546095881,0.5819496552829888,0.5798821548821548,0.4202302083881032,0.5600365212129919,0.5586088905043154,0.5475916873777837,0.5700053093843944,0.44434760158874387,0.5714260624391344,0.43324476540162865,0.5726203111824026,0.3914107305475188,0.5975167106469627,0.44607581524137585,0.5984309069393104,0.4396595268923147,0.5984309069393104,0.48570441477015863,0.5715528069122843,0.5585719630164075,0.5271392151343728,0.5537362842918399,0.5000083898115745,0.6141740094121046,0.45988538901704157,0.6064371216545129,0.4432196388450485,0.5908802237304653,0.4600272797276561,0.5845607581718694,0.4742477507640415,0.5565574343352121,0.5773724218168662,0.57145522827341,0.6042000327714615,0.5089062181467103,0.5905082571749238,0.4911890755492226,0.5786677314455093,0.5208462663781083,0.5324675324675324,0.47195234945047504,0.5642769928484211,0.4921262760331589,0.5871949919568965,0.5232001844983567,0.4872964337250051,0.4708530351474663,0.5291464631526742,0.5352432885684493,0.5809095897564351,0.48706619531044426,0.5407180268291377,0.4958120587008665,0.592063492063492,0.47843390060232194,0.558390022675737,0.5167665172657441,0.5706036672220246,0.49862560310977533,0.5385090429086287,0.47626145889500515,