{"min_species_distances":[-1.0,-1.0,-1.0,-1.0,0.25,0.0,0.1,0.0,0.1,0.08333333333333333,0.0,0.0,0.0,0.0,0.0,0.0,0.0,0.0,0.0,0.06666666666666667,0.4666666666666667,0.0,0.0,0.0,0.0,0.0,0.0,0.0,0.06666666666666667,0.0,0.0,0.0,0.0,0.0,0.0,0.0,0.0,0.0,0.0,0.0,0.0,0.0,0.0,0.0,0.058823529411764705,0.0,0.1111111111111111,0.0,0.1111111111111111,0.1111111111111111,0.0,0.38461538461538464,0.0,0.0,0.0,0.0,0.0,0.0,0.0,0.0,0.0,0.0,0.0,0.0,0.0,0.0,0.0,0.0,0.0,0.0,0.0,0.0,0.0,0.0,0.0,0.0,0.0,0.0,0.0,0.0,0.0,0.0,0.0,0.0,0.0,0.0,0.0,0.0,0.0,0.0,0.0,0.0,0.0,0.0,0.0,0.0,0.0,0.047619047619047616,0.0,0.0,0.0,0.0,0.0,0.3076923076923077,0.0,0.3076923076923077,0.0,0.3076923076923077,0.0,0.0,0.0,0.0,0.06666666666666667,0.0,0.07692307692307693,0.0,0.07692307692307693,0.0,0.0,0.058823529411764705,0.0,0.0,0.0,0.0,0.0,0.0,0.0,0.0,0.0,0.0,0.0,0.0,0.0,0.08,0.0,0.0,0.0,0.0,0.0,0.0,0.0,0.0,0.0,0.0,0.0,0.0,0.0,0.0,0.0,0.0,0.0,0.0,0.08333333333333333,0.3076923076923077,0.0,0.07142857142857142,0.0,0.26666666666666666,0.0,0.0,0.0,0.0,0.0,0.0,0.0,0.0,0.0,0.0,0.0,0.0,0.0,0.0,0.0,0.0,0.0,0.0,0.0,0.0,0.0,0.0,0.041666666666666664,0.0,0.0,0.0,0.0,0.0,0.0,0.038461538461538464,0.0,0.0,0.0,0.0,0.0,0.0,0.0,0.0,0.3076923076923077,0.0,0.041666666666666664,0.0,0.0,0.0,0.0,0.0,0.0,0.0,0.0,0.0,0.0,0.0,0.0,0.0,0.08333333333333333,0.0,0.041666666666666664,0.0,0.0,0.0,0.0,0.0,0.0,0.0,0.0,0.0,0.0,0.0,0.0,0.0,0.0,0.0,0.0,0.0,0.0,0.0,0.0,0.0,0.5806451612903226,0.0,0.1,0.0,0.05555555555555555,0.0,0.038461538461538464,0.0,0.0,0.0,0.038461538461538464,0.0,0.0,0.0,0.0,0.0,0.0,0.0,0.0,0.0,0.034482758620689655,0.03125,0.034482758620689655,0.0,0.0,0.09090909090909091,0.0,0.045454545454545456,0.1,0.0,0.1,0.0,0.0,0.06666666666666667,0.0,0.0,0.0,0.47058823529411764,0.0,0.0,0.0,0.0,0.03333333333333333,0.0,0.0,0.0,0.0,0.0,0.0,0.0,0.0,0.0,0.0,0.0,0.0,0.0,0.0,0.0,0.0,0.0,0.0,0.0,0.029411764705882353,0.0],"total_num_species":[1,1,1,1,3,21,9,62,20,13,8,21,12,8,21,8,23,9,24,11,4,21,6,23,4,25,6,11,8,25,8,22,6,14,9,17,7,17,6,10,9,10,10,9,9,22,9,32,10,10,15,7,22,10,10,10,13,7,31,10,9,23,9,27,8,29,8,24,11,7,16,6,18,8,14,8,17,6,21,8,19,8,19,7,14,8,19,8,16,7,16,7,10,9,8,13,8,7,14,8,23,7,30,7,37,7,39,8,38,8,24,10,10,15,8,17,9,24,12,8,23,10,15,8,14,7,16,7,20,8,16,6,15,6,17,6,16,5,22,6,14,5,16,5,20,5,6,10,6,6,7,34,11,6,24,9,32,8,27,11,8,18,9,11,10,11,6,20,8,24,8,24,8,27,8,28,8,16,7,23,6,12,8,11,9,13,12,6,10,8,17,8,11,10,10,11,5,16,3,23,4,18,6,17,6,18,6,15,5,27,7,20,7,20,6,19,6,17,5,22,6,14,5,23,5,22,6,16,6,16,6,20,7,15,6,14,4,15,5,21,5,22,6,27,7,15,7,23,7,23,9,13,5,12,6,10,6,8,7,9,56,8,73,14,7,25,8,37,14,9,20,10,13,6,23,7,32,9,14,9,22,9,17,10,14,6,25,7,14,8,20,9,11,8,18,10,7,12,7,11],"avg_species_distances":[-1.0,-1.0,-1.0,-1.0,0.25,0.23876606198034822,0.3089506172839506,0.29028782193774416,0.351288828130933,0.3727466977466975,0.39178321678321687,0.379318776461634,0.3907811885084611,0.30324675324675315,0.42428513285656155,0.3589285714285713,0.4352963242291299,0.43354377104377106,0.4345024540676716,0.46274210637847013,0.5404761904761904,0.45876377590663253,0.4539682539682539,0.43992384427166975,0.20000000000000004,0.45087235449735386,0.2972222222222222,0.4714685819231274,0.5138238249845392,0.4564417388167384,0.505453772418058,0.43148273083338,0.43840909090909086,0.48768731268731297,0.47291666666666665,0.4617601184858973,0.5432486631016042,0.35990631881094737,0.47416666666666674,0.4891068580542265,0.4272058823529411,0.473989898989899,0.49432098765432103,0.48672839506172827,0.48787218591140163,0.48586837397952803,0.5240559186637618,0.4507768561359054,0.5072869215026078,0.5037684029840894,0.46219659969660004,0.5398097273097273,0.45373739451279604,0.514543481210148,0.5099648263863951,0.5138863950138461,0.4987440581852945,0.5227456367162249,0.450581334822322,0.5118091966131183,0.47507297078375504,0.45888680799166737,0.4812426680073739,0.4576755846615075,0.4799612152553328,0.4490301891150615,0.501890331031198,0.46895037399858047,0.4933735545500254,0.4893806937979871,0.4640585839598998,0.393584656084656,0.5009258576725036,0.49599785089474374,0.5029381388182803,0.49609440267335003,0.4485719687771908,0.4200877192982456,0.5027095516569199,0.42725136705399863,0.464509959108297,0.47854010025062665,0.5014443838197302,0.4497493734335841,0.4785844481333203,0.4703555764411028,0.4848965848965849,0.5239415503043323,0.47257215007215037,0.5180239559938808,0.4432329165717326,0.5047111827187015,0.5303557312252966,0.5279250841750844,0.5547787099029335,0.4748834498834499,0.5757915997046432,0.5849766520573975,0.5187195667845452,0.5651291643139469,0.4749206749314163,0.5880230880230881,0.46774673019800483,0.5742471813900386,0.4779884811950023,0.5720826792255364,0.4697753276960285,0.5519149005756149,0.47418050062786965,0.5337192569335426,0.4657664220624995,0.5289561127725381,0.5301201339365591,0.4686298039817707,0.5542141605806202,0.4137588790921589,0.540218459300585,0.39416232544522134,0.49938434209533933,0.5553877069222339,0.46330479631936355,0.5192091608516729,0.5232134268434349,0.490385284548602,0.5034857599673092,0.54829236042243,0.5174997973751173,0.488634979683573,0.5252833315560473,0.5042053772830121,0.4777181355634041,0.5691330805185644,0.5139819096054211,0.5503111679454391,0.49315765163571657,0.5809605001420858,0.4794015580297722,0.6057595907928388,0.4720052994038154,0.49813157146916737,0.5018180808040564,0.6009377664109123,0.4286857811450064,0.6009377664109123,0.3526363256370839,0.6004262574595056,0.543298285497774,0.43148369170534556,0.5721038173723597,0.5721038173723597,0.5393308619011944,0.4384988978687641,0.4494159486951862,0.5804588279012833,0.3365983074680117,0.49847430363201894,0.31042396794771426,0.520279198635976,0.37453624758038234,0.4612554623552067,0.5148142227905653,0.3878906995212599,0.4887871593887152,0.46144351811870987,0.45838691998538533,0.47057156327616684,0.5848493890309746,0.44786627213814606,0.5229801050855125,0.4133206864117016,0.541593870749881,0.4546199699065815,0.5299470659909481,0.45593225610675997,0.5307629138611968,0.41699606229550856,0.5393807246218646,0.4521111958923829,0.5292656192911949,0.41555337454346103,0.5706831486217675,0.4899269764998666,0.527540951163074,0.49260895298351715,0.521811470554011,0.4918042740135476,0.48087970934402,0.5871292106586224,0.4929238334357913,0.5251673133021323,0.5133296872752645,0.5449742606072528,0.5362325447195551,0.491496731472203,0.507233746960942,0.5273904518976534,0.6231439584380762,0.49253600633959665,0.48188405797101447,0.4382312258664924,0.3638285024154589,0.40501291152257496,0.5001633986928106,0.4946275715460685,0.4110732215591551,0.5053172049358401,0.42406962205171916,0.5286813149067967,0.5377450980392158,0.4868922661256462,0.5244231176012034,0.5104820363724212,0.4190557980031664,0.4524340534386799,0.584750948055384,0.5071509576806843,0.551203809859776,0.4641016043266837,0.46905370843989774,0.4921550843640808,0.5125844317660174,0.48469324381171436,0.6128218243819268,0.48868061861000817,0.5698095238095238,0.4979759977296918,0.5533273001508295,0.4850387699971885,0.5022745098039215,0.5040345347688151,0.569808101296945,0.512446284073486,0.530881275587158,0.44741307644350287,0.41934238310708893,0.4781681244379368,0.667843137254902,0.5038980913465725,0.5695294117647058,0.43599202089516376,0.5308627450980392,0.4170524581550403,0.5286993006993007,0.48011768837520175,0.5325925925925926,0.49247810343778087,0.5230044030044029,0.44683034517935066,0.48748288748288743,0.47139066468419777,0.5358855688387854,0.4845393817906361,0.5814901960784316,0.503936269794113,0.5862654320987654,0.4408452380952383,0.5601023213883255,0.5171091367581516,0.5117597153804051,0.5235357370917718,0.5239105702511454,0.5590956006226943,0.4819104111989517,0.4960635108228893,0.588661420681125,0.4118556197986334,0.5634711470795214,0.406065871762332,0.4792360046168305,0.5517150777064569,0.44411791173134185,0.5340254734372382,0.5073798130017898,0.6186179472994889,0.4501562782050876,0.6013265526450111,0.45529083278768284,0.5679146330915841,0.5181753766595395,0.5678190536456257,0.45625365980529636,0.5404369266211371,