{"min_species_distances":[-1.0,-1.0,-1.0,-1.0,-1.0,0.0,0.0,0.1111111111111111,0.1111111111111111,0.0,0.0,0.0,0.0,0.0,0.0,0.0,0.0,0.16666666666666666,0.0,0.0,0.0,0.0,0.0,0.0,0.0,0.0,0.0,0.0,0.0,0.07142857142857142,0.0,0.0,0.0,0.0,0.0,0.0,0.0,0.0,0.0,0.0,0.0,0.06666666666666667,0.0,0.0,0.0,0.125,0.0,0.23529411764705882,0.0,0.23529411764705882,0.0,0.2777777777777778,0.0,0.07692307692307693,0.0,0.05555555555555555,0.07692307692307693,0.0,0.07692307692307693,0.0,0.07692307692307693,0.0,0.07692307692307693,0.0,0.07692307692307693,0.0,0.07692307692307693,0.0,0.07692307692307693,0.0,0.0,0.07692307692307693,0.0,0.07142857142857142,0.0,0.0,0.0,0.0,0.0,0.0,0.0,0.0,0.0,0.0,0.0,0.0,0.0,0.0,0.0,0.0,0.0,0.0,0.0,0.0,0.0,0.0,0.0,0.0,0.0,0.0,0.0,0.0,0.0,0.0,0.0,0.0,0.0,0.0,0.0,0.0,0.0,0.0,0.5555555555555556,0.0,0.2777777777777778,0.0,0.13333333333333333,0.0,0.13333333333333333,0.0,0.07142857142857142,0.0,0.07142857142857142,0.0,0.05555555555555555,0.0,0.35,0.0,0.0,0.0,0.0,0.0,0.0,0.15,0.0,0.0,0.06666666666666667,0.0,0.0,0.0,0.2857142857142857,0.0,0.0,0.0,0.047619047619047616,0.0,0.2857142857142857,0.0,0.2857142857142857,0.0,0.0,0.0,0.0,0.0,0.045454545454545456,0.0,0.0,0.0,0.0,0.0,0.0,0.0,0.0,0.0,0.0,0.0,0.0,0.0,0.045454545454545456,0.0,0.0,0.0,0.0,0.0,0.0,0.0,0.0,0.0,0.0,0.0,0.0,0.0,0.0,0.0,0.045454545454545456,0.0,0.0,0.0,0.0,0.0,0.05263157894736842,0.0,0.0,0.0,0.06666666666666667,0.0,0.0,0.0,0.0,0.0,0.0,0.0,0.05555555555555555,0.0,0.043478260869565216,0.0,0.19047619047619047,0.0,0.0,0.0,0.0,0.0,0.0,0.0,0.2631578947368421,0.0,0.0,0.0,0.0,0.4166666666666667,0.0,0.4166666666666667,0.0,0.36363636363636365,0.0,0.36363636363636365,0.0,0.14285714285714285,0.0,0.0,0.0,0.0,0.0,0.0,0.0,0.0,0.0,0.0,0.0,0.0,0.04,0.04,0.04,0.04,0.04,0.0,0.3333333333333333,0.0,0.17647058823529413,0.12,0.2631578947368421,0.0,0.0,0.17647058823529413,0.0,0.0,0.0,0.0,0.0,0.043478260869565216,0.0,0.0,0.0,0.0,0.2631578947368421,0.0,0.0,0.0,0.0,0.0,0.0,0.029411764705882353,0.0,0.0,0.0,0.0,0.0,0.0,0.0,0.0,0.0,0.0,0.0,0.0,0.0,0.0,0.0,0.0,0.18181818181818182,0.0,0.0,0.0,0.05555555555555555,0.0,0.11764705882352941,0.0,0.15789473684210525,0.4444444444444444,0.0,0.0],"total_num_species":[1,1,1,1,1,10,30,13,10,14,9,31,12,6,19,6,23,6,20,9,18,8,17,10,9,17,9,22,12,4,14,4,24,5,18,6,10,9,15,9,13,8,12,9,8,7,26,7,25,7,37,7,40,9,56,11,7,17,8,19,7,23,8,26,9,20,9,19,9,29,11,8,29,11,7,20,10,9,24,6,34,9,17,9,27,7,26,9,22,9,16,7,11,7,25,7,23,8,26,8,23,7,24,9,20,9,20,11,3,9,6,6,4,14,5,30,6,24,6,29,6,29,6,33,7,29,5,26,7,27,8,35,10,8,31,10,9,30,9,39,8,32,9,45,9,39,7,44,7,38,13,6,40,10,8,37,11,7,22,8,22,7,19,8,17,8,26,11,5,20,7,24,7,20,7,24,7,17,6,19,6,19,5,14,4,20,6,14,5,14,6,20,7,13,6,6,9,7,8,33,8,56,9,80,10,13,7,31,7,22,8,22,8,20,7,22,9,33,11,6,20,6,23,7,26,7,20,9,20,9,19,8,16,9,15,8,16,9,10,10,10,10,10,9,9,44,8,73,10,12,9,24,10,10,10,13,9,26,10,9,17,10,8,23,8,24,9,23,11,7,16,9,12,8,19,6,27,8,12,6,15,7,11,8,9,8,8,49,7,59,9,62,9,80,8,79,11,6,20,8],"avg_species_distances":[-1.0,-1.0,-1.0,-1.0,-1.0,0.09206349206349203,0.1924466338259438,0.28205128205128194,0.31728395061728404,0.3358974358974356,0.35959595959595964,0.3196741609644849,0.3229109274563819,0.28484848484848485,0.3576023391812865,0.2424242424242424,0.36663073421966724,0.43473193473193467,0.37286897313213074,0.411479723979724,0.3856948062830413,0.4121664050235479,0.3712598675833968,0.4272053872053872,0.4301416176416176,0.3894140173551938,0.41856661856661853,0.425282221386118,0.43690400508582306,0.4836309523809524,0.4335130071393807,0.47172619047619047,0.44252518137588426,0.23529411764705882,0.44985376823612083,0.44111280875986747,0.499915694327459,0.48234126984126985,0.4569622837479981,0.45100957049486456,0.439589169000934,0.5193732038269853,0.4916937229437233,0.5114670868347339,0.5149459783913565,0.5377150860344136,0.47021701928036824,0.5436926907515142,0.4791371739429019,0.5484946115198215,0.49563925113460555,0.5446041664529059,0.4960542266658287,0.5305078001156435,0.486434237737989,0.5058369259973539,0.5359374519038383,0.46305068441746655,0.5305245174993073,0.4353076701591177,0.5359374519038383,0.47176436263964877,0.5363068304244775,0.44931808335970336,0.5242703919174506,0.4920034162014028,0.5269760196230784,0.5015186753537877,0.5262545189015777,0.5014014923173009,0.527591887613278,0.5398446091723402,0.4931242288845113,0.5316074596823261,0.4969003111033378,0.5083630206858097,0.44638208559777187,0.39226160549689953,0.49414940108674166,0.45058201058201053,0.5077235816273246,0.5457447490780827,0.470553221288516,0.4664485287292303,0.49636827797084304,0.451485857500895,0.49174549836128784,0.5209609672328969,0.48195045695045685,0.42432098765432086,0.4639665227201996,0.42682102080598316,0.49738961038961055,0.48091458805744514,0.47478795707216837,0.4138321995464852,0.4859357924571954,0.4764314058956915,0.4730445793972114,0.49674036281179124,0.47405431969505296,0.49338624338624326,0.5018853551512736,0.4819775132275132,0.5009984406718162,0.533670116194626,0.5002910040369712,0.47655629716001263,0.08888888888888889,0.4990290802311262,0.4973856209150326,0.5371331141152113,0.6038748832866481,0.4909017759968666,0.5535947712418301,0.47517059742413814,0.5105351614329942,0.48815996985669985,0.5184438219732337,0.48092872467691483,0.5261686896981014,0.4948063980822368,0.5293432928727045,0.4710559111276809,0.5147503445822773,0.4641446539197583,0.5697058823529411,0.46720407069336944,0.49925642771728573,0.4662979978298325,0.4825384539780824,0.47046527595892834,0.43562626610098254,0.47969117471550027,0.47447095529894345,0.48576253269338937,0.5036699865131239,0.4600867445534187,0.5090046739943541,0.4581332693105891,0.5312028522610123,0.4367219839567743,0.4895590692417319,0.4618620675402045,0.5093539267558875,0.44769340229431925,0.5158085456404783,0.46539587376928926,0.5158085456404784,0.46542349877958533,0.5012982685154632,0.5174914410208528,0.45926532753044214,0.5053692008790047,0.5313261062000559,0.48459571544194757,0.532198794669383,0.543051408597627,0.49903133895336443,0.5028511404561823,0.49057199060061246,0.5406893578687514,0.4781898556699857,0.4532306255835667,0.4778879788963683,0.5292343604108308,0.5021992559113705,0.5253871159625634,0.5670002546473134,0.48565180970560257,0.47808206615979726,0.47303267706420443,0.5215101468357328,0.44167798470916336,0.45696539485359366,0.47484441333626126,0.4826839826839829,0.45118726114603,0.464069264069264,0.4827085292874769,0.5136363636363637,0.4403513104828895,0.4348484848484849,0.4152793482463818,0.5216450216450216,0.42653182392656097,0.5139880952380952,0.43258296140164293,0.5668560606060606,0.4600303322485347,0.5568920145190562,0.43817732141726723,0.4608997584541063,0.4890175779181934,0.5811835748792269,0.578822463768116,0.5000557137106049,0.555758281573499,0.5293348861283643,0.4815436047650806,0.5485799894727325,0.43044704656279337,0.5161147072099225,0.42333270642666565,0.520938694684432,0.46864263867940326,0.5450187321305333,0.4232645045337996,0.5319918909592823,0.4604164879520829,0.5265669577847782,0.4686157235807565,0.5292540113871635,0.454993940900059,0.5495421070792924,0.4325824368533447,0.5396698872785828,0.39217147918849143,0.5211893592677347,0.5746316425120773,0.4710559654368792,0.5746316425120773,0.47520706481325464,0.5533385093167702,0.4648743137282836,0.5533385093167702,0.47899942190672923,0.5096188005834744,0.4830137615205066,0.5074063290775247,0.4557443010306434,0.5293011498077492,0.3993335725265075,0.5052298345776607,0.3925786928737238,0.5300233136732954,0.4128814935064934,0.50475683334379,0.487285588807328,0.4823186314490663,0.4904007361398667,0.4921732229123535,0.4910653324131586,0.5063382792730619,0.504389809063722,0.4593021805053006,0.530371931381248,0.4578651217498067,0.5017927712147662,0.4685885003979636,0.5157897915077547,0.37072364286030446,0.5030194689622609,0.500814973637561,0.5030194689622609,0.45690458727644095,0.5117431561996778,0.3884860408547828,0.4834907693424316,0.5027433757868542,0.42568812900654307,0.4883560449212623,0.5336576619414148,0.38071980107277364,0.5355430979339936,0.3776677270553059,