{"min_species_distances":[-1.0,-1.0,-1.0,-1.0,-1.0,0.0,0.0,0.1111111111111111,0.1111111111111111,0.1111111111111111,0.2222222222222222,0.0,0.0,0.0,0.0,0.0,0.0,0.0,0.0,0.0,0.0,0.0,0.0,0.0,0.0,0.5,0.0,0.0,0.0,0.125,0.0,0.3333333333333333,0.0,0.0,0.0,0.0,0.0,0.0,0.0,0.0,0.0,0.0,0.0,0.0,0.07692307692307693,0.0,0.0,0.07692307692307693,0.0,0.07692307692307693,0.0,0.0,0.0,0.08333333333333333,0.05555555555555555,0.0,0.0,0.0,0.05555555555555555,0.0,0.0,0.0,0.0,0.0,0.2,0.0,0.2,0.0,0.0,0.0,0.0,0.05555555555555555,0.0,0.0,0.0,0.0,0.0,0.0,0.0,0.0,0.0,0.0,0.0,0.0,0.0,0.0,0.0,0.07142857142857142,0.0,0.043478260869565216,0.0,0.0,0.0,0.0,0.0,0.5217391304347826,0.0,0.043478260869565216,0.0,0.043478260869565216,0.0,0.041666666666666664,0.0,0.0,0.0,0.0,0.2777777777777778,0.0,0.05263157894736842,0.0,0.0,0.0,0.0,0.0,0.2631578947368421,0.0,0.21739130434782608,0.0,0.21739130434782608,0.0,0.21739130434782608,0.0,0.0,0.0,0.0,0.0,0.13333333333333333,0.0,0.38095238095238093,0.0,0.0,0.0,0.0,0.0,0.07142857142857142,0.0,0.07142857142857142,0.0,0.0,0.0,0.0,0.0,0.0,0.0,0.0,0.0,0.0,0.0,0.038461538461538464,0.0,0.037037037037037035,0.0,0.0,0.0,0.037037037037037035,0.0,0.0,0.0,0.047619047619047616,0.0,0.0,0.0,0.0,0.0,0.10714285714285714,0.13793103448275862,0.037037037037037035,0.0,0.07142857142857142,0.0,0.07142857142857142,0.0,0.0,0.0,0.3076923076923077,0.0,0.4090909090909091,0.0,0.4090909090909091,0.0,0.4090909090909091,0.0,0.4090909090909091,0.0,0.4090909090909091,0.0,0.4090909090909091,0.0,0.4090909090909091,0.0,0.4090909090909091,0.0,0.4090909090909091,0.0,0.4090909090909091,0.0,0.3157894736842105,0.0,0.16666666666666666,0.0,0.1875,0.1875,0.07142857142857142,0.3157894736842105,0.0,0.3157894736842105,0.0,0.05,0.0,0.05,0.38095238095238093,0.0,0.0,0.0,0.0,0.0,0.0,0.0,0.0,0.0,0.0,0.0,0.0,0.0,0.0,0.0,0.0,0.0,0.0,0.0,0.0,0.0,0.0,0.0,0.0,0.0,0.0,0.0,0.037037037037037035,0.0,0.0,0.0,0.0,0.0,0.0,0.0,0.0,0.0,0.0,0.0,0.0,0.0,0.0,0.0,0.0,0.0,0.0,0.0,0.0,0.0,0.0,0.0,0.0,0.0,0.05263157894736842,0.0,0.0,0.0,0.1875,0.05,0.0,0.047619047619047616,0.1875,0.0,0.05263157894736842,0.0,0.05,0.0,0.0,0.043478260869565216,0.043478260869565216,0.045454545454545456,0.0,0.0,0.09090909090909091,0.0,0.04,0.0,0.0,0.0,0.0,0.0,0.0,0.0,0.0,0.0,0.0,0.03571428571428571,0.0,0.0],"total_num_species":[1,1,1,1,1,9,144,26,10,15,8,63,12,7,26,10,10,16,7,21,10,9,24,10,13,4,33,7,16,6,17,5,25,7,20,3,22,6,15,6,8,7,8,22,8,32,11,8,13,8,18,9,17,9,10,12,10,11,7,28,8,19,7,16,6,19,7,12,8,27,12,6,29,8,30,6,29,6,23,8,20,8,21,9,17,7,16,7,22,6,20,9,24,8,22,4,21,7,14,7,9,7,6,19,7,20,6,15,9,27,9,31,9,48,8,38,9,25,9,30,9,37,9,36,10,11,8,20,7,17,8,13,8,11,8,14,8,12,8,18,8,17,9,21,9,22,9,24,9,24,8,22,8,22,8,25,9,21,9,18,9,9,9,36,10,10,15,11,8,22,9,27,9,18,8,15,7,21,7,18,7,16,7,16,7,23,7,18,7,21,7,15,7,14,7,9,8,40,9,67,10,10,12,8,26,8,16,9,25,12,8,13,9,15,9,17,10,10,10,10,11,7,33,11,6,24,8,27,6,19,7,23,8,18,6,32,8,25,7,30,7,24,7,12,9,15,8,18,8,10,11,7,8,8,8,11,7,16,7,15,8,11,8,17,9,11,9,12,8,9,57,11,7,30,7,24,9,25,10,11,8,8,21,11,8,14,8,17,8,19,10,10,10,10,11,9,22,7,19,7],"avg_species_distances":[-1.0,-1.0,-1.0,-1.0,-1.0,0.11111111111111108,0.12411546786546815,0.2048840048840049,0.2969753086419754,0.2801322751322749,0.33849206349206357,0.30907940128370476,0.3421181512090603,0.3577922077922078,0.37334265734265665,0.371077441077441,0.3894949494949494,0.3864393939393938,0.41991341991341985,0.41706848706848704,0.3966847966847966,0.4311415436415436,0.41249288151462044,0.4413275613275614,0.442668442668443,0.5357142857142856,0.45743053505837633,0.4113378684807256,0.4039019660894664,0.4970238095238095,0.4229344311253916,0.5345833333333333,0.44985947712418284,0.399098124098124,0.45660732714138297,0.3333333333333333,0.44431712078770924,0.44166666666666665,0.4302139037433157,0.4541666666666667,0.4688717532467533,0.47023809523809523,0.48126414027149317,0.4596021328641654,0.5078242835595776,0.4592100318114324,0.5094723903547437,0.5166175444536789,0.4627108112685039,0.5412065467212525,0.41971842182338176,0.5014009343053459,0.421357109105812,0.5292563962907101,0.5135285738226913,0.5139197604367883,0.5119043628847552,0.49949095022624435,0.5436025962341752,0.4249402515042105,0.4857840572126286,0.45610278662530024,0.532602874708138,0.4455280302629372,0.5308131565716706,0.4698927611072525,0.5338445409652841,0.48421901381249877,0.48928713185679124,0.4709018942447538,0.5183594589730252,0.5329745276036836,0.5027596180718976,0.3183641877803754,0.4479049228737534,0.33015873015873015,0.45743032100457187,0.4700280112044818,0.48926755032556635,0.5498994469582703,0.4867431983221461,0.5246344132058417,0.48502288250187486,0.456367552595174,0.3729201162159636,0.46832159437201454,0.46615306404308937,0.4733961276818419,0.5099003516507749,0.5349074114291505,0.5137632422243409,0.5063699966445964,0.5036658757121898,0.5132539765998413,0.5091196755228385,0.6095520421607378,0.47528919837926054,0.5741208549904204,0.48509550053386663,0.5413535136361223,0.5267210144927537,0.5619348319037761,0.5667246376811593,0.47363256245407265,0.5553716849058464,0.412725621064597,0.5749339774557165,0.4630369102402446,0.4908636577353205,0.4380613139670247,0.4932599269603463,0.444523958875758,0.4732990192563038,0.4178303485065621,0.5418502883462837,0.4134908141616028,0.5202445448440872,0.42636552089167395,0.5167607098385131,0.41737139562509107,0.5199608397930291,0.3967240631750215,0.5186192305519157,0.3955977601873488,0.4895968041620217,0.48381439816222455,0.5377450060291674,0.4117029410129793,0.5571282582152146,0.43314355585131437,0.5431384660887766,0.4380380878875863,0.5466043842286078,0.4864122566982981,0.5474099543198923,0.43832409366570857,0.5474099543198923,0.46431604139772775,0.5508516845473368,0.4225609827871233,0.5518380791051599,0.4570056547339826,0.5284547859547861,0.471888691787188,0.5385467772967775,0.460625901591383,0.5312661412661412,0.4507232814011984,0.5276279276279277,0.4491643014054337,0.5397239929382786,0.4629595554441756,0.5560094667237524,0.4471916118994039,0.5397239929382786,0.4570396442576269,0.5356476137031694,0.46298560149124096,0.5280522255522258,0.4635183807108062,0.5075957787068898,0.5229321604321604,0.5229321604321604,0.48877783139576264,0.5410875181463417,0.5443842214430449,0.4968254489458362,0.5084613366431547,0.5427039627039626,0.42068837130760683,0.5315493765493766,0.3980680062879983,0.5036049136049137,0.43909783910636413,0.5524662656184395,0.4690870197205601,0.5705440591154877,0.4289992733284655,0.5705440591154877,0.44728021583733435,0.5705440591154877,0.453563166000666,0.5705440591154877,0.4647185868576421,0.5748250818694169,0.4200805794024778,0.5748250818694169,0.44470057743428787,0.5748250818694169,0.41473106231000934,0.5748250818694169,0.43664397304843255,0.5748250818694169,0.4313283924613974,0.5748250818694169,0.537199094009439,0.5630946628775252,0.44735729527449136,0.5485535815375501,0.4521583011174899,0.542472486712051,0.5433941703923555,0.5276273360073475,0.5630946628775252,0.44373901148411893,0.5630946628775252,0.49172693284498015,0.5412796869058211,0.4446439951624003,0.5194337733431942,0.5613060379685996,0.518997695063384,0.548444901203522,0.48667478012827187,0.548444901203522,0.4658784231220397,0.5430338116545015,0.5456394546779944,0.5456394546779944,0.5433892697340975,0.5359980729823991,0.522008547008547,0.4984930678419035,0.5249887990797081,0.47605083088954064,0.5082269647785075,0.3442013343799058,0.48166256289936477,0.5008514572081935,0.5025331413213833,0.5422358687064568,0.5064529819748037,0.47902930402930394,0.4996034817047203,0.48153594771241826,0.48437223195440693,0.48282005330392413,0.4996906728944678,0.5611447402230813,0.48058827429954404,0.5055503682954663,0.44539759073664614,0.4879136493307,0.4902371399303721,0.4638668430335096,0.4654054732486105,0.533786322609852,0.4417257000488014,0.44102607709750574,0.5275530555294417,0.5185579450418162,0.543624273213141,0.5275399721509778,0.5057287933094384,0.5293480151917398,0.5001861170665726,0.5378293672031812,0.38901639613432004,0.5417424604250302,0.395004106302019,0.5342851118942201,