{"min_species_distances":[-1.0,-1.0,-1.0,-1.0,0.25,0.0,0.0,0.1111111111111111,0.1,0.09090909090909091,0.09090909090909091,0.0,0.0,0.0,0.0,0.08333333333333333,0.0,0.06666666666666667,0.0,0.45454545454545453,0.0,0.21428571428571427,0.0,0.26666666666666666,0.0,0.0,0.0,0.0,0.0,0.14285714285714285,0.0,0.0,0.0,0.0,0.0,0.0,0.0,0.08333333333333333,0.21052631578947367,0.0,0.0,0.0,0.08333333333333333,0.0,0.08333333333333333,0.0,0.08333333333333333,0.0,0.0,0.0,0.0,0.0,0.0,0.0,0.3125,0.0,0.0,0.0,0.0,0.0,0.0,0.0,0.0,0.0,0.0,0.0,0.0,0.45,0.0,0.45454545454545453,0.0,0.45454545454545453,0.0,0.0,0.0,0.0,0.0,0.0,0.0,0.0,0.0,0.0,0.0,0.0,0.0,0.0,0.0,0.0,0.0,0.0,0.0,0.0,0.0,0.0,0.0,0.0,0.0,0.0,0.0,0.0,0.0,0.0,0.0,0.0,0.0,0.0,0.1111111111111111,0.0,0.0,0.0,0.05,0.0,0.0,0.0,0.0,0.0,0.0,0.0,0.0,0.0,0.0,0.0,0.0,0.0,0.0,0.0,0.0,0.0,0.0,0.0,0.0,0.0,0.0,0.0,0.0,0.0,0.0,0.0,0.0,0.0,0.0,0.0,0.0,0.0,0.0,0.0,0.0,0.0,0.0,0.0,0.0625,0.03225806451612903,0.0,0.0,0.5294117647058824,0.0,0.26666666666666666,0.0,0.0,0.0,0.26666666666666666,0.0,0.08333333333333333,0.0,0.0,0.0,0.0,0.0,0.0,0.0,0.5294117647058824,0.0,0.5294117647058824,0.0,0.5294117647058824,0.0,0.5294117647058824,0.0,0.0,0.0,0.0,0.0,0.5294117647058824,0.0,0.5294117647058824,0.0,0.5294117647058824,0.0,0.47619047619047616,0.0,0.08333333333333333,0.08333333333333333,0.08333333333333333,0.0,0.0,0.0,0.13333333333333333,0.0,0.08333333333333333,0.15384615384615385,0.0,0.0,0.058823529411764705,0.058823529411764705,0.058823529411764705,0.15384615384615385,0.0,0.15384615384615385,0.0,0.0,0.0,0.0,0.15789473684210525,0.0,0.0,0.0,0.0,0.0,0.0,0.0,0.0,0.0,0.0,0.0,0.0,0.0,0.0,0.0,0.0,0.0,0.0,0.0,0.0,0.0,0.0,0.0,0.0,0.0,0.0,0.0,0.0,0.0,0.0,0.0,0.0,0.0,0.0,0.0,0.0,0.0,0.0,0.0,0.0,0.0,0.0,0.0,0.0,0.0,0.0,0.0,0.0,0.09090909090909091,0.13333333333333333,0.13333333333333333,0.13333333333333333,0.0,0.0,0.0,0.0,0.0,0.0,0.05263157894736842,0.0,0.0,0.0,0.0,0.0,0.13333333333333333,0.0,0.05,0.0,0.0,0.0,0.0,0.0,0.0,0.041666666666666664,0.0,0.0,0.0,0.36,0.0,0.0,0.0,0.0,0.0,0.0,0.0,0.0,0.0],"total_num_species":[1,1,1,1,2,8,128,30,17,13,11,6,15,7,22,10,11,3,16,3,28,3,15,4,19,6,7,9,12,7,17,9,9,18,10,9,30,10,8,43,10,12,8,21,7,29,7,19,7,17,8,18,8,15,7,26,8,17,8,22,8,33,9,22,9,29,11,5,14,4,19,5,21,7,14,7,15,9,17,9,18,11,9,17,6,28,8,23,8,22,8,20,8,18,7,20,8,13,8,17,7,15,7,12,7,12,7,12,7,26,7,19,7,20,9,15,7,17,9,15,8,21,9,15,7,24,6,12,6,12,6,13,6,11,6,12,6,20,7,20,7,14,8,11,8,11,7,15,7,10,7,7,8,24,6,26,7,19,8,44,8,34,9,40,10,10,15,10,10,11,6,14,6,15,6,15,6,13,7,18,7,16,6,18,6,16,6,12,7,11,8,8,8,13,8,19,8,13,10,9,15,10,10,10,11,9,17,9,11,10,9,21,10,10,12,8,16,10,9,19,9,17,9,19,10,9,19,9,16,10,10,10,10,11,7,23,9,24,7,28,11,5,12,4,19,6,11,5,14,6,19,6,16,4,14,6,12,4,16,4,9,5,4,5,5,44,6,68,8,80,11,7,30,8,23,9,23,8,24,9,24,8,25,9,26,11,6,19,5,14,6,15,8,22,9,24,9,19,7,22],"avg_species_distances":[-1.0,-1.0,-1.0,-1.0,0.25,0.14987244897959182,0.15457369586614084,0.22791461412151057,0.29438316993464037,0.34524087024086997,0.3695867768595041,0.36363636363636354,0.3751803751803749,0.3376623376623376,0.4179485737927295,0.4433455433455433,0.43120213120213124,0.18253968253968253,0.4269011544011544,0.5104895104895104,0.41129007676626705,0.4134199134199134,0.41892456749599644,0.5071428571428571,0.440264949475476,0.40141414141414133,0.45556555955715616,0.45202976489741187,0.4287142150778515,0.525445947609813,0.40518908895314604,0.49949977400957785,0.4801924156090822,0.44562181645515025,0.48552223767136055,0.45303596866096857,0.4640476432317467,0.5021101304383039,0.5255443021890391,0.47989988537634104,0.4675706457285406,0.458392491347037,0.522630555718791,0.4098745463915742,0.4925600543247602,0.4177800870558687,0.5140738346620699,0.4407293290298019,0.528569796216855,0.4164401744373514,0.5252004809100673,0.3805343218064031,0.5269319051384509,0.4831045145330861,0.5436593829450972,0.46019271904566006,0.532591888430013,0.47839406771949766,0.5115664447597218,0.4691930247039611,0.53024295842739,0.4233066521610093,0.5203115979689767,0.4689998315792409,0.49715401843884816,0.4297062585689831,0.5050039009369154,0.5786291486291486,0.4785831919566997,0.5810485810485809,0.4701162566745646,0.5914862914862914,0.44872941042445713,0.5410224695938981,0.49832419288412183,0.5600563457706313,0.48602875812738733,0.5520655136597167,0.4941753412691901,0.5575617283950618,0.4805707413469059,0.5313706232283308,0.5026002717230789,0.5035864582031531,0.5095156695156695,0.5114141423735762,0.4961904761904762,0.48009667106186676,0.40766178266178266,0.5155997438421057,0.5314006037197486,0.461467062263502,0.5050853674803253,0.5346397574921722,0.5037037037037037,0.46854275107610177,0.518394024276377,0.5486404601739778,0.563295985060691,0.5167802869341752,0.5794814934520817,0.40457262164124913,0.5555030109209677,0.5435910426003309,0.5795993093593712,0.5286358982243918,0.6081782132556126,0.5173849563748948,0.6051501302275296,0.46632036151600303,0.5978309062416389,0.4789404732595399,0.49871738168951796,0.5428130948045635,0.560181442622533,0.543026294338398,0.5302209772798009,0.5388050089846209,0.536010499878964,0.5213278293101199,0.5198043106131343,0.49651757860087403,0.5562316880775299,0.5044889922763485,0.5815693518786824,0.5066066210821963,0.5208823529411765,0.5240491744125955,0.6156022408963586,0.5388495230322476,0.6116339869281047,0.5464841077586176,0.6069887955182074,0.5477855342764065,0.6146991210277214,0.5632340501508859,0.6146991210277214,0.5275748153513781,0.5945619627161209,0.4680889089872818,0.5627207404701009,0.5392314242879415,0.5856792717086833,0.5881065914539085,0.5290441176470588,0.5576476665046185,0.5895191409897291,0.5269052756325731,0.5905395491529944,0.5701358484090933,0.6194761237828464,0.6271057885519798,0.6135914043036569,0.47397548472284606,0.6605034486913045,0.45276537129889455,0.6329618406502385,0.49314078591347116,0.6053055093004944,0.479998989934928,0.6027916408498883,0.5208558258932426,0.57937737819142,0.46873776435564457,0.554809267793139,0.5642811592456837,0.49391544946741045,0.5563257632802225,0.5563257632802225,0.5291391688640266,0.6605034486913045,0.479906714546861,0.6605034486913045,0.46645406549716645,0.6605034486913045,0.46256379971343375,0.6605034486913045,0.4848957573103685,0.6295674183651954,0.46014850431021204,0.6298259773117457,0.48655926798528915,0.6595667299177737,0.4465790172419352,0.6595667299177737,0.4519626587708708,0.6565364268874705,0.5190246727692935,0.6270586924897035,0.5321670171872864,0.5953252452007195,0.6103090796435876,0.6070561655747343,0.4922081250582566,0.6029340621879251,0.42775056637890224,0.6033629837565525,0.5482334930189261,0.5688951685393812,0.5900812918720889,0.4986362090476743,0.5600533321833134,0.556206035688958,0.5553777816111782,0.5430278471743886,0.5896937042774674,0.42297332409360794,0.584893874910083,0.5592897621521775,0.5598552941781745,0.5807385576420206,0.485947882608652,0.5627870304598893,0.5629982537852308,0.5253874489487512,0.585757873530644,0.49271112825554503,0.5553582038876158,0.5780713922910318,0.46964184048456664,0.5780713922910318,0.49131280695513696,0.5881387048501745,0.48303723043556873,0.5630729349051087,0.5976810234611206,0.4498384663669795,0.5895345937513343,0.49816083557691043,0.555720730321114,0.5768999595885786,0.5762361020915568,0.5784193191686139,0.5660613996859478,0.5654355945276662,0.501771448023836,0.5392467415816229,0.5286113373071631,0.5165066026410563,0.5120444703252985,0.5505038168667497,0.5872549019607843,0.4991645273449383,0.3235294117647059,0.5297359766257436,0.4105263157894737,0.5619633673391061,0.4789473684210527,0.5320498000451562,0.49645467836257307,0.5031284679759777,0.4305263157894736,0.5362993811958597,0.3474658869395711,0.5175257449317602,0.5300457024915229,0.44557993176414235,0.46222222222222226,0.4625359959850092,0.07857142857142857,0.48219570390623023,0.5464801864801865,0.5658119658119658,0.5071794871794871,0.5150742240215924,0.4010679046768751,0.4649622926093514,0.377518946935625,0.42633489293153154,0.39776343633299394,0.3773140584905292,0.434228122198047,0.28569164316895657,0.43838961790089603,