{"min_species_distances":[-1.0,-1.0,-1.0,-1.0,0.25,0.0,0.2,0.0,0.125,0.1,0.0,0.0,0.16666666666666666,0.0,0.0,0.0,0.0,0.0,0.0,0.0,0.0,0.0,0.0,0.0,0.0,0.0,0.0,0.45454545454545453,0.0,0.5,0.0,0.0,0.0,0.0,0.0,0.14285714285714285,0.0,0.07142857142857142,0.0,0.0,0.0,0.0,0.0,0.0,0.0,0.0,0.0,0.0,0.06666666666666667,0.058823529411764705,0.0,0.058823529411764705,0.0,0.058823529411764705,0.0,0.06666666666666667,0.0,0.0,0.4090909090909091,0.0,0.2631578947368421,0.0,0.0,0.0,0.0,0.0,0.0,0.06666666666666667,0.0,0.045454545454545456,0.23529411764705882,0.0,0.07142857142857142,0.0,0.15384615384615385,0.0,0.05263157894736842,0.0,0.0,0.0,0.0,0.23529411764705882,0.07142857142857142,0.0,0.0,0.0,0.0,0.0,0.0,0.0,0.0,0.0,0.35294117647058826,0.0,0.35294117647058826,0.0,0.2777777777777778,0.0,0.0,0.0,0.0,0.0,0.0,0.0,0.0,0.38095238095238093,0.0,0.0,0.0,0.0,0.0,0.0,0.0,0.0,0.0,0.0,0.47619047619047616,0.0,0.0,0.0,0.0,0.0,0.0,0.0,0.0,0.1,0.0,0.0,0.0,0.0,0.0,0.043478260869565216,0.0,0.0,0.0,0.05263157894736842,0.0,0.05263157894736842,0.0,0.43478260869565216,0.0,0.0,0.0,0.0,0.0,0.0,0.0,0.0,0.26666666666666666,0.0,0.0,0.0,0.43478260869565216,0.0,0.43478260869565216,0.0,0.36,0.0,0.0,0.0,0.3333333333333333,0.0,0.0,0.0,0.05,0.0,0.0,0.0,0.0,0.0,0.0,0.0,0.05,0.0,0.034482758620689655,0.0,0.0,0.0,0.0,0.0,0.0,0.0,0.0,0.0,0.0,0.0,0.0,0.0,0.0,0.0,0.0,0.0,0.0,0.0,0.0,0.0,0.0,0.0,0.0,0.0,0.0,0.030303030303030304,0.0,0.0,0.0,0.0,0.0,0.0,0.0,0.0,0.0,0.0,0.0,0.0,0.17391304347826086,0.0,0.4230769230769231,0.0,0.4230769230769231,0.0,0.4230769230769231,0.0,0.4230769230769231,0.0,0.4230769230769231,0.0,0.42857142857142855,0.0,0.42857142857142855,0.0,0.06666666666666667,0.0,0.037037037037037035,0.0,0.42857142857142855,0.0,0.2692307692307692,0.0,0.11538461538461539,0.0,0.0,0.0,0.06666666666666667,0.0,0.0,0.0,0.0,0.0,0.0,0.0,0.0,0.0,0.0,0.0,0.0,0.0,0.0,0.0,0.0,0.0,0.0,0.0,0.0,0.0,0.0,0.0,0.0,0.0,0.0,0.0,0.0,0.0,0.09090909090909091,0.0,0.0,0.0,0.0,0.0,0.047619047619047616,0.0,0.0,0.0,0.09090909090909091,0.0,0.0,0.0,0.0,0.0,0.0,0.0,0.047619047619047616,0.0,0.047619047619047616,0.0,0.0,0.0,0.0,0.0,0.0,0.02857142857142857],"total_num_species":[1,1,1,1,2,13,5,63,13,9,47,17,10,14,7,22,6,12,7,14,7,29,8,28,9,15,11,2,15,2,10,5,6,6,14,6,25,5,27,9,25,11,9,22,10,9,25,10,11,5,20,6,19,5,14,6,10,6,5,17,6,17,8,22,9,26,10,8,21,11,6,14,7,22,7,22,8,20,9,13,10,7,11,9,12,9,9,14,9,16,8,24,7,19,7,21,8,20,12,8,24,9,17,9,23,8,22,9,20,10,12,6,26,9,20,11,3,19,5,14,5,16,5,10,7,6,6,6,27,6,45,7,65,8,68,8,73,10,11,5,29,8,27,9,30,9,28,11,5,22,6,19,5,27,5,29,6,29,6,26,6,30,6,33,6,33,7,21,6,35,6,28,7,16,8,25,10,9,19,11,6,22,7,20,8,18,11,4,13,5,7,8,7,7,21,6,24,6,40,7,32,8,44,7,41,7,46,7,44,8,56,8,58,12,5,26,4,27,4,23,4,24,4,23,4,20,4,16,4,20,5,13,6,14,4,19,5,18,6,12,6,13,8,8,34,7,42,9,33,9,39,9,44,8,56,8,54,12,8,26,10,11,6,30,7,28,7,22,8,21,8,18,6,17,7,18,7,25,6,24,6,23,6,22,6,20,7,14,9,11,6,16,6,20,7,15,7,10,11,6],"avg_species_distances":[-1.0,-1.0,-1.0,-1.0,0.25,0.18864468864468856,0.29388888888888887,0.25382173723187773,0.3191045066045067,0.36388888888888893,0.32960549061381805,0.37702762923351135,0.38741431408098076,0.39168950707412203,0.39479039479039474,0.38973352285040624,0.3477855477855478,0.3443667443667442,0.3093573093573094,0.39497254881870225,0.383879083879084,0.3747249603160932,0.39510489510489516,0.38303326596977455,0.43680717430717425,0.38954674954674945,0.3449803983894892,0.45454545454545453,0.3805339105339103,0.5,0.37934062850729533,0.3758974358974359,0.42530303030303024,0.4086111111111111,0.3797561412946029,0.4404304029304029,0.3835741766403527,0.4673965740142211,0.3747486180932635,0.44080425293660586,0.36306380384321557,0.42964874697495037,0.42069664404223217,0.3943419315172561,0.44363926197259523,0.43401855044011906,0.39808069626451936,0.47115673542144143,0.48637306988911255,0.43972523219814247,0.4603182575937993,0.49358288770053466,0.4204420374434223,0.47389705882352934,0.4445714165171178,0.4847415329768271,0.4066090771973125,0.4789661319073083,0.5048128342245989,0.4083467562911197,0.498742846420865,0.4201541171651353,0.4554186267808559,0.4192214392960248,0.47143569937687574,0.3815330726403604,0.43713241007358644,0.45802457346574993,0.4259389859693935,0.4516261931769951,0.46599326599326596,0.4664902980245917,0.464569510787998,0.43910707322435677,0.4707947281476694,0.4421377457121895,0.46791434185010045,0.457752635040805,0.4805412774646523,0.42736677600931,0.45766729406855944,0.49139467381155366,0.4634152541121851,0.47116407754728307,0.3950491996614991,0.4718182643427742,0.4754833877995643,0.44056474141613455,0.470750647279846,0.40942484844179233,0.47585251491901115,0.423173836852532,0.5086371263481237,0.428825058288423,0.5115701836290073,0.3975976706472066,0.5035189075630253,0.3721875056578498,0.4748316498316501,0.49439192343604116,0.42550459728074475,0.47143246187363846,0.4412063174082845,0.4516483201467721,0.40576416337285837,0.5100765306122451,0.42068270955378406,0.4450617283950618,0.44440212373037785,0.44805737109658683,0.4553334092807775,0.5017508417508416,0.4230177762382095,0.49836230614739396,0.4345536668625313,0.4221521229966205,0.5158730158730158,0.3841925374820109,0.47312252964426876,0.40175867579713714,0.46493506493506487,0.42380286028383857,0.3511857707509881,0.4194754833643722,0.485463811550768,0.48832370528022706,0.497843165959108,0.5085497835497835,0.39943203946681927,0.48511617207269375,0.42875142777975306,0.4577282197419497,0.44040599226985455,0.4429177189270356,0.4188103265878585,0.44746721078855745,0.42083347001093213,0.40301814654725915,0.427087558520885,0.5243410458513433,0.40075514883443575,0.4591998496460739,0.4009756817876149,0.4500103158887801,0.3973215989407896,0.4486964526183951,0.3967506219190682,0.41832617836362385,0.5102669717772692,0.37659777312887355,0.49128909229595724,0.4182615053571334,0.5269336384439358,0.41116520648348115,0.5269336384439358,0.40872774326359307,0.505955758962624,0.4189545059594182,0.48509026188660054,0.4352855211240112,0.5074904218306202,0.42170306131487634,0.4848433483063536,0.4193766154178061,0.48285430968726156,0.4219611987288258,0.4864023412568689,0.4202551902530654,0.4729922632668628,0.4078402916365188,0.47394833285111826,0.40788834065195617,0.46817398301068897,0.4115027715091842,0.45601556364674795,0.3895365974270932,0.456131610973827,0.46078951371728355,0.40809726261957363,0.43709109730848866,0.4303623188405796,0.4030663569079993,0.4496508748426907,0.4119914661044526,0.34996118012422356,0.4248673358232183,0.4356629279811098,0.3125,0.43081550394050394,0.385,0.4276244588744589,0.4267113095238095,0.43700396825396826,0.43700396825396826,0.34912707040858365,0.423128762541806,0.3917214265311404,0.4736677814938685,0.3909670193567991,0.4455107126462625,0.3892869332180177,0.4196334915084915,0.39807055958704385,0.40105311355311357,0.38925015820741293,0.40735653235653235,0.40250953860217914,0.4073565323565324,0.37875338491280264,0.38198633341296384,0.3893154816674272,0.4482255352406215,0.3909319504051728,0.4179722364582141,0.45589055020001307,0.3753833632137246,0.5030165912518854,0.3791304983055264,0.5030165912518854,0.37468959929206813,0.5030165912518854,0.40662441022165285,0.49660633484162897,0.39099041491680203,0.49660633484162897,0.34062978505568314,0.504524886877828,0.3484561588044109,0.504524886877828,0.3502013830782168,0.4509502262443439,0.36132317222880533,0.40598609814296094,0.3691152775319889,0.49582425562817717,0.3518785400813041,0.4595877903180134,0.3363224136472172,0.42660993116647644,0.34695025381299915,0.4339616935289687,0.32990884731926007,0.4118015722351423,0.42477770801807324,0.3255465330384785,0.4279015565357689,0.30914532363399544,0.3866944393764318,0.3070584721822891,0.3750760287905319,0.3186268263463262,0.3797785512344899,0.3356491516392152,0.40073280269962386,0.331471574503771,0.40073280269962386,0.3292010514791031,0.36069410276011027,0.4029411715248452,0.35404431378032913,0.37302855862679046,0.38986203503772054,0.40436621966794384,0.3539300850376786,0.4012100452589885,0.3403128785170586,0.39670915950115054,0.3549281206641903,