{"min_species_distances":[-1.0,-1.0,-1.0,-1.0,-1.0,0.0,0.3333333333333333,0.0,0.09090909090909091,0.0,0.07692307692307693,0.1,0.0,0.0,0.0,0.0,0.0,0.0,0.0,0.0,0.0,0.0,0.0,0.0,0.0,0.0,0.0,0.0,0.0,0.06666666666666667,0.0,0.0,0.0,0.4,0.0,0.11764705882352941,0.0,0.0,0.0,0.0,0.0,0.0,0.0,0.0,0.0,0.0,0.0,0.0,0.0,0.0,0.0,0.0,0.0,0.0,0.0,0.0,0.0,0.0,0.0,0.0,0.058823529411764705,0.0,0.0,0.0,0.0,0.0,0.0,0.0,0.0,0.0,0.0,0.0,0.0,0.0,0.0,0.0,0.0,0.0,0.0,0.0,0.0,0.0,0.0,0.0,0.0,0.0,0.0,0.0,0.0,0.047619047619047616,0.0,0.0,0.0,0.0,0.0,0.0,0.0,0.0,0.0,0.5769230769230769,0.5769230769230769,0.0,0.15384615384615385,0.0,0.15384615384615385,0.0,0.08333333333333333,0.0,0.08333333333333333,0.0,0.08333333333333333,0.0,0.0,0.0,0.0,0.2,0.0,0.0,0.0,0.058823529411764705,0.0,0.0,0.0,0.0,0.0,0.0,0.0,0.0,0.0,0.0,0.0,0.0,0.0,0.0,0.0,0.0,0.0,0.0,0.0,0.0,0.08333333333333333,0.0,0.08333333333333333,0.0,0.07692307692307693,0.0,0.047619047619047616,0.0,0.0,0.0,0.0,0.0,0.045454545454545456,0.0,0.047619047619047616,0.0,0.0,0.0,0.45454545454545453,0.0,0.0,0.0,0.0,0.03571428571428571,0.0,0.03571428571428571,0.0,0.26666666666666666,0.0,0.26666666666666666,0.0,0.2,0.0,0.0,0.0,0.0,0.0,0.0,0.08333333333333333,0.0,0.08333333333333333,0.0,0.0,0.0,0.15384615384615385,0.0,0.0,0.0,0.0,0.0,0.0,0.0,0.0,0.0,0.0,0.0,0.35294117647058826,0.3125,0.0,0.34782608695652173,0.0,0.26666666666666666,0.0,0.26666666666666666,0.0,0.26666666666666666,0.0,0.0625,0.0,0.0,0.0,0.26666666666666666,0.0,0.08333333333333333,0.0,0.0,0.07142857142857142,0.0,0.0,0.36,0.0,0.0,0.0,0.0,0.0,0.0,0.0,0.0,0.0,0.0,0.0,0.0,0.0,0.0,0.0,0.0,0.0,0.0,0.0,0.0,0.0,0.0,0.0,0.0,0.0,0.0,0.0,0.0,0.0,0.0,0.0,0.0,0.0,0.0,0.0,0.0,0.0,0.0,0.0,0.0,0.0625,0.0,0.15384615384615385,0.0,0.0,0.0,0.0,0.0,0.0,0.0,0.34375,0.0,0.0,0.0,0.15384615384615385,0.0,0.0,0.0,0.0,0.0,0.0,0.0,0.05555555555555555,0.0,0.0,0.0,0.0,0.0,0.4782608695652174,0.0,0.0,0.0,0.35294117647058826,0.0,0.0,0.0,0.0,0.045454545454545456,0.0,0.0],"total_num_species":[1,1,1,1,1,15,2,14,7,60,15,8,35,13,6,30,11,5,29,7,17,8,26,8,21,10,9,27,12,4,20,5,12,5,21,5,25,5,14,6,17,7,18,9,10,7,14,9,12,9,10,13,8,16,9,15,9,24,9,32,8,28,10,7,24,8,20,10,11,6,15,6,24,7,16,6,17,5,15,7,16,7,12,8,14,9,20,8,14,6,15,6,11,8,11,7,10,6,6,4,4,31,5,40,6,54,6,54,7,61,11,7,31,8,41,8,31,10,12,9,18,9,25,9,14,10,9,12,9,24,10,9,18,9,22,11,6,22,6,18,7,11,7,18,7,13,7,15,8,12,8,12,7,16,6,13,6,17,5,16,6,10,8,8,12,9,17,7,14,7,18,9,25,11,8,22,9,19,10,12,5,22,7,24,6,21,8,10,13,9,14,8,16,7,9,11,6,6,13,6,20,7,14,7,15,7,32,8,29,8,38,8,45,10,9,42,10,10,11,6,18,7,17,8,12,9,18,10,8,22,9,22,11,6,19,6,20,6,17,6,24,7,16,10,7,17,8,21,6,19,7,13,8,16,7,19,7,9,8,16,8,21,8,23,8,31,8,24,7,26,7,28,9,20,9,19,10,12,9,18,9,18,9,16,9,13,10,14,5,27,6,24,5,28,6,22,10,7,12,7],"avg_species_distances":[-1.0,-1.0,-1.0,-1.0,-1.0,0.11343537414965987,0.3333333333333333,0.21441653584510706,0.31179653679653674,0.28537746308932993,0.34438579938579916,0.35349927849927854,0.345369882218623,0.3557079672464285,0.35151515151515145,0.34000024879335244,0.36868949232585596,0.3178021978021978,0.38696648179406845,0.3956709956709957,0.3593162964486494,0.38842823842823854,0.4298039863605478,0.37741351785469435,0.39850149850149835,0.42880844645550537,0.3861231361231361,0.40949566535916526,0.42204739704739697,0.484920634920635,0.45161913421975336,0.4665079365079364,0.4471123573396302,0.5346428571428572,0.4438217275214181,0.514593837535014,0.46904084967320253,0.3742857142857143,0.45814706449381376,0.44700980392156864,0.3088961319822052,0.3788865546218487,0.4976069948676642,0.47797619047619044,0.4691938997821353,0.44510026232715305,0.48959340146314967,0.473481488555018,0.4763097295851309,0.45629376750700285,0.49988569165039765,0.49306719968484697,0.47280328798185944,0.4214417105225929,0.4763270838638486,0.47762109350344667,0.46127820944964903,0.44045773008368894,0.394987232409833,0.4524196381970348,0.5004581890417803,0.4833421041935594,0.46813037027949317,0.47481940574045833,0.47243879044508397,0.4922515976087404,0.45964807852965756,0.4943995510662179,0.4720523415977963,0.4502777777777778,0.42603054353054376,0.41666666666666663,0.47212830096809394,0.4105689949511459,0.4476995281765017,0.4524811424697008,0.47347170626172674,0.45257936507936514,0.4808778781604873,0.4163059163059163,0.4434583934583937,0.4536325029746083,0.4462784745380439,0.4812552213868004,0.4144313289050132,0.3751267056530215,0.4493743085079243,0.5011705399863295,0.43692079849974647,0.3867930938457253,0.45182456140350924,0.5210526315789473,0.47465865129023055,0.4877217081164448,0.45305483989694534,0.49254546622967676,0.3342877492877491,0.5174763832658569,0.5266081871345029,0.5984311740890688,0.5984311740890688,0.4348388098727636,0.5357540485829959,0.43480088631067015,0.48711201079622135,0.43765999292298874,0.49008659469185784,0.43769370150621817,0.46353062142535817,0.41747707083813523,0.45880439337377127,0.4667522879597182,0.4309395363634851,0.45248958557782093,0.42013147256667266,0.4552904225117848,0.4047088454413927,0.4351049191606467,0.3975622953757627,0.44559443716757957,0.36721786864216915,0.49376951021687865,0.35617224118617374,0.46572787592524434,0.39854485965464775,0.46792482797261364,0.48115887700174503,0.4286673095740601,0.4815558314294965,0.3660028887642136,0.4610872211350069,0.47759921255821336,0.4088793805171264,0.4613054316858665,0.37410833780490366,0.44061442510059123,0.4847584541062801,0.41075730572625047,0.5084927536231884,0.41034063123577214,0.538495723278332,0.47419311664766234,0.5321869488536155,0.4157538418976324,0.4974654534178344,0.4729488223077965,0.5219828672209624,0.45564877802973025,0.49724556197770486,0.5069872607751396,0.498282141139284,0.48874732170186724,0.506554776792872,0.4238244617770478,0.5382451499118165,0.440785709607549,0.5325308641975307,0.4240062260536403,0.5666750841750842,0.444405663780664,0.5325308641975307,0.5005261610817167,0.5266109221466365,0.5221992458599601,0.47629926769419506,0.517874555887841,0.39086910591066615,0.5471994917129493,0.41645943773272953,0.5460027167066505,0.37118868088959045,0.4997628285076778,0.34028928816045206,0.4699424214130097,0.5260136663360997,0.3830558866790755,0.5068388198005986,0.3996610802651454,0.49615158452410607,0.4734388521156902,0.556084656084656,0.4654570092777683,0.5036344167296546,0.4191157790238187,0.5514468864468864,0.4363548895729565,0.48762282690854125,0.4887566137566137,0.47135549635549606,0.4642255892255893,0.45426030411696916,0.4779877860235003,0.4260772954972733,0.4424603174603175,0.5021592857270607,0.4318384957288701,0.532552414905356,0.53918916051269,0.4482536009928661,0.5358462225469898,0.4306410233811303,0.5164675532048568,0.4190776868160865,0.5228949357520786,0.4382163283823574,0.5198790627362055,0.43579354094680317,0.49393424036281175,0.44061036802454284,0.48585600907029475,0.41456307763747696,0.4974631519274377,0.44096342679392914,0.46360462015634424,0.4699872286079185,0.47236481524597035,0.4588296165307658,0.4592811530742565,0.44720708410363563,0.5330932311621968,0.36656520913130997,0.5019856702511616,0.37163407732581627,0.4853066226490598,0.4471069319219738,0.45975758220206814,0.4052288638823342,0.4481772182691726,0.4953126876885056,0.3650000133144601,0.48609075755547426,0.40702144039932175,0.46954039668093844,0.48294068504594817,0.427395448727086,0.5218087014820226,0.3938514200232025,0.4875405296457928,0.4176229177771671,0.5340239313016082,0.4132455400351711,0.492288603281603,0.4192324331132561,0.5017700817700818,0.5104297540387766,0.40597337818700074,0.520655534941249,0.4200462639963565,0.5342279942279942,0.44850220265933427,0.5099154813440527,0.4205488955488957,0.4805194805194804,0.4180194805194807,0.5265000232742166,0.4502901885722356,0.5258503401360543,0.48752287962521546,0.5040206238223875,0.4740251113620676,0.5257334183673469,0.4505962291676581,0.5249779238618524,0.45549311286274213,0.5224791529515033,0.42399067968683046,0.5201366030283081,0.44676582961996825,0.5318624028301447,0.45692089330920926,0.5479127134724858,0.42497605956227397,0.5033435967407742,0.40894200079440524,0.510268942527007,