{"min_species_distances":[-1.0,-1.0,-1.0,-1.0,-1.0,0.0,0.0,0.0,0.1111111111111111,0.0,0.0,0.0,0.0,0.0,0.0,0.0,0.0,0.0,0.0,0.0,0.0,0.0,0.06666666666666667,0.0,0.0,0.0,0.058823529411764705,0.0,0.0,0.0,0.07142857142857142,0.0,0.0,0.0,0.0,0.0,0.0,0.0,0.0,0.0,0.0,0.0,0.0,0.0,0.0,0.0,0.0,0.0,0.0,0.0,0.0,0.0,0.0,0.5789473684210527,0.5789473684210527,0.0,0.3333333333333333,0.0,0.0,0.0,0.0,0.0,0.08333333333333333,0.0,0.0,0.0,0.0,0.0,0.0,0.0,0.0,0.0,0.0,0.047619047619047616,0.0,0.0,0.0,0.043478260869565216,0.0,0.0,0.043478260869565216,0.0,0.0625,0.0,0.5294117647058824,0.0,0.2857142857142857,0.0,0.0625,0.0,0.0,0.0,0.2,0.0,0.25,0.0,0.2,0.1,0.0,0.0,0.0,0.1111111111111111,0.0,0.1111111111111111,0.0,0.0,0.0,0.0,0.0,0.0,0.0,0.0,0.0,0.1,0.0,0.0,0.0,0.07692307692307693,0.1,0.0,0.1,0.0,0.0,0.0,0.0,0.0,0.0,0.0,0.0,0.0,0.0,0.0,0.0,0.0,0.0,0.0,0.0,0.0,0.0,0.0,0.0,0.0,0.0,0.047619047619047616,0.0,0.05555555555555555,0.0,0.0,0.0,0.05555555555555555,0.0,0.0,0.0,0.0,0.0,0.0,0.0,0.045454545454545456,0.0,0.0,0.0,0.0,0.0,0.0,0.0,0.5294117647058824,0.0,0.08333333333333333,0.0,0.07692307692307693,0.07142857142857142,0.0,0.07142857142857142,0.0,0.0,0.35294117647058826,0.0,0.05555555555555555,0.0,0.0,0.0,0.0,0.0,0.07142857142857142,0.06666666666666667,0.0,0.06666666666666667,0.0,0.10526315789473684,0.0,0.2631578947368421,0.0,0.2631578947368421,0.0,0.0,0.0,0.2631578947368421,0.0,0.06666666666666667,0.0,0.2777777777777778,0.0,0.125,0.125,0.125,0.0,0.36363636363636365,0.0,0.0,0.0,0.0,0.0,0.0,0.0,0.0,0.0,0.0,0.05263157894736842,0.0,0.0,0.0,0.0,0.0,0.0,0.0,0.041666666666666664,0.0,0.0,0.0,0.058823529411764705,0.0,0.0,0.0,0.17647058823529413,0.0,0.0,0.0,0.05555555555555555,0.0,0.03125,0.0,0.0,0.0,0.0,0.0,0.0,0.05263157894736842,0.0,0.0,0.10526315789473684,0.0,0.0,0.07692307692307693,0.0,0.19047619047619047,0.0,0.18181818181818182,0.0,0.0,0.41935483870967744,0.0,0.41935483870967744,0.0,0.41935483870967744,0.0,0.2608695652173913,0.0,0.0,0.0,0.0,0.0,0.2916666666666667,0.0,0.2916666666666667,0.0,0.2916666666666667,0.0,0.2916666666666667,0.0,0.2727272727272727,0.0,0.0,0.0,0.25,0.0,0.25,0.0,0.25,0.0,0.25,0.0,0.25,0.0,0.2,0.0,0.15625,0.13636363636363635,0.34615384615384615,0.0,0.0],"total_num_species":[1,1,1,1,1,6,96,43,19,13,7,34,12,7,23,7,29,9,26,10,10,13,6,19,5,27,5,20,5,26,5,24,7,22,7,14,6,29,8,19,9,13,9,15,9,19,9,22,10,13,2,6,5,4,4,16,6,18,7,20,10,11,8,16,8,20,10,10,11,9,16,10,11,8,23,7,22,9,35,11,4,9,8,7,6,13,7,13,8,26,10,19,7,27,8,23,10,9,23,8,22,8,23,8,35,11,8,13,9,13,8,12,8,9,20,9,19,11,8,14,8,17,9,14,8,23,9,23,8,19,11,7,25,9,31,9,23,9,34,9,28,10,11,3,12,5,12,4,16,4,13,5,16,4,15,4,14,5,8,12,7,10,7,6,6,5,36,9,61,12,7,32,9,24,11,6,16,7,22,7,17,8,13,8,8,16,8,28,9,25,8,25,8,22,9,18,8,17,9,16,9,23,10,10,10,11,8,24,9,19,12,7,20,8,11,8,13,8,17,8,13,8,16,8,12,7,11,7,13,7,12,7,19,6,19,8,15,6,18,8,14,8,15,9,22,10,7,10,7,7,7,34,8,34,7,46,8,56,11,6,28,6,30,6,30,7,32,8,18,8,12,7,20,7,12,7,15,7,18,8,10,9,39,8,60,8,61,8,79,8,75,8,69,8,80,10,11,7,43,8],"avg_species_distances":[-1.0,-1.0,-1.0,-1.0,-1.0,0.11428571428571425,0.127510181704261,0.22741435075322133,0.2831384015594545,0.3256410256410255,0.40519480519480516,0.36350389558946,0.4052588825316097,0.3203463203463202,0.40668481715912536,0.40306360306360306,0.4144397064347815,0.4361693861693862,0.41304895104895073,0.427218337218337,0.4422281422281423,0.4366029269875425,0.4976443001443001,0.42463119239435015,0.29848484848484846,0.4494460869837938,0.46544117647058825,0.44546111782953846,0.5017857142857143,0.4670365019595784,0.5056318681318681,0.4627188029361941,0.49643511250654104,0.4746307924879354,0.5392657062825129,0.4985722000831895,0.4329365079365079,0.45010492481696546,0.5102040816326531,0.5018520566121185,0.49222629222629216,0.482184777263963,0.4843915343915344,0.4950287807430666,0.46114417989417983,0.49213200799888085,0.4267149354868652,0.4702284954385798,0.4534038800705469,0.41537384184443044,0.0,0.5466666666666666,0.5544444444444444,0.6287524366471735,0.6287524366471735,0.45191468253968287,0.5637037037037037,0.4460958359952172,0.514663643235072,0.4594941300619973,0.48308481641814965,0.4826127301725387,0.5454963165489481,0.4531662489557222,0.5460046897546899,0.3841161616161621,0.521643819143819,0.525362168695502,0.5078123896305713,0.5348592765259432,0.4326249676249676,0.5409721143054479,0.5237161828070923,0.5558046902971714,0.5104945664930183,0.4600458365164248,0.49971104501179653,0.5405600840383449,0.5056544967052915,0.5366559165472209,0.5710144927536231,0.5644161146745332,0.5734547957979178,0.5978110976832203,0.6180372483441535,0.48139915968915103,0.5969121427835347,0.5395773049687805,0.5697221070702527,0.4760058499438792,0.5612546594260152,0.5101950036099757,0.5826160899142264,0.48525545025745453,0.5842098614808241,0.5188744791543912,0.5419958936582979,0.5494830244350706,0.49496549446485233,0.5770965253690409,0.515303443212236,0.5841380195029263,0.4996749861582258,0.5841380195029263,0.4918459465497728,0.5355421326329257,0.5520163846170878,0.5466641788674986,0.5721434164297439,0.5176145179720694,0.5796444648346821,0.5456929068589149,0.5804113476747748,0.5654962041113442,0.47757133354295234,0.5683457720744032,0.4796454037621293,0.5545186620955416,0.5459384154119313,0.5042634010445965,0.5690764234755687,0.46150738369449246,0.5375411612649129,0.5118272885637273,0.5622862703433775,0.45735331360861803,0.5608517991483398,0.4790029171191279,0.5665787951336141,0.5072161222405113,0.5264116994415824,0.48729185350029336,0.5227653540314595,0.42787899235267646,0.5306252233085167,0.5417611749053098,0.5167329908018429,0.48507434162748925,0.5160333656917585,0.4767247639796659,0.4929955994743589,0.4735643393159735,0.5465273694418082,0.4873015873015873,0.5139702345584699,0.5847494553376906,0.4250912486206606,0.3333333333333333,0.49834169779022697,0.5424836601307189,0.4632180470028767,0.5402298850574712,0.46662921601389123,0.5496031746031745,0.49583833533413346,0.5555555555555556,0.4690317714536476,0.54531522117729,0.5304018158987732,0.42570390225055565,0.4896145239705076,0.5084850241036856,0.5368584215295312,0.5523680736662481,0.5509250722232466,0.6107873870551355,0.4329726301294924,0.49493933139443974,0.43851909330105937,0.4827710762202742,0.5321704439351498,0.44006820030411126,0.48692951928246053,0.4659764035277235,0.46697336754154933,0.5690759588292794,0.40240025049797323,0.5361352752244594,0.41282385445220604,0.5197187379350567,0.41020536556868753,0.5184982534069348,0.45828301348624934,0.5166553669366085,0.5086761146296251,0.42459417571971264,0.5131978157832049,0.3757000333522383,0.5038261655050456,0.3868688188519903,0.524080928739248,0.3842190871143606,0.5236096258485902,0.3720967798925547,0.4990210656841954,0.41133188318088154,0.5219862492252136,0.37353933526863686,0.5036422894345097,0.4280020082388567,0.5127964553367779,0.38505987387901836,0.4954309898174542,0.4966007131645968,0.4966007131645968,0.4849466040467738,0.5355271957782446,0.373071939349216,0.48214225056808857,0.4200669847829419,0.469506739493938,0.5244046496168738,0.46412353712611926,0.5285796258875006,0.49782160005583187,0.5155415123038464,0.4779094545648026,0.5209222347168018,0.41475443350412144,0.5340295233440395,0.4370388680547973,0.5375169251473807,0.4219254800409299,0.5406137501751519,0.47739444605119774,0.540561791180552,0.46174287962320065,0.5372669716164478,0.46597040826363373,0.5210146782727428,0.4711467415957557,0.5403799824433436,0.4445393874688578,0.5675082577834002,0.4314617220880363,0.5101696124920283,0.4477594004720478,0.549153137957692,0.430032243486518,0.5299981675607424,0.44866570284027607,0.5413095911822567,0.47217461857408527,0.5246690875935359,0.4509601897729476,0.5122466410949716,0.5336538029661968,0.5072811209625018,0.5488096136398345,0.5523504100753676,0.5525397723699931,0.44766287170494906,0.5259919131990439,0.4673169629176808,0.5513166428616343,0.4444611100600859,0.5323769797454008,0.4691872058779172,0.5082494333113121,0.5656905566922545,0.45923843682402365,0.5656905566922545,0.47332651706800877,0.5656905566922545,0.4719864644420249,0.5494879837538728,