{"min_species_distances":[-1.0,-1.0,-1.0,-1.0,-1.0,0.0,0.0,0.125,0.0,0.0,0.1,0.0,0.0,0.0,0.0,0.0,0.0,0.0,0.0,0.4,0.0,0.38461538461538464,0.0,0.0,0.0,0.0,0.0,0.125,0.0,0.0,0.0,0.0,0.0,0.0,0.0,0.0,0.0,0.0,0.0,0.0,0.0,0.0,0.0,0.0,0.0,0.0,0.0,0.0,0.0,0.0,0.0,0.0,0.0,0.0,0.0,0.0,0.0,0.0,0.0,0.0,0.0,0.0,0.0,0.0,0.0,0.0,0.0,0.0,0.3333333333333333,0.0,0.0,0.0,0.0,0.0,0.0,0.0,0.0,0.0,0.13333333333333333,0.0,0.0,0.0,0.0,0.0,0.0,0.0,0.0,0.0,0.0,0.0,0.0,0.0,0.0,0.0,0.0,0.0,0.0,0.0,0.0,0.0,0.0,0.0,0.0,0.0,0.043478260869565216,0.0,0.0,0.0,0.0,0.0,0.045454545454545456,0.0,0.0,0.0,0.0,0.0,0.0,0.0,0.0,0.0,0.0,0.0,0.0,0.0,0.0,0.0,0.0,0.0,0.15789473684210525,0.0,0.15789473684210525,0.0,0.0,0.0,0.0,0.0,0.0,0.0,0.0,0.0,0.0,0.5357142857142857,0.0,0.5357142857142857,0.0,0.5357142857142857,0.0,0.5,0.0,0.5,0.0,0.5,0.0,0.5,0.0,0.0,0.0,0.0,0.0,0.2777777777777778,0.0,0.0,0.0,0.0,0.5,0.0,0.5,0.0,0.5,0.0,0.38095238095238093,0.0,0.0,0.0,0.375,0.0,0.0,0.0,0.0,0.0,0.0,0.0,0.0,0.0,0.0,0.0,0.0,0.0,0.0,0.0,0.0,0.0,0.0,0.07142857142857142,0.0,0.0,0.0,0.0,0.0,0.0,0.0,0.0,0.0,0.0,0.0,0.03333333333333333,0.0,0.0,0.03333333333333333,0.03333333333333333,0.0,0.06451612903225806,0.0,0.06666666666666667,0.0,0.15384615384615385,0.0,0.0,0.2631578947368421,0.0,0.0,0.0,0.0,0.0,0.0,0.0,0.0,0.05,0.0,0.11764705882352941,0.0,0.22727272727272727,0.0,0.0,0.22727272727272727,0.0,0.0,0.3333333333333333,0.0,0.0,0.0,0.0,0.0,0.0,0.0,0.0,0.0,0.03225806451612903,0.0,0.0,0.0,0.0,0.0,0.0,0.0,0.0,0.0,0.0,0.0,0.03225806451612903,0.0,0.03225806451612903,0.0,0.0,0.0,0.03225806451612903,0.0,0.0,0.0,0.0,0.03225806451612903,0.03225806451612903,0.03225806451612903,0.0,0.0,0.0,0.2962962962962963,0.0,0.2962962962962963,0.0,0.2962962962962963,0.0,0.2962962962962963,0.2962962962962963,0.0,0.3103448275862069,0.0,0.16666666666666666,0.0,0.1111111111111111,0.03571428571428571,0.3,0.0,0.3,0.0,0.3,0.0,0.3,0.0,0.2857142857142857],"total_num_species":[1,1,1,1,1,10,30,10,18,11,7,22,6,26,9,22,9,31,13,6,25,6,27,9,14,10,13,5,21,6,25,5,14,8,15,8,19,7,15,9,17,9,13,8,19,10,9,16,8,17,10,10,9,9,8,10,8,24,8,28,10,13,7,23,8,20,9,27,8,25,10,10,11,9,26,11,4,19,4,20,5,19,5,21,6,12,6,21,6,14,7,13,7,12,7,11,6,26,9,21,8,18,7,18,8,14,6,21,8,18,7,18,9,19,8,17,8,16,9,13,8,10,9,7,9,10,9,37,7,77,7,79,10,9,67,11,7,27,9,38,11,5,16,5,20,5,14,5,14,5,18,5,14,5,10,7,31,7,48,7,31,9,25,11,5,15,5,14,5,18,6,20,8,15,7,13,9,14,9,13,9,14,9,23,9,21,11,6,17,7,28,7,18,6,27,8,19,6,19,7,17,6,23,8,16,6,10,7,7,7,31,8,57,7,56,8,71,11,7,26,9,29,8,28,8,40,10,8,29,8,32,8,39,10,8,22,11,7,14,6,23,8,16,9,11,9,14,8,11,9,13,9,20,9,14,10,10,9,15,8,14,8,14,9,16,8,20,10,9,10,10,9,10,10,10,12,8,13,8,17,8,11,8,8,35,8,63,9,64,10,13,8,19,8,20,8,22,8,15,9],"avg_species_distances":[-1.0,-1.0,-1.0,-1.0,-1.0,0.12063492063492068,0.21284893267651878,0.26882716049382716,0.2976320157692704,0.2888888888888889,0.3593073593073594,0.35157418339236457,0.39898989898989906,0.33290442890442834,0.3830743330743332,0.35474441383532235,0.4198024198024198,0.37654795622537646,0.43310898503206186,0.4975901875901876,0.40861890886890884,0.5094216894216893,0.36842948124999436,0.4571271321271322,0.3983269477774973,0.39720057720057717,0.43881823304900264,0.4717032967032967,0.44381998953427515,0.29485294117647054,0.420577740070387,0.3,0.4558650383230218,0.36207399626517267,0.41335559864971644,0.4483835200746964,0.4928602581975574,0.43697518368571003,0.4629541110191267,0.3197478243434125,0.49720241027664563,0.5305203643535685,0.49849047460085855,0.48110500610500606,0.4669341294456715,0.43086755349913247,0.43379290462623793,0.4888174094424094,0.33303244374672947,0.5095540461759047,0.5330652716927229,0.5135393872648778,0.5377448985292124,0.5434303350970017,0.555044955044955,0.5321010907052097,0.5384385923001485,0.48685478824892836,0.5360992268600965,0.4731796095745363,0.5209028169897734,0.4818271472117623,0.5416448630734345,0.4079144986689252,0.5462286161043924,0.4308047114340029,0.5257748290356985,0.42618344213818454,0.553429502691925,0.43137144337144406,0.5234959123002599,0.530382359186707,0.5200605191909538,0.555404631488223,0.4568950357678632,0.49363969363969357,0.5213675213675214,0.46885630498144787,0.5142857142857142,0.4955679803422188,0.5461538461538461,0.4841127334756145,0.48571428571428565,0.4511424131424135,0.5186813186813187,0.4950118820573367,0.463095238095238,0.4680560431631869,0.45357142857142846,0.43957119803273675,0.42092349760416986,0.48654863299094114,0.44416099773242623,0.5316726707635798,0.45666734059591213,0.5191089911406117,0.3753968253968253,0.5123734473671117,0.49876573997897533,0.42278342945569825,0.23295454545454544,0.5147299106122635,0.4791657617744574,0.4951507191618021,0.49236867731113254,0.456869404683547,0.4717630195891065,0.4550778213710547,0.5335515655537576,0.4946384486026429,0.4829787392812602,0.5013453651237196,0.408128908128908,0.47216677294001885,0.4595490370061067,0.4989448486129319,0.4589002267573696,0.4899590026026518,0.478324770595302,0.484685604250822,0.5173929475171711,0.5232709508924344,0.5319529113309306,0.5407341680633606,0.5009349729665011,0.5058756660841585,0.525833841178362,0.48074937714493593,0.5443203130900637,0.47047819965953414,0.5445307540763573,0.46222615487091917,0.5124926809778068,0.5180960149972352,0.44817545609735004,0.5229227573214988,0.5436274433495747,0.4731761981440596,0.49129567073884406,0.48144530052840007,0.4492750321125609,0.5909175111692273,0.4159376097247953,0.5909175111692273,0.4259786862273908,0.5909175111692273,0.45367126607728137,0.5924185463659147,0.40429530786673645,0.5924185463659147,0.3597871994801823,0.5924185463659147,0.39550272200648173,0.5924185463659147,0.4579956836535785,0.5388471177944861,0.4280177828955704,0.5388471177944861,0.44515214645891005,0.5328450093487687,0.4456699625367196,0.5140360714588403,0.46046710525673973,0.4813062960431384,0.5903571428571428,0.4043801965230538,0.5903571428571428,0.4658147758311213,0.5871904761904763,0.4381059639721642,0.5459682539682541,0.4158920048196214,0.5141975881261595,0.38892025093790367,0.5286150357578929,0.42498386971631125,0.4915910176779742,0.41055418940034316,0.49697663447663437,0.4792075232459849,0.4807895807895808,0.4598221447289772,0.4960453533916801,0.4177675046961593,0.4959167302795488,0.4250260229644466,0.4812206445592026,0.5673015873015872,0.4468081901195489,0.5430188311961711,0.43417857882554234,0.5452131338830847,0.4470787360036853,0.5063936063936063,0.4007897812927773,0.5362964211486377,0.43910090715898326,0.5444609030815928,0.430542293627593,0.4961382350544911,0.44730156224115114,0.5422133422133422,0.44640495267987895,0.5283854487056456,0.3874730821644056,0.5445546790374376,0.4715074197832819,0.5255934541648827,0.5273028558742844,0.5273028558742844,0.4452017692678469,0.5244296861537305,0.46607909772629635,0.5453784310927168,0.45583056026081,0.528863678507449,0.46951766056911287,0.49566629658162836,0.5439831063564311,0.44374101171960706,0.508114965145222,0.4195292857073805,0.5269454692632202,0.4616046982840773,0.5295770482105887,0.4473472632695413,0.47987144015550864,0.5236402470292573,0.46516268258659654,0.5264394494603527,0.4567679929895216,0.5240048771104672,0.4262221171937106,0.4897839197839196,0.5201652643422829,0.4516422626662773,0.4805042651682967,0.5347675788669578,0.46461061761371564,0.5518239248674031,0.43236655588459094,0.5218515814313249,0.436217333975048,0.517060356893263,0.4929442298956514,0.5193054464696869,0.42415474371913714,0.5217581611533829,0.4976276220112367,0.5084355530708967,0.46241326192777266,0.515749522411514,0.44577319521107833,0.5085653903457198,0.4588481832885686,0.5034004776191747,0.5034004776191747,0.5168350907384616,0.4268796817150058,0.5185819894989503,0.4655140797771407,0.5203465293069685,0.45989495521275536,0.49611181670111887,0.42055574784229827,0.5203465293069685,0.42817789758758934,0.5009716489225123,0.5067120279943556,0.49495822339413037,0.49309542763381436,0.5077058404777608,0.5028379376633849,0.5034284611989093,0.5034284611989093,0.4749777840000911,0.5143451265265357,0.44817283295370164,0.5143451265265357,0.38519647155574566,