{"min_species_distances":[-1.0,-1.0,-1.0,-1.0,-1.0,0.0,0.0,0.1111111111111111,0.1,0.0,0.09090909090909091,0.0,0.0,0.0,0.0,0.0,0.0,0.0,0.0,0.14285714285714285,0.0,0.08333333333333333,0.0,0.6,0.0,0.26666666666666666,0.0,0.0,0.07692307692307693,0.0,0.07142857142857142,0.0,0.0,0.0,0.0,0.0,0.0,0.0625,0.07142857142857142,0.0,0.07142857142857142,0.0,0.0,0.0,0.0,0.0,0.0,0.0,0.0,0.0,0.0,0.0,0.0,0.45454545454545453,0.0,0.45454545454545453,0.0,0.09090909090909091,0.0,0.0,0.0,0.0,0.0,0.0,0.0,0.0,0.0,0.0,0.0,0.0,0.0,0.0,0.0,0.0,0.0,0.0,0.0,0.0,0.0,0.0,0.0,0.0,0.0,0.0,0.0,0.0,0.0,0.0,0.0,0.0,0.0,0.0,0.0,0.0,0.0,0.0,0.0,0.0,0.0,0.0,0.0,0.0,0.0,0.0,0.0,0.0,0.0,0.2,0.0,0.0,0.0,0.0,0.0,0.0,0.17647058823529413,0.0,0.2,0.0,0.2727272727272727,0.0,0.0,0.0,0.09090909090909091,0.0,0.0,0.0,0.2857142857142857,0.0,0.0,0.0,0.0,0.0,0.0,0.3125,0.0,0.0,0.0,0.08333333333333333,0.0,0.0625,0.0625,0.0,0.47368421052631576,0.0,0.0,0.0,0.0,0.0,0.0,0.0,0.0,0.0,0.0,0.0,0.0,0.0,0.0,0.04,0.0,0.0,0.0,0.0,0.0,0.0,0.0,0.030303030303030304,0.0,0.0,0.0,0.0,0.0,0.0,0.0,0.04,0.0,0.0,0.0,0.09090909090909091,0.0,0.0,0.0,0.0,0.0,0.0,0.0,0.0,0.0,0.0,0.0,0.037037037037037035,0.0,0.0,0.0,0.0,0.0,0.0,0.0,0.0,0.0,0.0,0.0,0.0,0.0,0.0,0.0,0.0,0.0,0.0,0.07142857142857142,0.0,0.07692307692307693,0.0,0.0,0.0,0.0,0.0,0.043478260869565216,0.0,0.0,0.0,0.0,0.0,0.0,0.0,0.0,0.0,0.0,0.0,0.0,0.0,0.0,0.0,0.0,0.0,0.03333333333333333,0.0,0.0,0.0,0.0,0.0,0.02702702702702703,0.0,0.0,0.0,0.0,0.0,0.0,0.0,0.0,0.0,0.17647058823529413,0.0,0.058823529411764705,0.0,0.03225806451612903,0.0,0.0,0.0,0.0,0.0,0.125,0.0,0.0,0.0,0.0,0.0,0.0,0.0,0.0,0.0,0.0,0.05,0.0,0.0,0.0,0.05555555555555555,0.0,0.10526315789473684,0.0,0.0,0.0,0.0,0.0,0.0,0.0,0.0,0.06666666666666667,0.0,0.0,0.0,0.0,0.0,0.13043478260869565,0.0,0.05,0.0,0.05,0.0,0.3157894736842105,0.0],"total_num_species":[1,1,1,1,1,10,26,12,10,12,8,24,10,14,9,16,7,26,11,3,12,3,14,2,9,5,7,10,10,12,6,32,8,32,8,37,10,13,7,20,8,31,10,10,15,8,29,9,22,8,16,6,18,5,21,5,25,6,27,8,18,9,19,7,32,10,11,5,19,6,15,4,24,6,18,6,22,4,22,7,20,7,15,6,14,5,19,6,18,7,15,7,16,9,15,7,18,9,14,7,17,8,14,8,12,7,11,6,13,6,16,7,9,6,6,16,6,18,7,22,7,29,7,31,7,22,7,28,9,29,10,10,14,8,19,8,24,9,29,10,10,11,6,27,7,29,9,15,10,7,14,9,19,8,17,9,19,8,13,10,10,9,14,10,10,10,10,9,17,9,23,9,15,8,17,9,11,8,15,9,22,9,12,9,12,9,25,9,28,11,6,21,4,26,6,20,6,24,6,17,5,15,3,17,5,17,4,20,4,23,5,16,6,28,5,24,5,29,5,21,5,12,5,26,5,23,5,13,4,19,6,16,4,17,4,14,5,15,4,14,4,19,5,11,4,10,7,6,5,10,6,31,7,70,8,72,8,79,8,89,8,72,12,8,22,10,9,33,10,13,8,10,8,8,49,9,64,10,10,11,9,19,9,21,9,20,9,13,9,15,8,14,9,18,9,17,8,20,8,26],"avg_species_distances":[-1.0,-1.0,-1.0,-1.0,-1.0,0.1134920634920635,0.2112576312576318,0.29335016835016825,0.3503254769921438,0.3653122130394855,0.3720779220779221,0.38474757931279685,0.38380471380471387,0.401098169230037,0.37794612794612803,0.4312645687645688,0.4216450216450216,0.41495822126591336,0.4141894469167195,0.35714285714285715,0.34018506745779475,0.34595959595959597,0.425500689786404,0.6,0.37512626262626275,0.48999999999999994,0.4133422133422133,0.42471380471380465,0.4472235172235175,0.4459984459984461,0.4677655677655677,0.42415411767067124,0.4685897435897436,0.4392211497430963,0.47053184910327767,0.4354823301417732,0.47339105339105364,0.46674815569046363,0.4761163439734868,0.44048624620993004,0.5185084260977117,0.4509823688855941,0.4581795655325068,0.48248465042582706,0.47854430427959876,0.4637484364375121,0.4587399405686164,0.4376207055235188,0.4579765334365589,0.4782145603756856,0.4798825548385974,0.5227478403948992,0.47254896867504065,0.5625900953266683,0.4670354088055952,0.5697329524695254,0.474667862879382,0.542483660130719,0.47442399534837487,0.5033947966538393,0.42571369545627796,0.4636242950554544,0.47440595342180697,0.49251443001443007,0.480186922562537,0.47185081812274804,0.5251652892561984,0.5071428571428571,0.4698959586632721,0.3452121212121212,0.494033927141344,0.47453703703703703,0.42040449083927367,0.40991285403050104,0.47789651983711956,0.3939814814814815,0.46123687519791423,0.28125,0.45835336625514006,0.50656402912042,0.4789982709612008,0.3830200501253133,0.4563881165274355,0.5097117794486216,0.42560384508833143,0.5084586466165414,0.42611426557980264,0.4865079365079365,0.4690979457688624,0.46095455726150114,0.46177574343577593,0.5102139340584719,0.3776946041574527,0.47688718109114525,0.46958948296667585,0.4751468769325912,0.3774234388270799,0.5047183668384708,0.48123296624833706,0.4347343953255282,0.4662041359921589,0.4728117981642419,0.4341572264050878,0.5046062312072164,0.49520299284309766,0.5108408913804755,0.5113030837869491,0.5884620945152255,0.47711183428862497,0.5274153297682709,0.46993377827340227,0.5169285105346487,0.5415316851378231,0.5904489911906791,0.5828545041204888,0.3824138858441934,0.5871028701335607,0.47407317469068233,0.571523375383559,0.4677534034686054,0.5651319433804376,0.4571273363809011,0.5589527121571568,0.45908893341761664,0.5596702916790841,0.45989313834575735,0.5581936842058002,0.4722854248603949,0.5068514147906318,0.4394301107439982,0.48202366636654215,0.49407446693809176,0.46246373675746544,0.5409932527241847,0.4669103850447808,0.5201302817912097,0.44459940665251024,0.5185891068334924,0.4456684408881483,0.5002814157434889,0.5016699642268105,0.5074629222427433,0.591372375332358,0.45251096992600387,0.5411859768636177,0.45877989982673284,0.5390584028202948,0.43943809253973987,0.5383481730728047,0.5618461915658711,0.44688289782262747,0.4864785945842869,0.48799543674823553,0.5462603519668737,0.45740244539273656,0.5219894164759725,0.4724612645585487,0.5594994619701428,0.4811342245047995,0.5050051911178912,0.538554496143741,0.5370357127722687,0.5193512865852682,0.5282656939636343,0.5450416032395435,0.5395214743167025,0.5335312396096148,0.54390181749664,0.44998992314524244,0.5394856971837805,0.43785730811051,0.5393552134470326,0.46424796621071374,0.5458008627051819,0.45295624115857736,0.4898274189578536,0.5162711818669276,0.5447113380925492,0.47946936192825373,0.5110161623855844,0.44125777217854023,0.5380703117545224,0.5000295750973583,0.5227846148734305,0.483541555909977,0.5177299449521671,0.45469466574685924,0.5061108281696517,0.4421627085532924,0.4794832974928669,0.5434452047355272,0.492716737152689,0.36000000000000004,0.4877803280724784,0.37605466428995843,0.4994600004184285,0.3599567099567099,0.4528546227898937,0.4813852813852813,0.43948659566645126,0.2713527851458887,0.38697602033862477,0.41379310344827586,0.48419315383443606,0.50128078817734,0.39035635851933614,0.3103448275862069,0.470403546649305,0.4962307807135393,0.468398416413983,0.47626373626373625,0.4318758452941359,0.44299381777642644,0.47052982542023714,0.3740053050397878,0.46084808511276176,0.4864438410165547,0.4470893039917238,0.28383620689655176,0.4690336763283185,0.4788605697151425,0.47046710672000286,0.4136431784107947,0.46546178857005677,0.4822050513204936,0.45440200920166957,0.4765880217785844,0.4328807863274842,0.3169129720853858,0.47136430275522095,0.437728635682159,0.43201636572906543,0.49025487256371814,0.4290073680305595,0.4911044477761119,0.47122499712990185,0.44227886056971516,0.44915332016531395,0.34782608695652173,0.4250191110760824,0.5003932503932504,0.44939317927494876,0.43536231884057974,0.4323930254365037,0.47631578947368425,0.43530174066405963,0.4568050193050193,0.5007378807378807,0.4984909909909909,0.41454075193205625,0.49099419752233053,0.3529537673399159,0.4493039852055197,0.3318000919597837,0.45986636432114764,0.3516529945591397,0.4286033371437098,0.32625301097767634,0.4399037588396855,0.3751908245366986,0.4427581205756263,0.39666974130963,0.38406425431765306,0.4399037588396855,0.31025305226985883,0.4043171140100964,0.4186640925676014,0.28571703306368584,0.40341805368121164,0.3797089082008109,0.3800387112887112,0.41682836656520866,0.4497817658531943,0.46052400940073734,0.38139856818926066,0.43483467649447716,0.40352320027404726,0.44103028459864546,0.4456563574135729,0.43757582813125645,0.4317055099525388,0.3778925533572126,0.42788366593913946,0.39019330664085466,