{"min_species_distances":[-1.0,-1.0,-1.0,-1.0,-1.0,0.0,0.0,0.1111111111111111,0.1,0.0,0.1,0.0,0.0,0.0,0.25,0.0,0.0,0.0,0.0,0.0,0.0,0.07142857142857142,0.0,0.25,0.0,0.0,0.0,0.25,0.06666666666666667,0.0,0.1111111111111111,0.0,0.0,0.0,0.0,0.09090909090909091,0.0,0.0,0.09090909090909091,0.0,0.0,0.0,0.0,0.0,0.4375,0.0,0.4666666666666667,0.0,0.0,0.0,0.0,0.0,0.0,0.0,0.0,0.0,0.0,0.0,0.0,0.0,0.0,0.0,0.0,0.0,0.0,0.0,0.0,0.0,0.0,0.0,0.0,0.0,0.0,0.0,0.0,0.0,0.058823529411764705,0.0,0.0,0.0,0.0,0.0,0.0,0.0,0.0,0.0,0.0,0.0,0.0,0.0,0.0,0.0,0.058823529411764705,0.0,0.0,0.0,0.0,0.0,0.0,0.0,0.0,0.25,0.0,0.0,0.0,0.0,0.0,0.0,0.0,0.0,0.5,0.0,0.0,0.0,0.0,0.0,0.0,0.0,0.0,0.0,0.0,0.0,0.0,0.0,0.0,0.0,0.0,0.0,0.0,0.0,0.0,0.0,0.0,0.0,0.0,0.0,0.0,0.0,0.0,0.0,0.0,0.0,0.0,0.0,0.0,0.0,0.0,0.0,0.0,0.0,0.0,0.0,0.0,0.0,0.0,0.0,0.0,0.0,0.13043478260869565,0.0,0.26666666666666666,0.0,0.125,0.0,0.0,0.3333333333333333,0.0,0.0,0.0,0.10526315789473684,0.0,0.10526315789473684,0.0,0.0,0.0,0.19047619047619047,0.0,0.08333333333333333,0.0,0.0,0.0,0.08333333333333333,0.0,0.0,0.0,0.45454545454545453,0.0,0.0,0.0,0.0,0.0,0.0,0.0,0.0,0.0,0.0,0.0,0.0,0.0,0.0,0.0,0.0,0.0,0.0,0.0,0.0,0.0,0.0,0.0,0.08,0.0,0.0,0.0,0.0,0.07692307692307693,0.0,0.0,0.058823529411764705,0.29411764705882354,0.0,0.07692307692307693,0.0,0.0,0.0,0.1111111111111111,0.0,0.0,0.0,0.3333333333333333,0.0,0.1111111111111111,0.0,0.0,0.0,0.2631578947368421,0.0,0.0,0.0,0.0,0.0,0.0,0.2631578947368421,0.0,0.05263157894736842,0.0,0.0,0.0,0.2777777777777778,0.0,0.0,0.0,0.0,0.0,0.0,0.0,0.0,0.0,0.0,0.07692307692307693,0.0,0.0,0.0,0.0,0.0,0.0,0.0,0.07692307692307693,0.0,0.0,0.0,0.0,0.0,0.0,0.0,0.0,0.55,0.0,0.0,0.0,0.0,0.0,0.0,0.0,0.0,0.0,0.0,0.0,0.0,0.0,0.0,0.0,0.0,0.17647058823529413,0.0,0.07142857142857142,0.0,0.0,0.0,0.0,0.0],"total_num_species":[1,1,1,1,1,10,27,12,7,51,12,10,8,43,9,36,11,6,22,10,11,4,14,3,16,4,12,4,9,7,8,24,11,9,21,9,21,10,13,9,29,9,23,11,4,13,3,14,4,23,7,22,5,31,8,21,8,18,8,24,7,19,9,23,8,19,7,25,8,13,8,13,9,16,8,14,8,14,9,17,7,17,8,15,6,13,6,16,5,18,7,11,6,10,7,6,10,8,18,8,31,7,35,9,32,9,35,13,10,14,6,20,9,20,9,14,8,20,9,15,8,14,9,18,11,8,26,6,14,8,22,6,16,6,23,8,17,7,14,7,14,8,15,9,19,9,12,7,17,9,8,8,8,14,8,19,7,30,6,42,7,35,9,37,11,6,24,8,21,7,15,8,19,8,23,7,22,8,26,9,21,7,22,10,12,5,23,8,15,9,26,11,8,11,5,17,6,19,6,17,7,12,7,9,13,7,12,6,17,5,9,6,6,38,8,55,10,11,6,28,7,16,7,32,8,30,8,34,6,31,8,32,7,35,7,26,10,9,16,8,25,7,21,9,20,9,25,8,32,9,26,12,8,24,6,12,6,26,6,31,7,17,8,32,10,11,5,15,7,13,7,13,8,11,11,3,18,5,21,6,16,4,9,7,6,13,7,9,47,7,40,10,8,74,9,75,12,8,19,8],"avg_species_distances":[-1.0,-1.0,-1.0,-1.0,-1.0,0.14523809523809528,0.22348279292723758,0.2794612794612794,0.3291005291005291,0.31000529100529345,0.3536796536796536,0.38921115921115923,0.35521026592455174,0.3703499558150729,0.40542929292929303,0.37054353054353295,0.40546726001271455,0.32414252414252415,0.3942874585731729,0.3914922114922116,0.4244821844821845,0.4285714285714286,0.43638815397057146,0.44047619047619047,0.39707875457875474,0.4404761904761904,0.445851370851371,0.498015873015873,0.4741690408357074,0.4697802197802198,0.43318833943833945,0.4099236059833881,0.4091149254785617,0.4005989380989382,0.3967798867798864,0.45818117068117076,0.4352721088435374,0.4252380952380953,0.4380147630147631,0.42081529581529575,0.41293904849939483,0.43316498316498314,0.4331725586666297,0.3949162958253866,0.5159722222222222,0.4030448717948719,0.5238095238095237,0.4490384615384616,0.4270833333333333,0.40779864849557995,0.4049564270152505,0.46869772384478303,0.40625,0.46847173857136004,0.4290178571428571,0.4481336765475431,0.4368872549019606,0.4686400979380403,0.44275210084033606,0.4467713312123745,0.4732142857142857,0.4379173262429201,0.28143155410312265,0.4713322483143456,0.5132761437908496,0.4497047356954482,0.35227980080921256,0.4820989831605162,0.4480625583566759,0.4242605161722811,0.4956816059757235,0.3957128791687617,0.474537037037037,0.36221491228070224,0.4910714285714284,0.43980643539467107,0.5237511671335199,0.48416960146836324,0.45689571150097463,0.43058673030615807,0.5377635105078713,0.42832415796556017,0.5220864661654135,0.4632296352884593,0.46189083820662774,0.4260141303484957,0.5333333333333333,0.4129837461300311,0.5296052631578947,0.42304326271272186,0.5097117794486216,0.3458133971291867,0.5438725490196078,0.42303061575507395,0.516014300457025,0.5347265221878225,0.4699009023312429,0.5219216735277107,0.46161357916047385,0.5252467636852312,0.41978740341518705,0.5471796005851733,0.38386187515340314,0.502830594113489,0.39253534609033425,0.5047953476262301,0.3868189075842517,0.45704756547070174,0.4908392304290139,0.45284573239656056,0.5642515193211787,0.47494949054078156,0.5097189460579554,0.44134240899415267,0.5044981223483546,0.4604630009190617,0.5347317156527683,0.4322041911702985,0.5240604575163399,0.4619597440252019,0.5380062551336323,0.466336024656458,0.5046310629514964,0.4500967505034767,0.5011972444480186,0.522673981873451,0.4781000777952429,0.502673350041771,0.5190318060729385,0.48007536347872465,0.49606880401380077,0.40679059502588916,0.4772774665421727,0.49254449254449256,0.4691584032545125,0.5143811910729202,0.48973346914523397,0.3023431594860166,0.4736255807684383,0.4282690854119425,0.485552450165069,0.4329914460063202,0.5066160051612818,0.4840415432520694,0.46201732748763924,0.4859380738480661,0.43381383369421667,0.52941279780116,0.4646913162498204,0.520182602238285,0.49982545649838894,0.47050623453042534,0.47491457681470756,0.44565366151606023,0.512468671679198,0.4843724240484448,0.49496176338281606,0.4536838080250063,0.5448327340089353,0.4518374242417641,0.5059553646019813,0.47868186279036407,0.4528109489409799,0.402879560554139,0.4513080085835502,0.5272915950005733,0.42289270412279417,0.45873559950295906,0.39030937131187815,0.4895930301945339,0.4244758020167135,0.4773538362713506,0.40034217193162025,0.48403150733977796,0.4096236702156082,0.494898501665419,0.42658769370200406,0.4873020021405692,0.40233282289319505,0.4636026154215008,0.42094680028896975,0.5036217995970318,0.3960616312863918,0.4415795430346511,0.39151527944801184,0.5633295194508008,0.4581708899239895,0.4983940830336711,0.49378486322758774,0.47885317707972175,0.4553539969550201,0.4941831357048748,0.26070611310885905,0.46838467643678183,0.3836466165413534,0.4896774971812782,0.5252606153063819,0.4594098844951955,0.3485888634630053,0.47271656105407267,0.4711779448621554,0.39792952407368865,0.3034760815081181,0.42592168827866783,0.4312155691160268,0.43015146562057316,0.4739370765686556,0.4905263157894737,0.42320763494331615,0.5458947368421052,0.4192804393462287,0.5287802840434419,0.5287524366471735,0.41132281074109184,0.5249769340934755,0.37435325232915057,0.4980806815017341,0.48170819587580066,0.542073730076826,0.42358905531385393,0.5090584366900158,0.46926863186051015,0.5085630743525482,0.4368456153905689,0.47392838714433144,0.4721622726922194,0.4711309523809525,0.4409349910923951,0.5395925925925925,0.44297624205146124,0.46677404295051367,0.45984843460827435,0.5086243386243388,0.4083260827803834,0.5067348927875244,0.4190743425324302,0.44900134952766535,0.46962844254510927,0.4349716718466719,0.47274877899877904,0.39081686125765047,0.5063968682389736,0.40338827838827823,0.4616102930150918,0.44461768456228307,0.4621129479682112,0.40571702654071107,0.4820384294068504,0.41836459012776606,0.4568713082773971,0.41769389822159503,0.4487301971048102,0.44705978545264247,0.40202275463178627,0.5237809266756634,0.47443269855550585,0.5162168241115609,0.42472642157662416,0.5357130004498425,0.3788357577152152,0.491854970426399,0.44898910643879697,0.4713533490319205,0.4096586658777553,0.4498727198727197,0.4596630642085187,0.5441666666666667,0.43412757704683136,0.5004079254079253,0.4194110098374314,0.46193964765393336,0.4260032702340398,0.40720238095238076,0.43411530893349065,0.45573574573574593,0.5722222222222223,0.3851806690041987,0.4529761904761904,0.4169091565401092,0.3552380952380953,0.36636643603310276,0.4623015873015874,0.3882147944647944,0.4462056902533093,0.4515873015873016,