{"min_species_distances":[-1.0,-1.0,-1.0,-1.0,-1.0,0.14285714285714285,0.0,0.0,0.125,0.0,0.1,0.0,0.0,0.0,0.0,0.0,0.0,0.09090909090909091,0.0,0.0,0.0,0.0,0.0,0.0,0.0,0.0,0.0,0.0,0.0,0.0,0.0,0.0,0.0,0.0,0.0,0.0,0.0,0.0,0.0,0.0,0.0,0.0,0.0,0.0,0.0,0.0,0.0,0.0,0.0,0.0,0.0,0.0,0.0,0.0,0.0,0.0,0.0,0.0,0.0,0.0,0.0,0.0,0.4444444444444444,0.0,0.0,0.0,0.18181818181818182,0.0,0.14285714285714285,0.0,0.0,0.0,0.0,0.0,0.0,0.0,0.0,0.0,0.0,0.0,0.0,0.0,0.0,0.0,0.0,0.0,0.0,0.0,0.0,0.0,0.0,0.0,0.0,0.0,0.0,0.0,0.0,0.0,0.0,0.0,0.0,0.0,0.0,0.0,0.0,0.0,0.0,0.0,0.0,0.0,0.043478260869565216,0.0,0.0,0.0,0.0,0.0,0.0,0.0,0.0,0.0,0.0,0.0,0.0,0.0,0.0,0.041666666666666664,0.0,0.05,0.0,0.0,0.0,0.0,0.038461538461538464,0.1111111111111111,0.0,0.1111111111111111,0.0,0.48,0.0,0.30434782608695654,0.0,0.0,0.0,0.0,0.48,0.0,0.5,0.0,0.5,0.0,0.36,0.0,0.0,0.0,0.5,0.0,0.0,0.0,0.0,0.0,0.0,0.0,0.0,0.0,0.0,0.5277777777777778,0.0,0.0,0.0,0.0,0.0,0.0,0.0,0.0,0.0,0.0,0.0,0.0,0.0,0.0,0.0,0.0,0.0,0.0,0.034482758620689655,0.0,0.0,0.0,0.0,0.0,0.0,0.0,0.0,0.0,0.0,0.19047619047619047,0.0,0.09090909090909091,0.0,0.0,0.0,0.0,0.09090909090909091,0.09090909090909091,0.0,0.0,0.0,0.0,0.09090909090909091,0.0,0.0,0.0,0.0,0.0,0.0,0.0,0.15789473684210525,0.0,0.35,0.0,0.375,0.0,0.058823529411764705,0.0,0.058823529411764705,0.0,0.0,0.0,0.0,0.0,0.0,0.0,0.0,0.0,0.0,0.0,0.0,0.0,0.0,0.0,0.0,0.0,0.0,0.0,0.0,0.0,0.0,0.0,0.0,0.0,0.0,0.0,0.0,0.0,0.0,0.0,0.0,0.125,0.0,0.0,0.0,0.0,0.09090909090909091,0.0,0.0,0.09090909090909091,0.0,0.0,0.0,0.0,0.13043478260869565,0.0,0.0,0.13043478260869565,0.0,0.0,0.0,0.3,0.0,0.3,0.0,0.2608695652173913,0.05263157894736842,0.0,0.23076923076923078,0.0,0.23076923076923078,0.0,0.0,0.0,0.0,0.0,0.0,0.10526315789473684,0.0,0.0,0.0,0.0,0.0,0.0],"total_num_species":[1,1,1,1,1,3,48,27,15,14,9,20,9,38,12,7,19,5,27,6,32,7,26,8,22,10,12,3,17,4,13,6,14,8,19,6,13,8,11,8,8,8,7,15,7,18,7,30,6,32,11,7,13,7,18,8,26,8,19,10,10,12,5,23,6,19,6,21,8,13,8,34,9,25,10,11,7,20,7,25,9,22,9,29,7,19,6,23,5,24,5,27,6,19,9,26,9,17,8,29,7,20,8,16,7,29,9,17,7,17,7,21,7,20,7,13,7,16,10,9,16,8,18,9,16,7,14,8,14,8,16,7,10,7,7,7,20,6,28,7,34,8,40,11,6,20,6,25,6,24,8,12,10,11,6,22,7,27,7,26,9,28,9,32,11,5,27,6,26,6,22,7,19,7,31,10,8,13,6,15,6,18,8,20,7,12,6,13,7,11,5,7,6,6,14,7,19,7,39,10,10,17,7,9,14,11,7,22,8,27,10,10,10,10,10,10,8,12,7,16,7,17,8,25,8,23,10,11,7,29,7,14,8,22,8,13,7,25,9,14,10,10,9,9,9,11,8,17,9,26,9,18,9,26,11,8,15,10,8,27,10,10,10,10,10,10,10,10,10,10,9,9,28,9,24,9,31,8,27,8,32,11,9,24,9,29,10,11,9,12,9,21,11,7,20,8,24,5,24,5],"avg_species_distances":[-1.0,-1.0,-1.0,-1.0,-1.0,0.14285714285714285,0.11106889564336446,0.2084011667345003,0.2918367346938773,0.3244200244200242,0.3739898989898991,0.3331578947368413,0.3808080808080808,0.3558443611075231,0.3879247015610649,0.3997113997113996,0.37988658514974283,0.4,0.34576733807502985,0.36596736596736595,0.40455022128409335,0.4553779553779554,0.41043479597325744,0.35926216640502356,0.4110815591335072,0.4182928182928183,0.38220113220113244,0.3333333333333333,0.4126939237233358,0.4761904761904761,0.39601765755611934,0.21,0.435678058205531,0.47940051020408153,0.2938007168270329,0.19047619047619044,0.4484750543574077,0.49061958116579946,0.4466243604879969,0.49155328798185927,0.48837868480725605,0.49881467738610574,0.520153558499423,0.44373939818433406,0.49648268398268386,0.44360019829576075,0.474678760393046,0.43927144896825726,0.5084656084656083,0.4285804405751605,0.4758076081281824,0.4956538170823885,0.46762874533623533,0.5275888133030989,0.4502847165256864,0.4784580498866212,0.4262576535025924,0.4713647959183672,0.4437441679246849,0.4927370342076224,0.4938263936814662,0.48950742352276894,0.5696265172735762,0.45558993137475906,0.527574491785018,0.45529240330056503,0.5453487253487252,0.4854617361125163,0.5471637139704365,0.5121583811212295,0.49658780178738154,0.48722705852027415,0.485733942699887,0.4826753888955904,0.5226996930321737,0.5309490850155811,0.539643103618259,0.5158400482374107,0.5022774327122154,0.5161629706137383,0.2802469135802468,0.5176735583577499,0.44069809941520455,0.5016025983400364,0.5119565217391304,0.5221260308156614,0.552953216374269,0.47977222497817495,0.5715,0.5175085241375287,0.5756818181818182,0.47844330756812997,0.5233333333333332,0.5336262987238884,0.5068924415415643,0.4949262140241642,0.48957222508886605,0.5333676213707174,0.5347016079158935,0.47707557621031643,0.5153318903318903,0.5237655539709981,0.5248854087089382,0.5290735116138342,0.48140589569160985,0.46886783516270586,0.49848099263860124,0.50960022566764,0.4872375036971309,0.5034184550317458,0.5368462800139818,0.450342405745204,0.43957242768128685,0.4412131653238473,0.535494104348305,0.4809909275407013,0.5202687135460243,0.5146645005769719,0.525191079367281,0.5560122528543583,0.4875786691987351,0.5084177835894084,0.40578845561800575,0.548436022630396,0.4991865352695759,0.512179245874898,0.5335897397796714,0.5472550261523372,0.5360445565786123,0.556094035440263,0.498337224802202,0.5411274509803922,0.5714230223967067,0.5905519480519481,0.5907647907647908,0.5936592111592112,0.47443898201217155,0.6255606060606062,0.5110810428874814,0.6100879482227674,0.5171115537675006,0.5961734693877551,0.50532800262622,0.5479833598549014,0.6309285714285714,0.4964425168652861,0.6321593406593407,0.4816761454728853,0.6321593406593407,0.4731428325402802,0.5990149136577709,0.5542361130305795,0.5614811854811855,0.5626298701298702,0.6321593406593407,0.49664998866679566,0.6082679225536369,0.5140260600772586,0.5752956567242281,0.5225289979502654,0.555439360929557,0.5034674097991091,0.5826134480382846,0.5019903390921375,0.5566489546354451,0.630788084464555,0.5043900990858405,0.5459158995163054,0.4853507822036041,0.5377627627627627,0.49437054797380847,0.4767639767639767,0.4606567484104468,0.4394257703081232,0.5401138792205105,0.47186435005907645,0.5254643524076297,0.5613654588468653,0.5459539371304077,0.5283945901592961,0.5459539371304077,0.5083986886973798,0.5458354553942789,0.44094313631518756,0.5815935569630151,0.5122655122655122,0.3756535947712418,0.4804286752816165,0.5229137109389213,0.4415045412104237,0.5633113590263691,0.560751177347816,0.5857366189719131,0.5822331154684096,0.45240721603202955,0.5730447734649415,0.40612784715307754,0.5730844758662783,0.39031041995828347,0.518019225681277,0.5199608642895824,0.4162290142414376,0.5656015018337534,0.5390030259323555,0.458631049967367,0.5067520848692028,0.5777954860104962,0.425689743030037,0.5565520552526131,0.44305597257496515,0.5167666696980603,0.5167666696980602,0.5211023148890128,0.5225484939067196,0.517498880325826,0.5264165241461423,0.5573748440367956,0.5054613462247373,0.5841014327936501,0.46551186150653734,0.5860408002902932,0.4683370106160143,0.5634743953075596,0.4327508852428377,0.5507850740482586,0.4463927439703223,0.5359860665585254,0.5262839457565623,0.572172578257771,0.4592079608691479,0.5505818519311771,0.5000072292161543,0.5616023759712826,0.48103792034347825,0.5659494804040178,0.5095289894434438,0.5616853227521579,0.4995190083902179,0.5609383370506196,0.508683264160319,0.5669744635208499,0.5507669444171783,0.5681438924152128,0.567393141664462,0.5699183941897146,0.5210208857126576,0.5737131193090713,0.4581757487320277,0.5627750961940486,0.44347593042522154,0.5693001922971497,0.46518423550400695,0.5630156310937244,0.43264022268055635,0.5463227580863964,0.5880270855142745,0.4525735491117508,0.5456380041460053,0.5735578098954848,0.39744705728280844,0.5472084689222871,0.5486545145304621,0.5542428436275632,0.5520936630675879,0.5541983014777577,0.5540972913767476,0.5541983014777577,0.5541983014777577,0.5549107596272869,0.5549107596272869,0.5592087432728644,0.5465798481687596,0.46502041054310733,0.5577223973681704,0.48391435454478166,0.5547038886288379,0.47943096960097314,0.5773280134334902,0.48549357607071647,0.5773280134334902,0.4975180927439153,0.5600819947120326,0.5500273357671671,0.4940927515305775,0.5650338938166773,0.4648635355829221,0.5529778821834265,0.5516852259555368,0.5781465204217063,0.5320729060587073,0.5834595715680908,0.4524700253395466,