{"min_species_distances":[-1.0,-1.0,-1.0,-1.0,0.125,0.0,0.1,0.09090909090909091,0.1,0.0,0.0,0.0,0.0,0.4166666666666667,0.0,0.0,0.0,0.0,0.0,0.0,0.0,0.07142857142857142,0.0,0.0,0.0,0.0,0.0,0.0,0.0,0.0,0.14285714285714285,0.0,0.5384615384615384,0.0,0.0,0.0,0.14285714285714285,0.0,0.0,0.0,0.42857142857142855,0.0,0.0,0.0,0.0,0.0,0.0,0.0,0.0,0.0,0.0,0.0,0.0,0.0,0.0,0.0,0.0,0.0,0.0,0.0,0.06666666666666667,0.0,0.0,0.0,0.0,0.0,0.1,0.0,0.15384615384615385,0.0,0.0,0.2,0.0,0.23076923076923078,0.0,0.0,0.0,0.13333333333333333,0.0,0.125,0.0,0.0,0.0,0.0,0.0,0.0,0.0,0.0,0.0,0.0,0.0,0.0,0.0,0.3076923076923077,0.0,0.0,0.0,0.0,0.0,0.35714285714285715,0.0,0.0,0.0,0.06666666666666667,0.0,0.0,0.0,0.0,0.0,0.2857142857142857,0.0,0.0,0.05263157894736842,0.0,0.0,0.0,0.0,0.0,0.0,0.0,0.0,0.0,0.047619047619047616,0.0,0.0,0.0,0.0,0.0,0.0,0.0,0.0,0.0,0.0625,0.0,0.0,0.0,0.0,0.0,0.0,0.0625,0.0,0.0,0.0,0.0,0.0,0.0,0.0,0.0,0.0,0.0,0.0,0.0,0.0,0.0,0.0,0.0,0.0,0.0,0.0,0.058823529411764705,0.0,0.0,0.0,0.0625,0.0,0.05555555555555555,0.0,0.0625,0.0,0.2,0.0,0.0,0.0,0.0,0.0,0.0,0.0,0.0,0.0,0.10526315789473684,0.0,0.0,0.0,0.15789473684210525,0.0,0.0,0.058823529411764705,0.0,0.3181818181818182,0.0,0.0,0.0,0.0,0.0,0.0,0.0,0.03571428571428571,0.043478260869565216,0.10526315789473684,0.0,0.0,0.0,0.0,0.0,0.0,0.0,0.0,0.3888888888888889,0.0,0.0,0.0,0.0,0.0,0.05263157894736842,0.0,0.0,0.0,0.0,0.0,0.0,0.0,0.0,0.1,0.0,0.35,0.0,0.0,0.0,0.1724137931034483,0.0,0.0,0.05,0.09090909090909091,0.0,0.2,0.0,0.35,0.0,0.35,0.0,0.28,0.0,0.0,0.0,0.0,0.0,0.3076923076923077,0.0,0.0,0.0,0.03225806451612903,0.0,0.0,0.0,0.0,0.0,0.0,0.0,0.0,0.0,0.0,0.0,0.0,0.0,0.0,0.0,0.07692307692307693,0.0,0.0,0.0,0.0,0.0,0.4666666666666667,0.0,0.45161290322580644,0.0,0.45161290322580644,0.0,0.16,0.0,0.041666666666666664,0.0,0.125,0.0,0.041666666666666664,0.0,0.03125,0.4375,0.0,0.4375,0.0,0.42424242424242425,0.0,0.42424242424242425,0.0,0.42424242424242425,0.0,0.4117647058823529,0.0,0.42424242424242425],"total_num_species":[1,1,1,1,3,10,31,18,10,15,8,26,11,3,19,6,21,9,20,8,17,9,25,9,23,9,18,9,29,11,5,17,3,19,5,16,5,18,7,20,5,28,5,15,6,23,5,15,5,23,6,23,8,15,5,23,6,15,5,18,6,19,8,8,7,6,8,55,11,7,30,6,23,8,26,10,12,9,17,10,12,7,39,10,11,6,6,10,8,8,33,8,29,7,34,8,33,8,52,7,37,9,41,10,10,12,10,8,21,7,26,10,9,24,12,9,24,9,24,9,24,11,4,20,5,10,6,10,8,15,7,7,15,7,30,8,22,9,36,11,7,21,8,16,8,21,8,23,9,17,8,33,10,9,16,9,13,9,18,9,15,9,16,9,13,8,13,8,14,8,13,9,18,9,13,9,18,10,10,9,12,9,12,8,17,10,9,12,8,14,9,16,8,16,8,11,8,12,7,15,8,12,9,14,9,16,11,5,17,7,11,7,10,7,13,8,8,15,8,14,7,14,7,11,6,10,8,39,8,45,10,11,7,32,7,30,6,32,6,33,7,21,8,26,10,11,7,17,9,20,8,16,9,18,11,8,23,10,9,18,12,4,10,9,9,8,7,13,7,21,7,32,6,34,6,42,6,39,8,49,8,59,8,57,9,57,11,6,23,6,19,6,25,6,22,6,27,6,21,6],"avg_species_distances":[-1.0,-1.0,-1.0,-1.0,0.20833333333333334,0.23011463844797175,0.2715949820788532,0.29914999669901615,0.33631874298540965,0.3423232323232322,0.39242424242424245,0.3678711374095982,0.39206187751642296,0.4570707070707071,0.37963547174073503,0.36227661227661223,0.39151959151959165,0.396982646982647,0.3779803529803527,0.348110223110223,0.4216613043818927,0.4625624375624376,0.39166996891996947,0.45339614089614094,0.4088730110469241,0.42578347578347575,0.42223248525151647,0.42037927350427345,0.4244528158502375,0.45801970756516214,0.5093083387201035,0.4619789092107435,0.5868945868945868,0.45600049961505046,0.5155354449472096,0.441947137829491,0.4870006464124111,0.4739728168793914,0.45759500381349116,0.4627967118021296,0.5315705128205128,0.46271246627805895,0.4072115384615385,0.4741263855969739,0.44292735042735043,0.4395493147091613,0.42905982905982903,0.4160917785917784,0.36199095022624433,0.438708935991545,0.46919934640522876,0.4232460314621446,0.4143772893772893,0.42194869400751756,0.4401709401709402,0.4531437587703579,0.374983839689722,0.4435179199885085,0.2956043956043956,0.4172039662539271,0.3092910254520162,0.4344588681887043,0.39126984126984116,0.4368629908103592,0.4931216931216931,0.5098989898989899,0.44256854256854244,0.4644318785945562,0.40871441689623517,0.4674288674288673,0.2773952994642655,0.5205982905982905,0.3576511104179091,0.4756743256743257,0.4090060250141228,0.45253881920548605,0.4162374662374662,0.4706942748609417,0.40046140542464054,0.47817508925352065,0.45641643709825513,0.48916736285157353,0.4725229528011657,0.4674085540649009,0.5056386834855734,0.469317738791423,0.44814814814814813,0.48627376522113375,0.47430104617604607,0.5187891604010025,0.4232461629777719,0.4445970695970695,0.4688234141841216,0.5366600261337104,0.46887236495665785,0.5067516547779707,0.439606434681813,0.5112942612942614,0.45444827051097114,0.5384353741496598,0.45943170386343574,0.5060316389263758,0.46370224850125064,0.48311928325086206,0.48020467836257297,0.4626315205262573,0.48758366504496525,0.5134086073700735,0.39321072828591613,0.531578947368421,0.39156444278116104,0.48573658883256415,0.5062001920651302,0.4089545494457834,0.4609945695859009,0.455512351139286,0.4476416137070329,0.4869200244200244,0.44614846160940824,0.4424094424094423,0.4531504588792748,0.4544966085607798,0.4838383838383838,0.47128019958683615,0.5253679653679654,0.46365492800275426,0.48072150072150077,0.4698124098124099,0.47838589981447127,0.33876072167997634,0.47222222222222227,0.48441043083900237,0.3857181155628359,0.487035393867692,0.33183660459147735,0.4774696835255841,0.348521269424631,0.46848926536426533,0.3621310219244398,0.4374603174603175,0.48873549419767914,0.38461009235002996,0.4707199546485262,0.39800447810703254,0.47090494092373797,0.3824091186182074,0.47258771929824567,0.3981602780050812,0.4759570494864612,0.38780837799516127,0.452891156462585,0.35659533749704087,0.455631383866678,0.47025224231106577,0.3539004317835587,0.46728312537136063,0.4104230457365132,0.4672665025606202,0.3530788553029492,0.4786157265936677,0.4103488604373171,0.4719036772958342,0.3959769400849121,0.47825438677154364,0.39514641132288175,0.4887384878193702,0.4319005247991316,0.4932573572907423,0.4110766224045747,0.5017485798667293,0.4175722490780034,0.47116947624460426,0.3988764210976647,0.4825044259376774,0.4088459050895111,0.47976160874978013,0.3969318107319618,0.4748151349530405,0.4831228823139279,0.49739331648838864,0.465273769440436,0.4925060301898537,0.45581054723856573,0.5162748022549981,0.4034955007532913,0.4905519770978708,0.4990273232000939,0.41621574665585737,0.5097371650680474,0.44561038833965383,0.47163973614137006,0.36335465235721,0.47468250585258265,0.3796817428710462,0.483701814058957,0.43260878320686924,0.48923788305049953,0.41577992669079217,0.5059956858410793,0.386256375553114,0.4892368679105825,0.42376965483390233,0.47067608624881463,0.3995604448466254,0.4643142175083442,0.3670075888282411,0.4490764782727318,0.5496022821922372,0.4264083873265183,0.4885308941781644,0.4334980322552325,0.49122972527341763,0.4689488593131973,0.5008808252515347,0.39597402555068445,0.4791879089545811,0.4802379590280049,0.34730346397394485,0.4699758908139916,0.35806693680229834,0.5018678943736151,0.3522613217087575,0.5073162979913551,0.4037013785899149,0.5425767492597787,0.433643406084168,0.4922503269042172,0.4611806970044963,0.5261556956484165,0.46616367928254515,0.503132337340102,0.47880028621120996,0.5064182194616977,0.41137411158050946,0.5177381860448222,0.4044284343478129,0.5456338497417957,0.416227398773603,0.5446376811594204,0.4212123690221006,0.519448371052569,0.4280042211179667,0.5051412480572901,0.43596531762750024,0.4580554167360763,0.46224829310286564,0.5279768540638107,0.3961803487917614,0.47674688641342416,0.3888239915130151,0.47541167258546463,0.41623468193152097,0.4635530453298653,0.4135383314375223,0.4686626394245971,0.42458949096880133,0.4267506836327703,0.4699110122358175,0.4536111111111112,0.45027647692373185,0.45530052384891107,0.2916666666666667,0.4693627251914236,0.4685027749821965,0.4824083241769559,0.49790279507028273,0.5226005521572024,0.40273156012080685,0.5136643494709996,0.39258280159450143,0.5136643494709997,0.38758693463954985,0.540842069807587,0.403543169346582,0.537616263355974,