{"min_species_distances":[-1.0,-1.0,-1.0,-1.0,-1.0,0.0,0.25,0.0,0.0,0.0,0.0,0.0,0.0,0.07692307692307693,0.0,0.0,0.0,0.14285714285714285,0.0,0.0,0.36363636363636365,0.0,0.0,0.0,0.0,0.0,0.0,0.0,0.0,0.0,0.0,0.0,0.0,0.07692307692307693,0.0,0.0,0.0,0.0,0.0,0.0,0.0,0.0,0.0,0.0,0.05555555555555555,0.0,0.0,0.0,0.0,0.0,0.125,0.0,0.0,0.0,0.0,0.0,0.0,0.0,0.0,0.0,0.0,0.0,0.0,0.0,0.0,0.09090909090909091,0.0,0.2,0.0,0.045454545454545456,0.0,0.05555555555555555,0.05555555555555555,0.10526315789473684,0.0,0.14285714285714285,0.0,0.04,0.0,0.0,0.0,0.0,0.3684210526315789,0.0,0.3684210526315789,0.0,0.09523809523809523,0.0,0.36363636363636365,0.0,0.06666666666666667,0.0,0.0,0.0,0.07692307692307693,0.0,0.07692307692307693,0.0,0.0,0.0,0.0,0.0,0.0,0.0,0.0,0.0,0.0,0.0,0.0,0.0,0.06666666666666667,0.0,0.0,0.0,0.5714285714285714,0.0,0.35714285714285715,0.0,0.0,0.0,0.0,0.0,0.0,0.0,0.0,0.0,0.0,0.0,0.0,0.0,0.0,0.0,0.0,0.0,0.0,0.0,0.0,0.0,0.0,0.0,0.0,0.0,0.0,0.0,0.0,0.0,0.0,0.0,0.0,0.0,0.0,0.0,0.0,0.2,0.0,0.0,0.0,0.0,0.0,0.29411764705882354,0.0,0.3333333333333333,0.0,0.07692307692307693,0.0,0.07692307692307693,0.0,0.05263157894736842,0.0,0.0,0.0,0.0,0.0,0.15789473684210525,0.0,0.13636363636363635,0.13636363636363635,0.0,0.0,0.20833333333333334,0.0,0.07692307692307693,0.0,0.0,0.0,0.0,0.0,0.0,0.0,0.0,0.0,0.0,0.0,0.0,0.0,0.0,0.36363636363636365,0.0,0.07142857142857142,0.0,0.0,0.0,0.0,0.0,0.0,0.0,0.0,0.0,0.5555555555555556,0.0,0.45454545454545453,0.0,0.0,0.0,0.0,0.0,0.041666666666666664,0.0,0.0,0.0,0.0,0.0,0.0,0.0,0.0,0.0,0.06666666666666667,0.0,0.0,0.0,0.0,0.06666666666666667,0.06666666666666667,0.0,0.4642857142857143,0.0,0.4642857142857143,0.0,0.4642857142857143,0.0,0.0,0.0,0.04,0.0,0.0,0.0,0.0,0.0,0.0,0.0,0.0,0.0,0.0,0.0,0.0,0.0,0.0,0.0,0.07692307692307693,0.0,0.3684210526315789,0.0,0.4827586206896552,0.0,0.07692307692307693,0.0,0.0,0.0,0.0,0.0,0.0,0.0,0.0,0.0,0.0,0.07142857142857142,0.0,0.0,0.0,0.0,0.0,0.034482758620689655,0.0,0.4666666666666667,0.0,0.13333333333333333,0.0,0.0,0.0,0.0,0.0,0.0,0.0,0.0,0.0,0.0,0.0,0.0,0.0,0.0],"total_num_species":[1,1,1,1,1,11,3,35,15,11,8,20,11,6,26,10,12,2,7,11,6,22,7,22,6,18,8,28,10,9,20,9,11,8,14,9,19,10,9,12,8,14,10,11,5,16,5,20,5,23,6,19,7,14,7,13,7,13,7,14,6,14,6,8,8,5,10,5,47,8,68,10,11,7,19,6,30,10,9,28,10,17,5,27,5,23,6,28,6,30,8,23,9,20,7,17,7,24,8,32,8,20,9,20,10,8,17,8,19,10,8,14,10,11,5,23,6,25,6,20,7,28,6,28,8,31,7,20,8,28,10,12,9,19,8,17,7,21,9,21,9,17,8,20,8,13,8,13,7,13,7,9,6,6,13,7,13,8,11,6,14,6,15,7,24,8,22,9,20,8,14,9,16,8,19,10,9,14,11,7,22,7,29,10,9,21,9,17,9,18,8,23,9,16,10,13,6,30,8,23,8,23,7,30,9,24,8,15,5,19,6,19,8,22,8,22,7,24,8,18,6,12,8,14,6,18,6,13,6,16,6,6,6,15,5,19,5,18,5,15,6,21,8,13,10,10,10,9,12,10,10,11,7,12,7,19,7,18,7,26,6,19,5,20,7,15,7,14,8,13,7,18,8,19,11,6,18,7,15,8,15,7,16,6,27,7,22,10,7,20,8,26,10,8,19,8,13,8,16,8],"avg_species_distances":[-1.0,-1.0,-1.0,-1.0,-1.0,0.1266233766233767,0.25,0.226063758836868,0.3140211640211636,0.3510192837465565,0.34502164502164495,0.3286536416799573,0.39871441689623505,0.4212509712509713,0.39890681967605013,0.4159803159803158,0.3900596877869603,0.14285714285714285,0.39898989898989884,0.40587442860170153,0.4604895104895105,0.4128202245085361,0.4037074037074037,0.3631383046967467,0.40959595959595957,0.3999343793461441,0.42232469911041337,0.42240837865837905,0.41814814814814805,0.4544558450808451,0.4141821409584568,0.4672858391608391,0.4547561173229623,0.47253285929756517,0.4256267192191564,0.46279993154993143,0.4437347997719518,0.4806650865474398,0.4366690408357075,0.44713157213157206,0.46512515262515247,0.4673288250211329,0.47522045855379175,0.46989121989121974,0.4826617826617827,0.3743483368483372,0.4666666666666666,0.4494091165836316,0.5238095238095237,0.4510751435652616,0.4970238095238095,0.4688994195654618,0.30788509735878156,0.4573801491945269,0.5172174132811019,0.4461415314594647,0.4274487122784336,0.4799664535494497,0.5336934773909564,0.4814978277486357,0.4676470588235294,0.44098019774711533,0.5333146591970122,0.4695861678004535,0.42720057720057714,0.5797631779984721,0.4308372237784002,0.577249809014515,0.47257238688535025,0.528976135908909,0.49489073344796175,0.5148572560337266,0.5385987452832373,0.5584908072745313,0.4758552153804996,0.5757533316356845,0.43601786807838183,0.5437906580672318,0.5499739117615009,0.47037977672965336,0.5350132518470564,0.5053749954910848,0.6162525238928523,0.47364591166688,0.6133953810357096,0.48332743615320145,0.5669702816290514,0.4997694114317682,0.5981265649592478,0.5031495756145941,0.5504323635008405,0.460823702398091,0.5234548434171533,0.467060354601722,0.5692560392962293,0.43316144037511284,0.5692560392962293,0.42665345167977015,0.5577530897942702,0.381984473248561,0.5754510319487339,0.42668458207954985,0.538378545910964,0.42132311310531867,0.5474901277494719,0.5682286485081516,0.4179949175712012,0.5584182553126653,0.42840406711273177,0.5474901277494718,0.5790650515805796,0.4653620706415734,0.5488893108191353,0.5009974330964552,0.6349206349206348,0.4790037537536661,0.6059832277223581,0.4759789509477731,0.50703933747412,0.5146228515114918,0.5428254745024932,0.5057011587600456,0.5741368132672482,0.49132495979167046,0.5103313611853985,0.49296015132832677,0.5241177042419277,0.5161284853590346,0.5478501829433506,0.45978309465628336,0.5390216868477739,0.5190228144345301,0.4537803849398052,0.49372335554804464,0.5530818387961245,0.5296210744916834,0.47195196410626294,0.4794824571496114,0.5410016781393594,0.49729939572727583,0.5629665677148512,0.5243118572676378,0.5667524967132682,0.5315740099509612,0.5469649278475692,0.4984399248571876,0.5635694805358094,0.456693573398379,0.4662432478712309,0.4889160531179982,0.5295168868462716,0.5276262268539157,0.5773302822273074,0.5856089499110094,0.4865061039377909,0.5539411187816087,0.47321745573192625,0.5192911947387651,0.5215337348447459,0.5955435904338853,0.4245226976550168,0.5870357657428596,0.42322542864473167,0.5524455881435285,0.40359988087692683,0.5444035674470459,0.41660583085371167,0.5243298690566998,0.38811608982185336,0.5474207257273621,0.46482515938416086,0.5152418485828096,0.3922728180047474,0.5395259888852567,0.3872106970575398,0.5123454368278705,0.5295450178812677,0.4578600358744703,0.4959939669696274,0.5648888805067295,0.43780371947849467,0.5859919338790429,0.4323781686047921,0.5468279986062847,0.5359589089470858,0.47114572858683046,0.5363753519601473,0.4519692684766213,0.5303220122956966,0.46728086259774465,0.5577491806439174,0.44437245136969167,0.555036140759825,0.4654060093673099,0.5438147883534883,0.5121671137335583,0.6074078845131476,0.483577033721444,0.5707620731398927,0.47966651837715835,0.5654619033848356,0.4798578328850359,0.535074866653814,0.45831485829952634,0.5469631749577303,0.4722541910958924,0.5463333815307498,0.52981983346645,0.6344639376218324,0.5047279429358529,0.6088626026345326,0.49755049448801353,0.5424961861174675,0.4945714760492563,0.5621031421722005,0.48622941702392586,0.5779138581443256,0.48081313314818647,0.5135742028907052,0.4175989666702643,0.532063492063492,0.4478486160304345,0.5372165532879818,0.4185173005048783,0.5847619047619048,0.44194071530146156,0.5741269841269842,0.4700211020863196,0.5598412698412698,0.5025359195402301,0.5646031746031746,0.574126984126984,0.574126984126984,0.49078719693005457,0.6111904761904762,0.44931563123413776,0.6111904761904762,0.46293713639301887,0.6111904761904763,0.4743334430546411,0.5749206349206349,0.4426906312566388,0.5563851624565909,0.47312172327097163,0.529599844024455,0.5125465255807236,0.5310145241399642,0.5460132676693473,0.4842536412537481,0.5242984642132712,0.5310145241399642,0.4897552141463747,0.5255829228243021,0.5040084414120926,0.5491731792535526,0.4545591720306421,0.5377343605318715,0.48362913275579167,0.5509314210117943,0.43677634240003516,0.5817720162475154,0.4346647435388801,0.6126256157635467,0.4831753733361957,0.548687881127601,0.4798461820517063,0.531079793078756,0.4645025388671133,0.544542689615285,0.5082653986936205,0.5259607715765351,0.4399583996744032,0.5600975861968861,0.4860526566229122,