{"min_species_distances":[-1.0,-1.0,-1.0,-1.0,-1.0,0.0,0.0,0.125,0.1111111111111111,0.0,0.0,0.0,0.0,0.0,0.0,0.3333333333333333,0.0,0.0,0.0,0.0,0.0,0.0,0.0,0.0,0.0,0.0,0.0,0.0,0.0,0.0,0.0,0.0,0.0,0.0,0.05555555555555555,0.0,0.0,0.0,0.21428571428571427,0.0,0.0,0.0,0.0,0.0,0.0,0.0,0.0,0.0,0.0625,0.0,0.08333333333333333,0.0,0.0,0.0,0.0,0.0,0.0,0.0,0.0,0.0,0.0,0.0,0.0,0.0,0.0,0.0,0.0,0.0,0.0,0.0,0.0,0.0,0.0,0.0,0.0,0.0,0.0,0.45454545454545453,0.0,0.0,0.0,0.0,0.0,0.0,0.0,0.0,0.0,0.0,0.0,0.5238095238095238,0.0,0.0,0.0,0.0,0.0,0.0,0.0,0.15789473684210525,0.0,0.1875,0.0,0.10526315789473684,0.0,0.0,0.0,0.0,0.5217391304347826,0.06666666666666667,0.0,0.0,0.0,0.0,0.125,0.0,0.0,0.0,0.0,0.125,0.0,0.125,0.0,0.041666666666666664,0.0,0.0,0.0,0.06666666666666667,0.0,0.0,0.0,0.0,0.0,0.0,0.041666666666666664,0.0,0.0,0.0,0.0,0.0,0.0,0.0,0.0,0.0,0.0,0.0,0.0,0.0,0.0,0.0,0.0,0.0,0.0,0.0,0.0,0.0,0.0,0.0,0.0,0.0,0.0,0.0,0.0,0.0,0.0,0.0,0.0,0.0,0.0,0.0,0.047619047619047616,0.0,0.0,0.0,0.0,0.0,0.045454545454545456,0.0,0.0,0.0,0.0,0.0,0.0,0.0,0.0,0.0,0.0,0.0,0.0,0.0,0.0,0.0,0.0,0.0,0.0,0.0,0.0,0.0,0.0,0.0,0.0,0.0,0.09090909090909091,0.0,0.0,0.0,0.0,0.0,0.0,0.0,0.05263157894736842,0.0,0.0,0.0,0.0,0.0,0.0,0.0,0.0,0.0,0.0,0.0,0.0,0.0,0.0,0.0,0.0,0.0,0.0,0.0,0.0,0.631578947368421,0.0,0.0,0.0,0.0,0.0,0.0,0.0,0.0,0.0,0.0,0.0,0.0,0.0,0.0,0.0,0.0,0.0,0.0,0.0,0.0,0.0,0.0,0.0,0.125,0.0,0.0,0.0,0.0,0.0,0.0,0.0,0.0,0.0,0.0,0.0,0.0,0.0,0.05,0.0,0.0,0.0,0.6666666666666666,0.0,0.0,0.0,0.0,0.0,0.0,0.0,0.0,0.0,0.0,0.0,0.0,0.0,0.0,0.0,0.0,0.0,0.0,0.0,0.0,0.0,0.0,0.0,0.0,0.0,0.6,0.0,0.6666666666666666],"total_num_species":[1,1,1,1,1,7,112,23,13,11,7,28,11,8,21,5,24,7,20,8,20,8,11,8,17,8,12,8,17,9,21,11,6,14,4,13,6,19,6,11,7,8,8,7,10,8,69,12,8,37,10,8,41,13,9,29,9,28,10,12,6,22,6,20,6,32,6,24,7,33,9,29,9,31,9,30,11,5,20,5,16,7,16,6,22,4,20,7,20,4,32,6,15,6,28,7,25,3,13,4,30,4,13,4,10,6,4,6,11,9,18,10,9,29,10,12,11,6,22,7,27,9,17,8,14,7,20,10,7,11,8,24,8,24,10,15,7,17,8,18,8,21,9,23,9,24,7,15,8,21,9,14,9,16,7,24,6,13,6,17,8,12,8,16,8,17,7,12,6,12,7,19,9,16,8,15,7,14,7,11,8,15,9,14,8,15,7,20,7,16,6,17,9,16,8,15,8,21,7,18,7,18,7,17,7,17,7,19,6,20,6,20,9,17,8,13,9,17,9,12,8,11,9,18,10,8,11,10,13,3,21,3,17,4,24,5,21,3,23,3,17,4,12,5,18,6,22,5,27,6,17,6,17,6,16,5,18,5,20,6,14,5,23,6,18,4,15,3,22,4,18,3,18,5,15,5,25,6,22,6,19,4,16,4,17,3,15,3,12,3,24,4,16,4,19,4,22,3,15,2],"avg_species_distances":[-1.0,-1.0,-1.0,-1.0,-1.0,0.10204081632653059,0.11278497885640737,0.2056041784302657,0.2551638176638176,0.31616161616161614,0.3662337662337662,0.34187376409598685,0.36760330578512385,0.3852813852813853,0.3861655011655013,0.4333333333333333,0.39766308570656367,0.35787545787545794,0.3714194577352468,0.4303571428571428,0.3984203077624129,0.3785631035631035,0.40236914600550977,0.44315476190476183,0.3587789661319072,0.4553030303030302,0.42935606060606046,0.4094967532467532,0.3914159982174685,0.4611042552219023,0.4342971570912746,0.42281047829176194,0.34705882352941175,0.4175977724781863,0.44607843137254904,0.4512375089298169,0.44973544973544965,0.3809404676277739,0.5098124098124097,0.30442083169355894,0.4798142542503444,0.43241084312512873,0.4529940923737916,0.4946366638095961,0.3987530987530987,0.4096260881975166,0.4112003888597305,0.4397322728662442,0.4567524737167595,0.4188153783548531,0.46085545116504884,0.49590429473224695,0.43847458941400136,0.4346909540407995,0.4779205142982233,0.3932809784530879,0.47893050362090617,0.4027972657870225,0.45778930391933487,0.42813097400769795,0.5082251082251082,0.40130302471382384,0.5049605365394839,0.4476936221673071,0.5005328005328006,0.4527677127979557,0.5084693084693085,0.4508406506833283,0.4779736136878994,0.45743076589368414,0.47235785048285045,0.46830535365018156,0.5092171717171716,0.4729000241097009,0.46877455106621785,0.47457557129970873,0.4569138941866214,0.5710955710955711,0.43906358991885325,0.4333333333333333,0.49034802003552014,0.5437538651824365,0.4690779706404704,0.5126168517472867,0.48127167445349317,0.3852657004830918,0.4758821014763946,0.5312161096322585,0.4519372394666846,0.62141994478951,0.49604540635121497,0.5236146632566069,0.4826259154720974,0.5467949498640035,0.4821278226390263,0.46895086537030267,0.4393999123050823,0.4963880288957689,0.481758325579836,0.5241228070175438,0.4723656655381572,0.5482456140350876,0.44067212345244383,0.4678362573099415,0.47723134895114083,0.5526506483600304,0.6158705186880243,0.513312356979405,0.5007713866352311,0.47861336476897137,0.471110785383119,0.4935422878672307,0.5112438024408849,0.40218687576479767,0.5103440495431343,0.4982711752916661,0.505393593300812,0.5672883295194509,0.4390618082027932,0.5509986499280386,0.4146508250446332,0.5396409749670619,0.4598189463278979,0.5442762249827467,0.45009113358372765,0.5438673334946628,0.48436294826455034,0.5253497195236326,0.5486617523263486,0.4868409973864517,0.5214186900056467,0.4491018185500705,0.5437267080745342,0.45433766554631366,0.5165338169455816,0.5090167451596027,0.5341269841269841,0.515824547628416,0.5123037676609105,0.4945356968502748,0.5443403322867608,0.5237848578673382,0.520389822595705,0.4834220655359317,0.550133680015216,0.5085764043942861,0.5755958679768204,0.5168375435944361,0.5531462585034012,0.47203316545473434,0.5376157407407407,0.4909778594298719,0.5280687830687829,0.5010099465712214,0.5714116757814237,0.46576366617500503,0.5943043884220354,0.5080001495274974,0.5435107376283846,0.4785614511641763,0.5518807523009203,0.5041386294017874,0.47375283446712013,0.47924999999999984,0.5577947845804988,0.47392168936540124,0.5587175610985134,0.4807158890492224,0.5838447971781304,0.5116943888449267,0.5664880093451521,0.5146043898031247,0.5390390633206725,0.41601066882073573,0.5552263447744278,0.4955133454874185,0.5677522195056297,0.47501831907520786,0.5841647770219198,0.511803751803752,0.5450310559006211,0.5448569965620654,0.551278659611993,0.5166160961192022,0.553494623655914,0.5066868598205001,0.5288359788359789,0.5105499833659043,0.5796674225245655,0.5205820105820104,0.5782010582010582,0.5080458499189147,0.5516313932980601,0.4646014678272741,0.5712614870509607,0.5043683710043156,0.5476190476190477,0.450192962689387,0.5696523053665911,0.5335599766972315,0.5975569404140832,0.5122600816149196,0.5404383975812546,0.4861293078460761,0.534920634920635,0.5299818698409906,0.5841647770219198,0.4960399198626352,0.6038150932887775,0.5303242871317666,0.5251851851851853,0.5349555597910867,0.5629935265351932,0.5364137292446123,0.5758953078925905,0.514145647799494,0.572957839262187,0.5085162101344461,0.5756562093089553,0.5566894514002899,0.5935405769859431,0.5549949891197031,0.5958648508348166,0.5095358725743032,0.572570314675578,0.5978997863447438,0.5870057176188556,0.573219658445631,0.539317086263597,0.6549707602339181,0.47510843296128585,0.42105263157894735,0.5483803896402538,0.34375,0.5171973866721281,0.5634057971014493,0.5239766081871343,0.4444444444444444,0.539704666684626,0.4444444444444444,0.5647432722959165,0.047619047619047616,0.4852850034791737,0.2996336996336996,0.470603960558867,0.5163533834586466,0.5208596111891292,0.29826839826839824,0.5500269071034926,0.5560468770995087,0.4929587772442843,0.26793498898762047,0.5186075175427505,0.6509149003731048,0.5442349075484423,0.06714285714285714,0.5502571920814404,0.5693082137161085,0.5128351148200024,0.43155080213903746,0.5247023755001847,0.4667420814479638,0.527784632716167,0.49019607843137264,0.49749839387428224,0.34848484848484845,0.5121406942917242,0.44523809523809527,0.5439372765522371,0.35000000000000003,0.5496840861761243,0.6717171717171717,0.5508900990841138,0.39999999999999997,0.5256821495211585,0.5363636363636364,0.5302254609631114,0.4723809523809524,0.5577179516144585,0.5025911286780852,0.5282445288601028,0.5656270305393112,0.5259217848046537,0.0,0.5186676914686384,0.4705882352941177,0.4965449307628281,0.4444444444444444,0.551916281173247,0.4444444444444444,0.5257828583932364,0.5509259259259259,0.4965378497692741,0.3378378378378379,0.47536288548455224,0.550125313283208,0.4693419987169068,0.6507936507936508,