{"min_species_distances":[-1.0,-1.0,-1.0,-1.0,-1.0,0.0,0.2222222222222222,0.0,0.1111111111111111,0.0,0.08333333333333333,0.0,0.0,0.0,0.0,0.0,0.0,0.0,0.0,0.06666666666666667,0.0,0.0,0.0,0.0,0.0,0.0,0.0,0.0,0.0,0.0,0.0,0.0,0.0,0.0,0.0,0.26666666666666666,0.0,0.0,0.09090909090909091,0.0,0.18181818181818182,0.0,0.0,0.0,0.0,0.0,0.0,0.0,0.0,0.0,0.0,0.0,0.5,0.0,0.0,0.0,0.0,0.0,0.0,0.0,0.4666666666666667,0.0,0.0,0.0,0.0,0.0,0.0,0.0,0.0,0.0,0.0,0.0,0.6538461538461539,0.0,0.0,0.0,0.0,0.058823529411764705,0.0,0.0,0.0,0.0,0.0,0.0,0.0,0.26666666666666666,0.0,0.0,0.0,0.09090909090909091,0.0,0.0,0.0,0.0,0.0,0.0,0.0,0.0,0.0,0.0,0.0,0.0,0.07692307692307693,0.0,0.0,0.0,0.0,0.0,0.29411764705882354,0.0,0.0,0.0,0.0,0.0,0.0,0.0,0.0,0.0,0.047619047619047616,0.0,0.0,0.0,0.125,0.0,0.0,0.0,0.0,0.0,0.0,0.0,0.0,0.0,0.0,0.0,0.0,0.0,0.0,0.0,0.0,0.0,0.0,0.0,0.04,0.0,0.0,0.0,0.0,0.0,0.0,0.04,0.0,0.0,0.07692307692307693,0.0,0.0,0.0,0.0,0.0,0.0,0.0,0.0,0.0,0.0,0.0,0.0,0.0,0.0,0.0,0.0,0.07142857142857142,0.0,0.0,0.0,0.0,0.0,0.0,0.0,0.0,0.0,0.0,0.0,0.0,0.0,0.0,0.0,0.0,0.0,0.0,0.0,0.0,0.0,0.0,0.0,0.0,0.0,0.0,0.0,0.0,0.04,0.0,0.0,0.0,0.0,0.0,0.0,0.0,0.0,0.0,0.0,0.0,0.0,0.0,0.0,0.0,0.0,0.0,0.0,0.0,0.0,0.6666666666666666,0.0,0.0,0.0,0.0,0.0,0.07692307692307693,0.5,0.5,0.0,0.17647058823529413,0.0,0.05555555555555555,0.0,0.10526315789473684,0.0,0.038461538461538464,0.12,0.12,0.0,0.17391304347826086,0.0,0.0,0.0,0.08333333333333333,0.0,0.0,0.0,0.0,0.0,0.0,0.0,0.0,0.0,0.0,0.0,0.0,0.0,0.0,0.0,0.0,0.0,0.0,0.0,0.0,0.0,0.0,0.0,0.0,0.0,0.0,0.0,0.0,0.0,0.03225806451612903,0.0,0.36363636363636365,0.0,0.09090909090909091,0.0,0.0,0.0,0.0,0.0,0.0,0.0,0.0,0.0,0.0,0.0,0.0,0.0,0.0,0.0,0.0,0.0,0.0,0.0,0.0,0.0,0.17647058823529413],"total_num_species":[1,1,1,1,1,11,3,17,9,75,20,14,7,34,11,6,17,7,20,4,16,6,16,8,16,6,13,7,8,7,8,67,15,8,27,9,38,12,8,36,11,9,35,10,10,12,7,22,6,24,5,17,3,18,4,18,6,22,6,20,5,21,7,16,6,15,7,29,9,18,10,16,2,10,5,7,6,6,11,7,17,6,12,6,25,5,20,6,14,8,27,9,28,10,10,12,7,16,8,19,9,20,6,31,8,21,8,15,7,13,8,19,9,17,9,17,10,9,12,8,21,11,5,21,7,24,8,21,8,26,9,19,9,19,9,23,9,22,8,13,6,17,7,22,7,16,8,18,8,12,7,14,7,9,7,8,39,9,57,12,7,34,9,27,9,32,9,39,10,10,10,10,10,9,26,10,10,9,24,10,10,10,13,8,31,8,32,9,25,10,10,11,7,18,8,27,8,21,9,23,11,6,15,6,26,9,11,7,18,7,21,5,20,7,13,8,13,6,12,2,11,4,13,5,8,6,5,5,28,6,39,8,56,8,82,10,10,10,13,8,19,10,11,7,11,7,13,7,22,8,17,8,18,10,10,10,10,9,9,10,14,11,11,7,18,8,14,7,27,7,22,6,26,6,15,5,16,5,22,7,20,6,17,7,23,5,14,6,10,8,8,8,22,8,40,7,36,7,50,7],"avg_species_distances":[-1.0,-1.0,-1.0,-1.0,-1.0,0.10194805194805201,0.26851851851851855,0.21145249766573274,0.2694003527336861,0.2837304837304859,0.3183559276980327,0.34712247459500184,0.3760334903192045,0.3535421055474553,0.371219992129083,0.3733333333333333,0.3723044724882962,0.3124875124875125,0.3826369244790296,0.3904761904761905,0.37700008325008355,0.38520590520590514,0.38588321400821407,0.42947647590504723,0.3793616106116112,0.3971672771672772,0.3907581734504812,0.4278396206967635,0.4041589363017934,0.3925376211090497,0.4398660862946577,0.4063236001618958,0.4224927904339672,0.40251415251415273,0.3841873338102601,0.4515086765086765,0.42098338236109284,0.41524098796826087,0.41608391608391626,0.41790476498809886,0.4733042685181721,0.4437252902326431,0.4491853187181906,0.440947940947941,0.43467365967365956,0.46192254714981984,0.49017417767417776,0.433821139178282,0.4890151515151515,0.42642158063353724,0.42272727272727273,0.4536609224109225,0.5416666666666666,0.4498062315103839,0.4479166666666667,0.4237239164142282,0.44608262108262103,0.44158604566358567,0.4980072215366332,0.43910444947209676,0.5318487394957983,0.44551237161531276,0.5030492898913952,0.4386564347961409,0.494313725490196,0.4874805574403678,0.5123204837490551,0.46210865425367376,0.38587353801169594,0.4913877386703474,0.44851441381705676,0.4126023965141619,0.6538461538461539,0.4265327356013632,0.527199597787833,0.5069309775192126,0.5079876822523881,0.4840452847805789,0.2589444757169214,0.49400958089038566,0.28949707563089994,0.5087197371386546,0.3649486740124084,0.4749906092705281,0.4049172848326629,0.5657320024198427,0.42150704561639796,0.5159077159984601,0.4175696140476341,0.49070951667634183,0.39499327034843895,0.47152987407293306,0.3314160308204765,0.45890034647747896,0.47360128094941795,0.4562259011233653,0.5126105493619105,0.4190386804310751,0.44354960677555966,0.41982713896520135,0.4548643965991215,0.4151738564539028,0.5195939148570726,0.4039847513196844,0.4663696859704121,0.402585312736985,0.4626734678912536,0.3850650142181202,0.49829370968171316,0.4052524024506785,0.48170129570829584,0.3619388381211804,0.4389117385941341,0.3827801886441251,0.46725831566634857,0.38850458920301645,0.4620117824521816,0.46335806964242743,0.41660730088410786,0.4831784560628122,0.3556781338645047,0.4409919440366082,0.5054000597104046,0.3890134368011123,0.4472184130569223,0.38613989785580444,0.47927900632393705,0.39221004386642333,0.4306695504288673,0.3918174128185567,0.4838191699604742,0.4292988684197682,0.4706412337662338,0.4356732025496328,0.47682816127109606,0.4078833268610292,0.37970734126984124,0.4111409105303797,0.5001551254559795,0.42734222818374296,0.4773392105790423,0.44832080841176647,0.5188226903664691,0.4200390148904592,0.5199046723952738,0.43361985693400157,0.49308248299319724,0.3751039840887623,0.4896114576213261,0.4545082575584967,0.520887445887446,0.46006384592850763,0.5288617731474874,0.5059195020379232,0.5406341611604769,0.5222451013898383,0.46988982770421805,0.5006753942938154,0.4696863260296148,0.48007131336676795,0.5400254507397365,0.43458388136823084,0.49223947348947356,0.4527905158800626,0.4872229378808325,0.4618613170073507,0.5009142092475425,0.4515986517622674,0.47834572834572825,0.48225694059027396,0.48539733213646274,0.479515951884373,0.48072268579514965,0.5013190479675986,0.41475571331007727,0.48539733213646263,0.4844311485615835,0.5030652888442744,0.43444531263237174,0.5034121407309813,0.5049768070015298,0.5053178129691344,0.47678986312322946,0.5200447700447699,0.4203150629147961,0.4978789326615414,0.4476433944849363,0.4943743689214703,0.4335877025915344,0.4626619533624365,0.4738105515883293,0.48646783822324396,0.5339421524721731,0.4655897391291804,0.5338466414233677,0.4643396377308836,0.51004469485006,0.43165330429630017,0.4651981193345926,0.49106106316998555,0.4924391098660916,0.5229326513213981,0.46678097725847006,0.5092143767688349,0.43919218876389754,0.4569695247444608,0.5130828730020017,0.4462852448234757,0.460656157887992,0.39249639249639257,0.47079309652043183,0.5270039100684263,0.4563068088408148,0.45604908630118723,0.48502406090641403,0.46381949331456707,0.41356083459024606,0.4051693404634581,0.45719192234405215,0.6666666666666666,0.4698613543319427,0.5506535947712418,0.450009601881969,0.5181609195402299,0.508186813186813,0.5299487179487179,0.5781098901098901,0.5721628959276018,0.41245724926104765,0.5502242332830568,0.43237593106826644,0.4931351001939234,0.36575756344332294,0.4937633865962039,0.3774105236683028,0.49260905543258493,0.4980747091204607,0.49709948004065657,0.49002018594778773,0.49993733506588534,0.4477192105235126,0.4593245538107564,0.4322222303449435,0.510632521783417,0.43881591436052453,0.5039922870243005,0.43727641763832625,0.5163567286893859,0.3616278875433479,0.5029123091242766,0.39381375770850513,0.5029123091242766,0.37923686010966784,0.4643102218944003,0.46600331474191603,0.4653973678638992,0.4653973678638992,0.4840015349574174,0.4807548439090021,0.47016718402925295,0.43263521119527193,0.4445098725725686,0.4445098725725684,0.47679369955867645,0.4731071798891871,0.5282498453927024,0.43817480738408987,0.507845804988662,0.4053881879968833,0.5105668934240363,0.3717356950191724,0.5234060419866872,0.3835711483177561,0.4683133640552996,0.34964308174478215,0.5527445887445888,0.40256028522448023,0.5325887445887446,0.42772779279792855,0.526329718447945,0.39789021010431463,0.5096459096459096,0.4429903837992081,0.5085644514215942,0.37991986762865326,0.5287545787545788,0.42424310712970686,0.5013186813186813,