{"min_species_distances":[-1.0,-1.0,-1.0,-1.0,0.0,0.1,0.18181818181818182,0.0,0.1,0.1,0.09090909090909091,0.1111111111111111,0.0,0.0,0.0,0.0,0.0,0.0,0.0,0.0,0.0,0.0,0.0,0.0,0.0,0.0,0.0,0.0,0.0,0.0,0.0,0.0,0.0,0.0,0.0,0.0,0.0,0.0,0.0,0.08333333333333333,0.0,0.2222222222222222,0.0,0.07692307692307693,0.0,0.06666666666666667,0.058823529411764705,0.0,0.0,0.0,0.05263157894736842,0.0,0.05263157894736842,0.05263157894736842,0.35294117647058826,0.0,0.17647058823529413,0.0,0.3125,0.0,0.0,0.0,0.3,0.0,0.0,0.0,0.0,0.0,0.0,0.058823529411764705,0.0,0.0,0.0,0.0,0.038461538461538464,0.0,0.0,0.0,0.0,0.0,0.08333333333333333,0.0,0.0,0.0,0.0,0.0,0.0,0.0,0.0,0.0,0.0,0.0,0.0,0.0,0.0,0.0,0.0,0.0,0.0,0.0,0.0,0.0,0.2222222222222222,0.0,0.0,0.0,0.37037037037037035,0.0,0.10526315789473684,0.0,0.0,0.03333333333333333,0.0,0.0,0.0,0.0,0.10526315789473684,0.0,0.10526315789473684,0.0,0.0,0.0,0.11764705882352941,0.0,0.0,0.4482758620689655,0.0,0.0,0.0,0.4482758620689655,0.0,0.04,0.0,0.03333333333333333,0.0,0.03333333333333333,0.0,0.03333333333333333,0.0,0.0,0.0,0.0,0.0,0.03333333333333333,0.0,0.0,0.0,0.0,0.0,0.06666666666666667,0.0,0.0,0.0,0.0,0.05555555555555555,0.0,0.0,0.08333333333333333,0.0,0.0,0.4666666666666667,0.0,0.0,0.0,0.0,0.0,0.0,0.0,0.0,0.0,0.0,0.0,0.0,0.0,0.0,0.0,0.0,0.0,0.0,0.0,0.0,0.0,0.0,0.07142857142857142,0.0,0.02857142857142857,0.0,0.0,0.0,0.0,0.0,0.0,0.0,0.0,0.0,0.0,0.0,0.0,0.0,0.0,0.0,0.0,0.0,0.0,0.0,0.0,0.0,0.0,0.0,0.0,0.0,0.0,0.045454545454545456,0.045454545454545456,0.045454545454545456,0.0,0.0,0.058823529411764705,0.0,0.08695652173913043,0.0,0.05263157894736842,0.0,0.0967741935483871,0.0,0.0,0.16666666666666666,0.0,0.10526315789473684,0.0,0.16666666666666666,0.0,0.043478260869565216,0.16666666666666666,0.0,0.16666666666666666,0.0,0.0,0.0,0.0,0.0,0.22727272727272727,0.0,0.0,0.0,0.0,0.0,0.0,0.0,0.0,0.0,0.0,0.0,0.0,0.0,0.0,0.0,0.05263157894736842,0.0,0.0,0.0,0.0,0.0,0.0,0.0,0.05263157894736842,0.0,0.030303030303030304,0.0,0.1,0.0,0.0,0.0,0.0,0.0,0.0,0.0,0.047619047619047616,0.0,0.0,0.0,0.0,0.0,0.0,0.0,0.391304347826087,0.4166666666666667,0.0,0.4166666666666667,0.0,0.18181818181818182,0.0,0.12,0.0,0.08333333333333333,0.0,0.15384615384615385,0.0,0.0,0.045454545454545456],"total_num_species":[1,1,1,1,5,15,9,96,20,10,16,10,11,7,21,8,21,10,12,5,14,3,22,6,15,6,10,6,6,9,14,8,29,8,25,9,27,10,12,7,32,6,26,6,13,8,9,20,8,47,8,47,10,13,6,38,7,33,7,45,7,22,6,32,10,10,10,9,29,12,7,29,7,21,8,20,7,25,6,43,6,27,6,25,7,36,8,32,8,33,10,10,10,9,24,11,5,13,5,19,5,23,5,17,6,21,5,14,6,10,10,8,7,13,6,16,6,20,7,21,8,18,9,12,11,5,23,6,18,5,18,6,14,6,14,7,15,6,10,8,10,7,11,7,18,7,16,8,22,8,30,9,32,10,12,9,17,9,22,12,6,24,9,22,8,18,9,19,11,5,18,7,22,6,30,6,21,6,26,4,19,4,13,5,26,6,24,4,22,6,24,5,19,6,30,7,26,7,11,7,12,9,18,8,14,8,15,9,13,8,20,8,8,8,6,8,51,7,56,8,72,9,93,9,89,15,6,35,7,47,7,41,10,10,11,7,13,8,12,8,13,7,15,8,19,8,20,9,18,10,8,19,9,15,10,10,13,5,19,7,24,5,20,5,19,5,26,5,20,5,20,5,28,5,26,5,16,6,15,5,17,6,18,5,8,5,5,30,5,38,6,43,7,53,7,47,8,53,10,13],"avg_species_distances":[-1.0,-1.0,-1.0,-1.0,0.2361111111111111,0.2796107331821615,0.343939393939394,0.3159660989595218,0.3247381711855394,0.3341975308641976,0.3678787878787878,0.40131313131313123,0.4005234159779613,0.43223443223443214,0.392303252303252,0.3609099234099234,0.39509934509934497,0.4278425278425279,0.4368905505269144,0.26428571428571435,0.4669777109337551,0.38095238095238093,0.43825099864060835,0.43203463203463194,0.34743351886209006,0.3844155844155843,0.4259944684944686,0.4562770562770561,0.4653679653679653,0.361111111111111,0.4648227688062852,0.46189703153988865,0.4203773238256008,0.43628633271490413,0.44125008325008375,0.47262221209589633,0.41896655892382373,0.46749879749879764,0.48430080020989147,0.4549260263545977,0.4386928486993723,0.520568783068783,0.43319938959984133,0.5188827838827837,0.45487993027585805,0.501277145473574,0.4909936196700903,0.5030440033008475,0.5215689261534572,0.4700231648423821,0.5446649780019969,0.4893782343372509,0.501506712146547,0.5266269329974973,0.570896698760476,0.46371051353640896,0.5426794199461161,0.4722795603267573,0.5487976567145078,0.4805440213954136,0.5219395450487886,0.5049755921421981,0.5681523378582203,0.4908001375515137,0.5421149275561044,0.5419690240768672,0.5410651385651385,0.5385469196743705,0.4930646876461978,0.5542306826665119,0.4989495798319327,0.518358600438103,0.5260308576872045,0.5069775095045996,0.56919535121741,0.48697207367795636,0.5417927170868347,0.4956608560591339,0.5023641456582634,0.50328328963931,0.5498280013759891,0.5071470164283267,0.5456497750615398,0.5180649231802477,0.5296272355095885,0.4952824834198054,0.520508902861844,0.5060965449632063,0.5121180290297936,0.47643023226473813,0.5097149691267339,0.4856137326725562,0.4808671294604799,0.4028467447585094,0.5366965152111932,0.5510582625672142,0.4993464052287582,0.5248467341275119,0.5882352941176471,0.5197941646075606,0.5710239651416122,0.5169478988802628,0.6168677727501256,0.5318612662504313,0.5571895424836601,0.5069958973808503,0.6256892795432349,0.37991132883360335,0.603755303290907,0.483073653864729,0.5665635773253533,0.5932953545402835,0.5937804751530241,0.5136237572934664,0.6019256254225829,0.5234322821082457,0.6105535350659722,0.502124921414422,0.5952100444937001,0.5085550566481263,0.5730542408534295,0.4976857475029338,0.5805501943027299,0.5279067035186036,0.5542515622759031,0.6367595221996845,0.4811116958735784,0.535218991811284,0.4952130027880734,0.6367595221996845,0.4459814210286422,0.5865395537525354,0.4482313314361999,0.5899878296146045,0.48335177014422764,0.5602266653787952,0.4286372633344532,0.5861969155478283,0.54928181162741,0.5539922290755384,0.5258965696112419,0.5831190816045447,0.5277683886243723,0.5831738161420378,0.41149318498918797,0.5801390901188062,0.4748627450980394,0.5785707041437266,0.5005748091375446,0.5829781222833962,0.47551886414291167,0.5556421380812862,0.4350873760084668,0.5260408684546618,0.5088108946121117,0.5288646608068516,0.4519498675907144,0.563862264935214,0.4189735591206175,0.5108125697115636,0.622970588235294,0.5162170580964985,0.5707767722473603,0.5126079883526231,0.5860554530858134,0.5107954617404601,0.5761004939610254,0.48537554708220365,0.5512905279413819,0.403125,0.5431518052400871,0.5394415830848468,0.48721170473760933,0.576252417750644,0.49768626837037644,0.5248832866479926,0.5163514525227373,0.5949386336483111,0.47403770591626393,0.5490196078431372,0.5290644437363701,0.5721288515406163,0.5119551658545968,0.5953781512605042,0.47623528779885627,0.5778711484593837,0.46365360917625603,0.30718954248366015,0.5228328918785641,0.5733893557422969,0.4865409178232563,0.5208683473389356,0.5138586323821721,0.47404295051353873,0.4964694702296296,0.562208791562602,0.49427964132398583,0.5326084456771213,0.503280267174791,0.4415766306522609,0.4155886597063066,0.5005103190701568,0.45773876514360984,0.49421774979584304,0.5051880816836349,0.53315134831362,0.471380348297184,0.4906224175493954,0.4752340884017694,0.544207724887238,0.3616041681515871,0.5158390628978863,0.541294062034427,0.541294062034427,0.5774292394305917,0.5406203320757074,0.4713989018408071,0.5577995386767471,0.4700099315701594,0.5387312338652844,0.46473192860632195,0.45078585599607973,0.4367091840068747,0.4769834828799841,0.44868275849918515,0.44889279774241336,0.5490409471054633,0.3979456158050772,0.5142499454893341,0.4251016142849617,0.5135810596640089,0.41112597956566094,0.45311988065611264,0.45869983280262966,0.4337409996153629,0.5140124475987853,0.41032278199178623,0.46405347807872355,0.42742174443633,0.4643525011687704,0.410211275919551,0.5157827119117441,0.39624042063593284,0.4970104085080416,0.3229522217905868,0.4440341298547912,0.365097140066268,0.46763302476488505,0.3762272083182508,0.4598247645868889,0.4856013027396683,0.35265888042641375,0.46535531786828194,0.37005114747333195,0.4655923296347744,0.4492848690641561,0.4352270563878761,0.5387096774193549,0.3937079241165115,0.46262666073786596,0.3596699472394273,0.5228618421052631,0.4075406407475705,0.5228618421052631,0.39308672726430316,