{"min_species_distances":[-1.0,-1.0,-1.0,-1.0,-1.0,0.0,0.25,0.0,0.0,0.09090909090909091,0.0,0.09090909090909091,0.0,0.09090909090909091,0.0,0.09090909090909091,0.0,0.0,0.0,0.0,0.0,0.0,0.0,0.0,0.0,0.0,0.0,0.0,0.0,0.0,0.0,0.0,0.0,0.0,0.0,0.0,0.0,0.0,0.0,0.0,0.0,0.0,0.0,0.0,0.0,0.0,0.0,0.0,0.0,0.5384615384615384,0.5384615384615384,0.0,0.07142857142857142,0.0,0.07692307692307693,0.2631578947368421,0.0,0.0,0.375,0.0,0.0,0.0,0.0,0.0,0.0,0.0,0.0,0.0,0.0,0.0,0.0,0.0,0.26666666666666666,0.0,0.0,0.0,0.08333333333333333,0.35294117647058826,0.0,0.15384615384615385,0.08333333333333333,0.0,0.0,0.0,0.0,0.15384615384615385,0.15384615384615385,0.15384615384615385,0.26666666666666666,0.0,0.26666666666666666,0.15384615384615385,0.0,0.0,0.3125,0.0,0.29411764705882354,0.0,0.0,0.0,0.0,0.0,0.09090909090909091,0.0,0.15384615384615385,0.0,0.48,0.0,0.48,0.0,0.48,0.0,0.45454545454545453,0.0,0.0,0.0,0.0,0.0,0.0,0.0,0.45454545454545453,0.0,0.06666666666666667,0.0,0.4782608695652174,0.0,0.4782608695652174,0.0,0.0,0.0,0.0,0.0,0.4782608695652174,0.03571428571428571,0.46153846153846156,0.0,0.0,0.0,0.041666666666666664,0.0,0.0,0.0,0.0,0.0,0.0,0.0,0.0,0.0,0.0,0.0,0.0,0.0,0.0625,0.0,0.0625,0.0,0.0,0.0,0.5263157894736842,0.0,0.0,0.0,0.0,0.0,0.0,0.0,0.0,0.0,0.0,0.0,0.0,0.0,0.0,0.0,0.0,0.0,0.0,0.0,0.0,0.0,0.037037037037037035,0.0,0.0,0.0,0.0,0.0,0.0,0.0,0.0,0.0,0.0,0.0,0.0,0.0,0.07142857142857142,0.0,0.0,0.0,0.0,0.0,0.0,0.0,0.0625,0.0,0.0,0.0,0.0625,0.0,0.0,0.0,0.0,0.0,0.0625,0.0,0.0,0.0,0.0,0.0,0.0,0.0625,0.0,0.0,0.0,0.5333333333333333,0.0,0.0,0.0,0.6896551724137931,0.0,0.0625,0.0625,0.0,0.0625,0.0,0.0,0.0,0.0,0.15789473684210525,0.0,0.10526315789473684,0.11764705882352941,0.0,0.058823529411764705,0.1111111111111111,0.0,0.045454545454545456,0.0,0.0,0.0,0.0,0.0,0.0,0.0,0.0,0.0,0.36,0.0,0.0,0.0,0.0,0.0,0.0,0.0,0.0,0.0,0.375,0.0,0.5294117647058824,0.0,0.0,0.0,0.5294117647058824,0.0,0.5294117647058824,0.0,0.5294117647058824,0.0,0.5294117647058824,0.0,0.0,0.0,0.0,0.0,0.0,0.0,0.0,0.0,0.0,0.0,0.0,0.0,0.0,0.0,0.0,0.0,0.03571428571428571,0.0,0.0,0.0,0.0],"total_num_species":[1,1,1,1,1,14,3,37,12,10,15,10,12,6,20,6,25,8,14,10,10,15,7,15,5,30,6,17,5,17,7,19,6,24,9,21,6,26,5,17,7,22,8,20,9,10,9,11,8,5,5,10,9,70,12,8,32,11,6,24,7,21,9,14,9,14,10,9,9,25,8,26,8,27,9,26,11,8,18,9,9,36,9,37,10,10,10,10,9,46,10,10,10,13,8,25,9,18,10,12,9,11,8,15,8,12,7,12,7,14,7,11,8,20,9,30,8,16,9,15,7,19,8,15,7,12,7,12,8,16,9,18,7,12,8,15,9,11,9,13,10,14,7,26,9,41,9,25,9,41,9,37,5,23,5,23,6,21,4,28,5,21,6,35,7,30,9,22,9,24,9,19,7,21,8,22,8,17,9,22,7,18,7,12,5,19,7,15,8,16,8,16,7,18,6,17,6,22,8,12,7,19,8,19,6,19,6,15,8,16,7,15,7,19,9,22,9,15,11,5,16,5,11,4,29,5,14,2,8,5,5,10,6,6,31,7,63,8,71,10,9,75,13,7,24,8,33,9,17,8,31,8,21,10,13,7,21,8,27,9,27,10,11,5,17,5,22,4,23,5,24,4,18,4,14,4,14,4,12,5,7,6,6,42,7,52,8,60,9,53,9,80,12,7,20,6,25,8,24,8],"avg_species_distances":[-1.0,-1.0,-1.0,-1.0,-1.0,0.12087912087912087,0.25,0.2142648600981937,0.3177609427609427,0.3619079685746354,0.3419267504981786,0.37798941798941804,0.3464187327823689,0.34087542087542083,0.3636046555783394,0.3961904761904761,0.358632034632034,0.3329468150896723,0.41615874967523303,0.4042579642579642,0.42966588966588964,0.4425024182167038,0.39370748299319724,0.4239352710781282,0.28181818181818186,0.4494637642051436,0.36617604617604615,0.46010398914810674,0.34350649350649354,0.4587009803921572,0.4871031746031746,0.45989422084623305,0.15515151515151515,0.4826515180495358,0.43791627762215984,0.4628693715248333,0.32910052910052906,0.4764426267548445,0.48382352941176476,0.479236836908766,0.4735306243709605,0.4589069073237387,0.4692314425770307,0.4315589978476981,0.39346451478804423,0.4764597421460169,0.5181483367757878,0.4703742422008678,0.5088952247565691,0.5838181426416721,0.5838181426416721,0.4715917343368323,0.5422959756293089,0.4841905379517142,0.4898743957567489,0.5255340732784342,0.4820437505640486,0.48468899521531117,0.557632275132275,0.4636922854457183,0.5275037792894934,0.44787196165015714,0.5059893401805167,0.47769312853346496,0.5109092174881649,0.4698295856190593,0.5311320388513374,0.5351271697762927,0.5371043349113526,0.4677204896926263,0.5446706593323135,0.44624668538838563,0.5560090702947845,0.47325628344106074,0.5418650793650794,0.4512819465245985,0.5213852813852815,0.5731450913698811,0.4111024901788572,0.5494257708331496,0.5480325814536342,0.48574147756321795,0.5482177666388195,0.48522323427105146,0.5350303536619327,0.539446233104128,0.539446233104128,0.5372795664374614,0.5521059593428016,0.48981066315519295,0.5387364243943192,0.5390758627337575,0.5391970203285994,0.4952383551261259,0.5801089778016469,0.4062474068214791,0.5615431655118186,0.4446200950280352,0.5361433712486344,0.5168469469127366,0.5472460665552772,0.5207913577650419,0.5656444479705758,0.4992072219064698,0.5735271683204014,0.5079275119705743,0.5867796927383393,0.5176848112015575,0.5873217593673625,0.47297307955202683,0.5867796927383393,0.5379104890324986,0.5777287374279856,0.4868395577472668,0.5548740002687372,0.4932247947043174,0.5608782195248362,0.5059558789164058,0.5332701655070078,0.49265899514019856,0.5814978254827878,0.4530751192861278,0.5624077064376182,0.4878773248109634,0.5831124634328295,0.47343990868018343,0.5831124634328295,0.4913024808905816,0.5549067065657454,0.4893425184337656,0.5439561733103561,0.45090425299141906,0.583790797444497,0.5280586313423842,0.5814124916527662,0.4177405228045959,0.5239405881854395,0.5293870821101944,0.5594232326656686,0.5058659391573198,0.5526293377028185,0.4912410503433212,0.44896214896214887,0.5189311589223747,0.4423538830332307,0.5057694549721196,0.4457010582010581,0.519337323949604,0.4416666666666665,0.5202521201729458,0.4147331154684095,0.5039632063023867,0.48644230769230773,0.4717838887799372,0.49340909090909096,0.49636157573020545,0.5243776106934,0.5026301986944831,0.6003736192332684,0.5094917533107952,0.37220238095238095,0.5169006034052728,0.4942857142857143,0.5123294571541132,0.5024071166928308,0.5067053444811128,0.4768887362637362,0.5115513934350345,0.5485017297517296,0.4523822474471146,0.5581530023625612,0.49239636361877515,0.5432218575075718,0.4993631765060344,0.5318066509060296,0.5018021315287456,0.4838899196042054,0.5191577311657332,0.5010711510711511,0.4684047504123267,0.5656902410525598,0.46877945447141245,0.5770292207792208,0.49741112563082257,0.5361952861952861,0.5041361470455042,0.5019480519480519,0.5086676286676288,0.5370307592734064,0.5060925752024967,0.5429043179043178,0.4883775193579118,0.5496141539619801,0.4644386256918227,0.5209323044105653,0.4941591181851564,0.5648484848484848,0.47344458630925845,0.5089809661238232,0.4888471261330288,0.5660294157188567,0.48880092976937134,0.5394336342960246,0.4816858284569607,0.5197923681257015,0.493465234379427,0.5317676767676768,0.48305275590061764,0.5408328141124243,0.4970912114890129,0.5502582042312179,0.4741721634095449,0.4697994638212029,0.5189606078121429,0.5110266047531788,0.5256624782281076,0.536765297906602,0.4958018938132912,0.5330168627807306,0.521773488255872,0.521676649602632,0.4736925287356322,0.4873836217089591,0.6166666666666667,0.5018910093825257,0.4103160919540231,0.4980738110798083,0.6896551724137931,0.4958750535446562,0.5431315592203898,0.5431315592203898,0.4104753574886155,0.5351699150424787,0.5520614692653674,0.3816244857854409,0.504560219890055,0.41017197354078444,0.5143660582081803,0.4061283391889452,0.4857003293732103,0.5052228223478559,0.4270964613547481,0.4631118515831298,0.5399791527340658,0.4096387020480483,0.5049479733124788,0.39531246712100493,0.5061414726073497,0.42518576954342147,0.5047319084956637,0.4037800177976592,0.504272539965643,0.43847726496118145,0.49602826154616436,0.4462903965360553,0.5403688141923437,0.4126443394776948,0.4907672665025606,0.44669420432922347,0.499845266389384,0.43023040732535095,0.4887734204793028,0.47085739750445643,0.5294563279857398,0.45116141283745137,0.5423351158645277,0.4505492704957953,0.5896494355317884,0.44862215682166595,0.5235979706567943,0.43956982974441045,0.5887964613454809,0.4103604156391546,