{"min_species_distances":[-1.0,-1.0,-1.0,-1.0,0.25,0.0,0.1111111111111111,0.0,0.1111111111111111,0.09090909090909091,0.09090909090909091,0.0,0.0,0.0,0.0,0.0,0.0,0.0,0.0,0.0,0.0,0.0,0.0,0.0,0.0,0.0,0.0,0.0,0.0,0.0,0.0,0.0,0.0,0.05555555555555555,0.0,0.0,0.0,0.0,0.0,0.0625,0.0,0.0,0.0,0.0,0.0,0.2631578947368421,0.0,0.15789473684210525,0.125,0.0,0.0,0.0,0.0,0.0,0.0,0.0,0.0,0.0,0.0,0.0,0.0,0.0,0.0,0.0,0.0,0.0,0.0,0.05263157894736842,0.0,0.0,0.0,0.0,0.0,0.0,0.0,0.0,0.0,0.0,0.0,0.05,0.0,0.0,0.0,0.0,0.0,0.0625,0.0,0.0,0.0,0.0,0.0,0.0,0.0,0.0,0.0,0.0,0.0,0.0,0.0,0.0,0.0,0.0,0.0,0.0,0.0,0.0,0.0,0.0,0.0,0.0,0.0,0.0,0.0,0.0,0.0,0.0,0.0,0.0,0.0,0.0,0.2857142857142857,0.0,0.0,0.0,0.0,0.0,0.42857142857142855,0.0,0.06666666666666667,0.0,0.0,0.0,0.0,0.0,0.0,0.0,0.0,0.0,0.0,0.0,0.0,0.0,0.0,0.0,0.0,0.0,0.0,0.0,0.043478260869565216,0.0,0.0,0.0,0.0,0.0,0.0,0.0,0.0,0.0,0.0,0.0,0.0,0.0,0.0,0.0,0.06060606060606061,0.0,0.0,0.125,0.0,0.0,0.0,0.0,0.3939393939393939,0.0,0.3939393939393939,0.0,0.3939393939393939,0.0,0.3939393939393939,0.0,0.3939393939393939,0.0,0.3939393939393939,0.0,0.3939393939393939,0.0,0.3939393939393939,0.0,0.26666666666666666,0.0,0.0,0.38235294117647056,0.0,0.38235294117647056,0.0,0.38235294117647056,0.0,0.38235294117647056,0.0,0.0625,0.0,0.38235294117647056,0.0,0.058823529411764705,0.0,0.0,0.0,0.058823529411764705,0.0,0.0,0.0,0.0,0.038461538461538464,0.0,0.0,0.038461538461538464,0.26666666666666666,0.0,0.26666666666666666,0.0,0.26666666666666666,0.0,0.3125,0.0,0.3125,0.0,0.2692307692307692,0.0,0.043478260869565216,0.2692307692307692,0.0,0.0,0.0,0.0,0.0,0.0,0.043478260869565216,0.0,0.0,0.2727272727272727,0.0,0.2727272727272727,0.0,0.2903225806451613,0.0,0.2903225806451613,0.2903225806451613,0.0,0.15789473684210525,0.15789473684210525,0.15789473684210525,0.0,0.2903225806451613,0.0,0.2903225806451613,0.0,0.2903225806451613,0.0,0.2903225806451613,0.0,0.0,0.15789473684210525,0.15789473684210525,0.15789473684210525,0.041666666666666664,0.15789473684210525,0.0,0.0,0.0,0.0,0.0,0.0,0.0,0.0,0.0,0.0,0.0,0.0,0.0,0.0,0.0,0.0,0.0,0.0,0.0,0.0,0.0,0.0,0.0,0.0,0.0,0.0,0.0,0.0,0.0,0.0,0.0,0.0,0.0,0.0],"total_num_species":[1,1,1,1,2,11,7,63,18,12,9,29,12,5,27,6,18,6,18,6,28,9,13,9,13,9,12,9,10,9,17,10,10,8,17,10,9,8,28,7,40,8,55,9,49,9,64,11,8,27,10,11,8,26,8,12,9,19,9,18,11,5,16,4,13,4,17,5,16,4,14,5,11,5,13,6,14,6,19,6,12,6,14,7,15,6,14,7,11,7,12,7,7,7,7,12,6,18,6,17,5,28,6,23,8,14,9,15,10,8,25,10,10,11,7,16,6,13,6,14,6,19,6,19,6,21,5,19,6,19,6,19,7,25,9,23,9,23,8,24,9,20,10,11,6,22,7,26,7,22,8,19,9,23,8,11,7,19,8,17,7,12,7,9,8,8,50,8,51,9,55,11,6,24,6,20,6,23,6,22,6,24,6,22,6,29,6,28,8,19,11,6,27,6,20,6,22,6,23,6,24,6,23,7,15,8,21,7,14,8,9,14,9,17,9,14,8,13,8,17,8,18,8,16,8,18,9,15,10,9,17,10,10,10,10,10,10,10,10,9,12,9,15,9,13,9,9,39,10,10,10,11,9,18,9,16,9,16,9,20,10,10,10,10,11,7,29,10,10,10,10,13,7,29,6,26,8,16,8,28,9,17,9,27,10,15,6,15,7,16,8,11,7,16,6,11,6,22,6,14],"avg_species_distances":[-1.0,-1.0,-1.0,-1.0,0.25,0.175,0.25529100529100524,0.26581551378018564,0.33456294975902795,0.36414141414141404,0.3494949494949494,0.3603675060571611,0.34940665395210824,0.28293706293706294,0.3493126531588069,0.2923232323232323,0.31693328458034375,0.19151515151515153,0.35010610304727946,0.4050971250971251,0.37868824297395687,0.3976107226107226,0.41271853146853144,0.35390361952861954,0.42188228438228437,0.4307930495430495,0.43833792470156113,0.4441721132897603,0.4105616605616605,0.4457112264097558,0.4182305133591899,0.43753367003367,0.469827240660574,0.4947144562953386,0.45803826904064837,0.48927963448087275,0.4837458452041785,0.4738934676434677,0.4501335069554032,0.5095318041746614,0.45105781871053313,0.4981630472701902,0.4382048224402101,0.5130340082126718,0.4436819081999196,0.5023607716815921,0.4651469557538719,0.5039689275292991,0.49202306597402795,0.4597297609760899,0.47901145313426,0.46629944897957837,0.43887862837442665,0.4607568152786063,0.47717508055853924,0.4552290373884801,0.47382535860348046,0.3900316128298043,0.38054918937271875,0.4502747568886097,0.4550163287005392,0.23571428571428582,0.4180012531328321,0.4185185185185185,0.37330037165563484,0.044444444444444446,0.45125858457418017,0.5285975355054303,0.3433573517126147,0.26666666666666666,0.3692934258723731,0.5005263157894737,0.3960107051374993,0.47916666666666663,0.430906057879742,0.3447368421052631,0.43011208531995787,0.5130221386800334,0.4291782697484452,0.5244467787114846,0.41430587386469764,0.431484593837535,0.4461241986673214,0.4153439153439154,0.36952080832332956,0.46215141612200433,0.3626601573030148,0.4766800659657802,0.36367637413091963,0.4838379796362989,0.43218986400804615,0.5217309145880575,0.4983938019652306,0.5034759517842226,0.502814576122847,0.4191633756107442,0.530952380952381,0.42478060839515946,0.5307734204793028,0.4147558681033694,0.5297979797979797,0.41455396760866353,0.4704184704184705,0.4572905174661852,0.4941940254362614,0.4410252465710804,0.4783694716589452,0.4593831892926367,0.4694677752015214,0.4830868838763574,0.38438959216584273,0.47913935340022307,0.4847000404930739,0.4631506340010606,0.4855722760484664,0.4295546870213158,0.5168382235048902,0.44342843415307187,0.507231040564374,0.41034236065292007,0.4949013949013949,0.4203201239814513,0.5087301587301586,0.3756825638976669,0.5087301587301586,0.3999546722509821,0.540151515151515,0.4112976096755878,0.5045454545454545,0.3978697389317932,0.5203174603174603,0.4302835582704303,0.4843222775553603,0.3847611531055804,0.4521933621933621,0.4136332907602161,0.46475203514474195,0.42587346112942887,0.47434227063259327,0.4181737703960541,0.4428738471673254,0.4446164991618442,0.4299718550630191,0.4236211560975044,0.4320158102766799,0.4123426839956381,0.45947970756154904,0.3879547566380832,0.49797738001768416,0.4148455100392872,0.4693838769925727,0.4099038865632225,0.42409749670619235,0.41731245758580865,0.47504774503196673,0.3859032965479743,0.5037525879917184,0.42486309007150547,0.4821913819875777,0.3336841662430033,0.5170415333458811,0.4499262076950508,0.5136144049187527,0.4827450542405566,0.4918797196369348,0.487320325226997,0.4397641751562273,0.507240167378848,0.44617951525207855,0.4958903474749719,0.45591581254686103,0.4849864041947643,0.5368620992534034,0.4134017280360928,0.5368620992534036,0.4287090442778146,0.5368620992534036,0.4174862886850337,0.5368620992534037,0.4237054222679178,0.5368620992534036,0.4110157898461811,0.5368620992534036,0.42662248565792316,0.5368620992534036,0.40483862013672844,0.5368620992534036,0.42811513229294446,0.5121576792772445,0.44682040576764137,0.5021414192930193,0.5357331628303494,0.45155252902110943,0.5299946007388462,0.46371091276992116,0.5299946007388462,0.4477956341992873,0.5299946007388462,0.4509673182152545,0.5051171497584541,0.43197654656277223,0.5299946007388462,0.43139382496401935,0.5125484106686152,0.4554640928835302,0.47020018877116065,0.4523430272185159,0.5125484106686152,0.44706529258420524,0.49104813664596275,0.49678294022923186,0.4530676410680448,0.4781591568610999,0.4010942157908343,0.47714916642985705,0.43500418501117405,0.4966653902363622,0.44588922514243745,0.49488883345980544,0.395762229937966,0.49488883345980544,0.38628934044139185,0.4974842466250715,0.41147905598826423,0.5011757232157077,0.37978612728108996,0.48295709926144714,0.4242168009928525,0.46255754913363606,0.4798208985446013,0.4103280105753073,0.4826654253232093,0.4824753416548647,0.4824753416548647,0.4824753416548647,0.4824753416548647,0.4707158887032658,0.4824753416548647,0.4846725937819907,0.48972618889343994,0.4597479539730254,0.48769512557205413,0.41931021143630104,0.4865791722821878,0.4417725040975057,0.4856272435524812,0.4876452872371915,0.42715287743769853,0.48340710301250966,0.48340710301250966,0.48340710301250966,0.4749090828901856,0.48915118874309305,0.3830402101260702,0.48915118874309305,0.4088600091321795,0.48915118874309305,0.40863588512992804,0.48915118874309305,0.36391290323007597,0.48250383168335476,0.4810908184740029,0.4781225586203148,0.4781225586203148,0.46184298895415743,0.5155193885334454,0.43231163766368547,