{"min_species_distances":[-1.0,-1.0,-1.0,0.3333333333333333,0.125,0.0,0.1,0.0,0.08333333333333333,0.09090909090909091,0.09090909090909091,0.0,0.0,0.0,0.0,0.0,0.0,0.0,0.0,0.0,0.0,0.0,0.0,0.0,0.0,0.0,0.0,0.0,0.0,0.0,0.0,0.0,0.0,0.0,0.0,0.0,0.0,0.0,0.0,0.0,0.46153846153846156,0.0,0.46153846153846156,0.0,0.05,0.0,0.46153846153846156,0.0,0.0,0.0,0.0,0.0,0.0,0.06666666666666667,0.0,0.0,0.0,0.0,0.0,0.0,0.08333333333333333,0.0,0.125,0.0,0.0,0.125,0.0,0.0,0.0,0.16666666666666666,0.0,0.0,0.08333333333333333,0.0,0.0,0.0,0.0,0.07142857142857142,0.0,0.0,0.0,0.05263157894736842,0.0,0.0,0.0,0.05263157894736842,0.0,0.0,0.0,0.0,0.0,0.0,0.0,0.0,0.0,0.0,0.0,0.0,0.0,0.26666666666666666,0.0,0.0,0.0,0.125,0.047619047619047616,0.0,0.38095238095238093,0.0,0.38095238095238093,0.0,0.38095238095238093,0.0,0.38095238095238093,0.0,0.35294117647058826,0.0,0.0,0.0,0.125,0.0,0.045454545454545456,0.0,0.0,0.38095238095238093,0.0,0.0,0.0,0.38095238095238093,0.0,0.3333333333333333,0.0,0.3333333333333333,0.0,0.045454545454545456,0.0,0.15384615384615385,0.0,0.0,0.0,0.0,0.0,0.0,0.0,0.0,0.0,0.0,0.0,0.0,0.0,0.0,0.0,0.0,0.0,0.0,0.0,0.0,0.0,0.0,0.0,0.0,0.0,0.0,0.0,0.0,0.0,0.0,0.0,0.0,0.0,0.0,0.0,0.0,0.0,0.0,0.0,0.0,0.0,0.07692307692307693,0.0,0.0,0.034482758620689655,0.03333333333333333,0.034482758620689655,0.0,0.0,0.2,0.0,0.0,0.0,0.0625,0.0,0.13333333333333333,0.07692307692307693,0.0,0.0,0.0,0.07692307692307693,0.0,0.0,0.0,0.0,0.25,0.0,0.0,0.0,0.0,0.0,0.0,0.0,0.0,0.0,0.0,0.0,0.047619047619047616,0.0,0.0,0.0,0.0,0.0,0.0,0.0,0.0,0.0,0.0,0.0,0.0,0.0,0.0,0.0,0.0,0.0,0.0,0.0,0.0,0.0,0.0,0.0,0.0,0.0,0.0,0.0,0.0,0.0,0.0,0.0,0.0,0.0,0.0,0.0,0.0,0.5652173913043478,0.0,0.0,0.5333333333333333,0.5333333333333333,0.0,0.038461538461538464,0.0,0.038461538461538464,0.0,0.12,0.0,0.05555555555555555,0.0,0.11764705882352941,0.0,0.11764705882352941,0.0,0.0,0.0,0.0,0.0,0.0,0.0,0.0,0.0,0.07142857142857142,0.10526315789473684,0.0,0.2,0.0,0.2857142857142857,0.0,0.2857142857142857,0.0,0.29411764705882354,0.0,0.0,0.0,0.07692307692307693,0.05555555555555555,0.0,0.05555555555555555,0.0,0.0,0.0,0.0,0.07692307692307693,0.0,0.07692307692307693],"total_num_species":[1,1,1,2,3,25,9,98,22,11,8,25,12,5,24,6,28,6,27,7,25,7,15,7,17,7,21,9,15,8,24,9,21,11,6,13,5,15,5,18,3,18,3,19,3,13,3,10,9,9,7,8,55,9,81,11,7,22,8,32,7,29,7,30,10,9,32,10,18,7,19,10,8,13,9,12,11,7,25,7,23,6,16,8,15,7,15,6,11,7,14,7,9,8,15,8,21,8,39,7,28,9,41,12,7,22,6,25,6,17,6,26,6,27,7,27,9,29,8,21,10,8,23,7,25,8,22,7,21,7,20,7,27,9,22,9,22,11,7,26,8,22,9,29,8,23,10,8,29,10,11,5,20,7,15,9,17,8,17,7,23,5,37,6,24,7,17,7,23,9,14,9,14,9,14,8,20,8,16,8,9,8,7,7,43,6,68,8,69,8,82,13,7,33,9,29,9,34,10,10,11,7,28,9,20,9,19,10,10,10,9,16,11,7,22,6,22,9,14,7,26,8,15,10,10,10,11,6,22,7,17,9,12,7,15,10,6,17,6,12,5,12,7,14,7,13,5,12,6,16,4,9,7,5,5,20,7,30,7,44,8,54,10,13,7,23,8,15,8,25,10,9,24,10,10,10,10,9,15,9,18,8,24,8,21,8,25,9,26,10,9,24,11,9,23,9,21,8,18,8],"avg_species_distances":[-1.0,-1.0,-1.0,0.3333333333333333,0.2638888888888889,0.2556933621933624,0.32368827160493835,0.3107203652648653,0.36689810910590104,0.3970707070707072,0.40142238713667283,0.4106705146705143,0.4267709563164108,0.28181818181818186,0.4072836583706147,0.2391919191919192,0.3473574485479247,0.23585858585858585,0.3611308444641771,0.32227032227032215,0.3166379176379177,0.35725940725940725,0.39125652125652133,0.370934620934621,0.4147198083778963,0.3951492951492952,0.38100885225885217,0.33179977916820014,0.41066318602032903,0.4282581913884435,0.376984082533282,0.4595561072341259,0.40401200107082463,0.4360694064043345,0.44519418203628736,0.45020536518512205,0.2711538461538462,0.45939347202505104,0.3471052631578947,0.42677232754632144,0.5222672064777328,0.4252582986329115,0.5222672064777328,0.3807146941495972,0.3412280701754386,0.4082897759011122,0.5222672064777328,0.4444755050018208,0.4461575948418055,0.4632733007733008,0.47571951857666145,0.45786891679748815,0.4262218903277076,0.466076516076516,0.4148954564095678,0.46119880119880124,0.504897276636407,0.4372661753995525,0.4862408424908425,0.4406959409950715,0.5043425173859957,0.4374844029988886,0.5176923076923077,0.43134316325999866,0.4511301044634379,0.4484820625281152,0.4031520958613093,0.42576338281601445,0.41796264257336946,0.49297086355909886,0.36270398820165234,0.42055792972459627,0.478960173813115,0.4127003296686551,0.43418733590302216,0.3691991760103214,0.4565890765581168,0.5247715247715247,0.4250497087478516,0.4480987266701552,0.403175164973523,0.5337501874343978,0.4051748762932972,0.46279159437054174,0.4346701289057182,0.5176137702453494,0.395766124713493,0.5004858299595142,0.4387539361223572,0.5147526005649574,0.3928779048212244,0.45240879977722087,0.4684347434919517,0.480508964719491,0.4776483095959207,0.4969786244457297,0.48189624665764613,0.5007880277617119,0.47575814275274464,0.5116838570785939,0.4695341289912273,0.4594954266006897,0.4313619356303786,0.49301384054351033,0.4838300772400729,0.47669228898773336,0.5279248786988725,0.4747940386067317,0.5279248786988725,0.4912825269030409,0.5279248786988725,0.4582089157263268,0.5279248786988725,0.476716423640735,0.507144163026516,0.4718828975126771,0.48194594076947017,0.4529937980569178,0.4847537266654914,0.4744755310826744,0.4840262572040066,0.4767255229851139,0.4276687684802697,0.5134477722713017,0.46522637040188186,0.48032392444157157,0.4915738625651864,0.5134477722713017,0.4798515128273623,0.5057335754814746,0.47406881197860923,0.5047266459031164,0.4748130591162275,0.44399790024790026,0.48014479784694114,0.5027911132077798,0.4623946211706536,0.47668398772944237,0.4997866839043308,0.44368929658549144,0.37683150183150177,0.44351094868524776,0.47920049857549846,0.4389450022106909,0.3836209985666507,0.44653078118314654,0.41460413016934755,0.5012309539200296,0.418918437883955,0.5208363115361085,0.4822581250167459,0.5014652014652015,0.4849972401357586,0.5449797956317807,0.47284787419241225,0.46603816640366336,0.4782879831775317,0.528081045656043,0.4540971139587059,0.5359459237079249,0.423885359037217,0.41587301587301584,0.49122033930154857,0.46249610955493303,0.46353290337100883,0.42458362655406984,0.4620805912977195,0.4849746586199788,0.4683067405514521,0.4888447971781304,0.47554444418786973,0.4978448275862069,0.48000950672417136,0.4464285714285713,0.5072568078630983,0.4940935501280328,0.411564825269157,0.5073714450990098,0.38278979178292727,0.4409185133778194,0.49319961832455583,0.5309037117186614,0.5348557426090088,0.5438158265744472,0.4409626300280432,0.5569070010449321,0.4307651440763905,0.48186474171695837,0.4278043092743877,0.4792224733070921,0.42273022421109063,0.4249971946707828,0.5115878903310845,0.3488544963213482,0.4713291668448959,0.37089004290750993,0.47060301768597296,0.30674540851928644,0.4586594865824253,0.4554341873761112,0.445990536256169,0.5198163905060457,0.32530426748010793,0.4598949262742366,0.359017677008889,0.4814875158114723,0.3748061957394274,0.4353912619611349,0.46573160522343826,0.4620035197712148,0.4770116470207214,0.39712378189465325,0.46530846923521374,0.5070649455404447,0.39866361917767823,0.5006539533263671,0.41698746963409394,0.5085456615458884,0.413343424573007,0.4940870910698497,0.4379571538500051,0.516927459275928,0.45760957044170264,0.4843689771275979,0.48498538609483133,0.484535674489246,0.4704391047062757,0.4108094519859226,0.49091771973201914,0.5015576920947764,0.4774844651849206,0.4961585699277514,0.44522488897343593,0.505019277397794,0.39269529788199853,0.5110440416834279,0.4995737425404946,0.3712251646389104,0.482360691312098,0.4812601720530113,0.5429667519181586,0.4615409207161129,0.47089824071921255,0.4437458994818123,0.5035982772555663,0.43292474220863003,0.5350499883747966,0.45954307122452587,0.5171014492753623,0.46811527416015475,0.5988989271597966,0.4420870192609322,0.5372186819391788,0.6048155467720686,0.6048155467720686,0.41916363092793324,0.566608801826193,0.433507867836578,0.560802144715188,0.43886512511698145,0.5387318545931696,0.45075630040391573,0.4915467945902732,0.48870070169697954,0.5455019311281171,0.38851738758636517,