{"min_species_distances":[-1.0,-1.0,-1.0,-1.0,-1.0,0.0,0.1111111111111111,0.0,0.0,0.1111111111111111,0.0,0.09090909090909091,0.0,0.0,0.0,0.0,0.0,0.0,0.0,0.0,0.0,0.0,0.0,0.0,0.0,0.0,0.0,0.0,0.0,0.0,0.15384615384615385,0.0,0.0,0.0,0.0,0.0,0.0,0.0,0.0,0.0,0.0,0.0,0.0,0.0,0.0625,0.0,0.08333333333333333,0.0,0.0625,0.0,0.0,0.0,0.0,0.0,0.0,0.07692307692307693,0.0,0.3888888888888889,0.0,0.0,0.0,0.0,0.0,0.42105263157894735,0.0,0.07692307692307693,0.043478260869565216,0.07692307692307693,0.0,0.0,0.0,0.0,0.0,0.0,0.10526315789473684,0.0,0.0,0.0,0.0,0.0,0.0,0.0,0.0,0.0,0.0,0.0,0.0,0.05,0.0,0.0,0.0,0.47619047619047616,0.0,0.045454545454545456,0.0,0.0,0.0,0.0,0.0,0.0,0.0,0.0,0.0,0.0,0.0,0.0,0.0,0.0,0.0,0.0,0.0,0.0,0.0,0.0,0.0,0.0,0.0,0.0,0.0,0.0,0.0,0.0,0.0,0.0,0.0,0.0,0.0,0.0,0.0,0.0,0.0,0.0,0.0,0.0,0.0,0.0,0.0,0.0,0.0,0.0,0.0,0.041666666666666664,0.0,0.0,0.0,0.058823529411764705,0.5357142857142857,0.0,0.2222222222222222,0.0,0.0,0.0,0.07142857142857142,0.0,0.05263157894736842,0.0,0.06666666666666667,0.0,0.0,0.0,0.0,0.0,0.0,0.0,0.0,0.36363636363636365,0.0,0.0,0.0,0.11764705882352941,0.0,0.05555555555555555,0.0,0.08333333333333333,0.0,0.16666666666666666,0.0,0.0,0.0,0.0,0.0,0.0,0.0,0.0,0.0,0.0,0.038461538461538464,0.0,0.38461538461538464,0.0,0.38461538461538464,0.0,0.37037037037037035,0.0,0.37037037037037035,0.0,0.37037037037037035,0.0,0.058823529411764705,0.0,0.03571428571428571,0.0,0.08333333333333333,0.0,0.03571428571428571,0.0,0.06896551724137931,0.0,0.0,0.12,0.043478260869565216,0.058823529411764705,0.0,0.37037037037037035,0.07407407407407407,0.0,0.03571428571428571,0.0,0.0,0.0,0.15789473684210525,0.0,0.22727272727272727,0.0,0.0,0.0,0.0,0.0,0.0,0.0,0.0,0.0,0.0,0.0,0.0,0.0,0.0,0.04,0.0,0.41379310344827586,0.0,0.0,0.0,0.0,0.18181818181818182,0.0,0.0,0.0,0.2608695652173913,0.0,0.05263157894736842,0.0,0.05263157894736842,0.0,0.21739130434782608,0.0,0.041666666666666664,0.0,0.0,0.0,0.2916666666666667,0.0,0.28,0.0,0.0,0.0,0.0,0.0,0.0,0.0,0.0,0.0,0.0,0.0,0.12,0.0,0.4375,0.0,0.4375,0.0,0.0,0.0,0.0,0.0,0.05263157894736842,0.0,0.04,0.0,0.0,0.0,0.0,0.0,0.0,0.0,0.0,0.0,0.0,0.0,0.0,0.0],"total_num_species":[1,1,1,1,1,14,5,42,12,9,52,11,8,41,9,37,10,19,9,28,10,13,4,15,3,19,4,12,4,17,4,14,5,15,7,15,5,10,6,6,9,14,6,23,6,24,7,30,9,22,9,29,11,6,18,6,25,5,34,7,28,6,16,5,18,6,15,6,15,7,18,9,9,19,8,17,9,14,9,28,9,30,10,10,11,7,26,7,24,10,11,5,26,6,35,7,25,7,19,8,35,9,25,11,6,20,5,20,5,16,5,17,4,21,5,26,6,29,6,23,9,20,9,12,8,11,9,18,7,13,7,25,8,14,6,13,7,21,9,9,7,7,8,44,10,11,5,29,6,24,7,24,6,36,7,34,6,38,8,40,7,38,9,32,12,6,15,7,22,7,22,7,18,7,17,7,13,9,19,10,9,17,9,20,9,13,8,15,7,13,7,13,7,11,7,14,7,12,8,20,8,15,8,16,9,14,9,17,10,8,12,8,14,7,9,13,9,18,9,25,9,24,9,19,11,8,15,9,16,9,14,9,16,8,15,8,22,8,16,7,12,7,8,13,8,16,9,12,7,28,8,34,8,36,8,30,8,33,8,29,7,39,8,34,9,26,9,29,10,14,7,16,7,21,7,18,5,18,6,12,7,22,7,22,6,17,9,17,9,21,10,12,7,16,8,28,7,20,7,34],"avg_species_distances":[-1.0,-1.0,-1.0,-1.0,-1.0,0.1334379905808477,0.2611111111111111,0.23659688807772572,0.2917087542087542,0.35631313131313136,0.3397729993318259,0.36875114784205687,0.360273654916512,0.3437060060535698,0.3429292929292929,0.3759121675788385,0.40217412217412224,0.38149608675924473,0.32606282606282605,0.380688645569598,0.4000666000666001,0.4166585551200933,0.3333333333333333,0.42015603444174887,0.0,0.37178963823700684,0.2857142857142857,0.4374360487996852,0.3125,0.45611778468071723,0.4987179487179487,0.3808504575919438,0.419327731092437,0.36612421891833696,0.467121292961629,0.3983923825940639,0.47359477124183014,0.4732010582010584,0.4916153127917833,0.4916153127917833,0.4302062384782972,0.449336724724147,0.4916153127917833,0.43182708524780145,0.5050502765208648,0.4422036749482401,0.5054621848739496,0.45903907245185116,0.4959123506304879,0.4088842873672595,0.4817084241103848,0.43445342473923176,0.49046060297397226,0.5290631808278867,0.45956189735651654,0.5274811463046757,0.4600505943923461,0.5658169934640522,0.46010780407737356,0.44183006535947705,0.4483654315689247,0.5271138630890952,0.39010039173309785,0.5643550051599588,0.36906708648663183,0.524206292503506,0.4357776515523182,0.524206292503506,0.46128611745114656,0.527595459236326,0.42684390567107794,0.5125203531705079,0.517380420004259,0.4258881113746415,0.5198263121037888,0.4196176210422249,0.5219056833259621,0.46926854007459995,0.5146880784477533,0.4318825991026104,0.5175167937545389,0.4353449219640275,0.5255957757379663,0.5156743834903076,0.48646404901200613,0.5053767998427441,0.44881780856579045,0.5324309548380756,0.44736677083583876,0.49411850705194366,0.5098748631829126,0.5701225490196078,0.45420449960343656,0.5406877599524658,0.4721859828210618,0.5158607382346878,0.4787519001752748,0.48401027077497666,0.45933786509529284,0.5306049692604314,0.4726459206745909,0.45923202614379083,0.4863970193749605,0.5013121281570483,0.4737656678833148,0.4511590212906001,0.5345238095238096,0.49227707788279584,0.5071428571428571,0.4931307298534,0.5227272727272727,0.5029714085551011,0.49780701754385964,0.474238734431242,0.2785714285714286,0.46882855837972987,0.39393939393939387,0.40105633323822937,0.49522397891963105,0.4710946777172931,0.5273550724637679,0.4260566175163312,0.5065556183182678,0.5186131336245753,0.5190987626934832,0.49696276263781974,0.46332093821510295,0.5141956333143236,0.5314201364926002,0.480387842515989,0.5300575311063488,0.46719305643691506,0.46195652173913027,0.5343956192605176,0.5616977225672878,0.4652989078046288,0.4477513227513227,0.45595886714716394,0.49891448125143767,0.5322480650860868,0.5709622140236719,0.5426661892827307,0.5726447815968491,0.5093251140495361,0.5522259816207185,0.5316336817168508,0.6188966165413532,0.4840781308664241,0.5819076858813701,0.4842294595183613,0.5425716075904047,0.4301036710132826,0.5860989974937342,0.4689189277873114,0.5463772255313609,0.49540223940820843,0.5805997239475499,0.5122581860289162,0.5159688331854482,0.4980315553686599,0.5530395794681509,0.504025818512552,0.5257055992253361,0.4974737040421855,0.5067123904803331,0.588538961038961,0.4764841649578492,0.5145573348956808,0.44800944149810346,0.5196158463385354,0.4183534813777998,0.49827239108203675,0.4616169040661292,0.5251261057782798,0.4094478529030769,0.5446015613096359,0.5033541554353577,0.4887287078863166,0.4456780397479013,0.5150785605414762,0.5233681143735492,0.41709134492035177,0.5172111905807559,0.37740856384159627,0.5077374678461636,0.4485982815138823,0.5385850174670052,0.3915000688833356,0.5550968010595339,0.4110077572983336,0.556269684005816,0.44273237144541755,0.5538239088496217,0.48978184138424447,0.5538239088496217,0.43973140891381984,0.5525397083999233,0.4880609835711997,0.5374810440631123,0.37405675903537305,0.5322209920136187,0.4246263339460849,0.5241607123461961,0.3904707024063955,0.5117926038848978,0.47613980083867286,0.5305078681566446,0.44412132886713707,0.45556860126004584,0.5164044327408382,0.4785239827426066,0.5378170655684886,0.4329683873296141,0.5450913125106673,0.4902425992300544,0.45816852863542196,0.5134579764151606,0.4193199576155531,0.4937642488990472,0.40163044433045963,0.5105040388932579,0.40926595686097006,0.49133171338816495,0.3958935042344783,0.45181757713398407,0.5142534166797236,0.4339116247307474,0.4939260711994303,0.44382278421470533,0.4939260711994303,0.42883960389502207,0.47181189330830225,0.4063077848187099,0.5074029256801782,0.4073697527428858,0.48596567040671595,0.39074576038472675,0.512442002287664,0.382281405064166,0.5314940534684693,0.4421015420201957,0.5046524850751768,0.48404526097300665,0.3800721247843036,0.4802014536864853,0.3233949522249927,0.46304139377663095,0.464304411548165,0.5070239202850316,0.4300126977680394,0.4864761831917049,0.4302874172222172,0.48427175102281944,0.42327290454800737,0.4789429649067623,0.4082322151737242,0.4767257527710718,0.38934233467547014,0.4859580943250298,0.43919085240163946,0.5041078992691895,0.39566092465567604,0.47887862473547954,0.4162706080894196,0.4618718721541302,0.396749579751963,0.4641433958067023,0.44399490752755694,0.43830745353495776,0.37853363003589274,