{"min_species_distances":[-1.0,-1.0,-1.0,-1.0,-1.0,0.14285714285714285,0.0,0.125,0.125,0.0,0.0,0.0,0.0,0.0,0.0,0.0,0.07142857142857142,0.0,0.0,0.0,0.0,0.0,0.0,0.0,0.0,0.0,0.14285714285714285,0.0,0.5,0.0,0.0,0.0,0.0,0.0,0.0,0.0,0.05555555555555555,0.0,0.07692307692307693,0.0,0.0,0.0,0.1111111111111111,0.0,0.23529411764705882,0.0,0.0,0.0,0.0,0.0,0.0,0.0625,0.0,0.0,0.0,0.08333333333333333,0.0,0.09090909090909091,0.0,0.058823529411764705,0.4117647058823529,0.0,0.0,0.0,0.0,0.0,0.0,0.0,0.0,0.0,0.0,0.0,0.0,0.05263157894736842,0.0,0.05263157894736842,0.0,0.0,0.0,0.0,0.0,0.0,0.0,0.0,0.0,0.0,0.0,0.0,0.0,0.0,0.0,0.0,0.0,0.0,0.5333333333333333,0.0,0.5333333333333333,0.0,0.5333333333333333,0.0,0.3333333333333333,0.0,0.07692307692307693,0.0,0.07692307692307693,0.0,0.2,0.0,0.2,0.0,0.0,0.0,0.0,0.2,0.0,0.0,0.0,0.17391304347826086,0.0,0.0,0.0,0.0,0.0,0.0,0.0,0.0,0.0,0.4,0.0,0.0,0.0,0.0,0.0,0.0,0.0,0.0,0.0,0.36,0.0,0.047619047619047616,0.0,0.07692307692307693,0.0,0.0,0.0,0.0,0.045454545454545456,0.0,0.0,0.0,0.0,0.0,0.0,0.0,0.36,0.0,0.0,0.0,0.0,0.0,0.0,0.0,0.0,0.0,0.0,0.0,0.0,0.0,0.0,0.0,0.0,0.0,0.0,0.07142857142857142,0.0,0.0,0.0,0.037037037037037035,0.0,0.0,0.0,0.0,0.0,0.0,0.0,0.0,0.0,0.0,0.0,0.0,0.0,0.0,0.10526315789473684,0.0,0.05555555555555555,0.0,0.0,0.0,0.1111111111111111,0.0,0.0,0.09090909090909091,0.09090909090909091,0.0,0.0,0.09090909090909091,0.0,0.0,0.0,0.0,0.0,0.0,0.0,0.0,0.0,0.0,0.0,0.0,0.0,0.0,0.0,0.0,0.0,0.0,0.0,0.0,0.0,0.0,0.0,0.0,0.0,0.0,0.0,0.0,0.0,0.0,0.0,0.0,0.0,0.0,0.0,0.0,0.0,0.0,0.0,0.1111111111111111,0.0,0.05263157894736842,0.3157894736842105,0.0,0.0,0.0,0.3157894736842105,0.0,0.23529411764705882,0.0,0.07142857142857142,0.0,0.15789473684210525,0.0,0.0,0.0,0.0,0.0,0.0,0.041666666666666664,0.0,0.0,0.0,0.0,0.0,0.0,0.0,0.0,0.0,0.0,0.0,0.0,0.0,0.0,0.0,0.0,0.0,0.0,0.0,0.0,0.0,0.0,0.0,0.0,0.0,0.0,0.07142857142857142,0.0,0.0,0.0,0.0,0.0,0.0,0.0],"total_num_species":[1,1,1,1,1,5,80,24,12,9,45,12,9,21,10,15,9,21,9,17,9,18,9,16,10,13,3,18,4,13,4,11,3,19,4,18,4,9,6,5,7,54,10,13,5,30,6,26,8,30,12,8,21,9,22,9,25,9,17,11,4,34,7,45,8,29,11,5,23,7,21,7,16,6,21,5,17,7,20,6,16,7,14,7,11,8,8,6,6,14,6,11,6,11,4,11,4,11,4,13,5,18,6,12,6,10,6,34,6,54,9,69,11,7,31,8,26,8,27,9,38,8,37,9,23,10,11,6,27,8,20,7,24,8,24,6,26,6,23,6,19,9,33,10,8,14,8,22,9,19,7,30,8,30,6,29,6,31,9,34,10,9,17,10,14,5,27,5,27,6,19,5,26,5,25,6,32,6,20,6,12,7,14,8,9,8,10,10,13,8,24,10,9,18,9,17,8,16,9,18,9,11,9,15,10,9,18,9,15,9,23,11,8,32,9,24,11,6,23,7,18,8,26,6,23,6,25,6,17,6,12,5,15,6,14,6,10,8,8,7,32,8,42,8,62,7,71,11,6,22,7,22,6,24,6,26,8,31,8,36,9,48,9,32,11,8,14,7,25,9,16,9,14,9,15,11,5,28,7,22,8,24,7,21,8,20,7,20,5,23,6,24,6,25,7,17,7,25,7,20],"avg_species_distances":[-1.0,-1.0,-1.0,-1.0,-1.0,0.14285714285714282,0.1317981464737789,0.2160326086956522,0.29067460317460303,0.313888888888889,0.2659633492209283,0.34548515457606355,0.38299663299663306,0.34400192400192364,0.3814814814814814,0.3608946608946606,0.37037037037037024,0.38685631828488937,0.39926832426832426,0.3747009118332646,0.3158961408961409,0.358222822928705,0.39206071706071705,0.41499195249195214,0.41172679172679166,0.4411460334537258,0.3142857142857143,0.4187652761182169,0.53125,0.37313434428819026,0.42857142857142855,0.43098577002320304,0.3333333333333333,0.37127687127687126,0.3333333333333333,0.3951146412219077,0.3312227668845316,0.3047509407803526,0.46783445312857075,0.48004936240230356,0.4776234257658406,0.4305969945415388,0.4534896476072948,0.4440503689372471,0.52349376114082,0.38737764151557263,0.46223580341227394,0.4262489365837781,0.4797130973601561,0.42391347496317106,0.4768382496781033,0.4662637782385682,0.42990354860710916,0.44200407435701555,0.4287137802296023,0.47872088650274924,0.42619739410915863,0.501439464674759,0.42962468527142567,0.480929785572341,0.4994270435446906,0.4616741641349372,0.4655195411497931,0.44447530210489855,0.4480313864676305,0.4654266782809605,0.49307163424810496,0.22333333333333338,0.4792346434020958,0.41595441595441585,0.4779047619047624,0.26388888888888884,0.46650228937729005,0.37527910685805427,0.44109503533961747,0.47738863089095285,0.46427878678094975,0.49994053049646,0.4336278186246304,0.43572984749455324,0.3461171310629521,0.4598751781414319,0.4789874593997301,0.5049598867576874,0.504460857103112,0.47278814266643876,0.4720925877913174,0.46678765880217793,0.46508205998868146,0.3406909688258221,0.46923976608187135,0.3304306220095695,0.5192982456140351,0.3063317384370016,0.6093567251461988,0.3327432216905903,0.6093567251461988,0.37422647527910685,0.6093567251461988,0.43679510248336184,0.5536842105263158,0.36698640769848184,0.5144264507422401,0.40572424651372013,0.5144264507422401,0.4500162800162799,0.5222222222222223,0.3936149050207598,0.5212280701754386,0.4408297969888681,0.5059909738113397,0.4283467898017997,0.49037878787878786,0.5124600717479975,0.44998394992637225,0.5138157894736843,0.460666628946949,0.5031338736867744,0.47448352082982087,0.4621652976271139,0.4545336677123378,0.4977443609022557,0.4585966828729982,0.4713450292397661,0.46420883104856264,0.49317652693192987,0.5019725981282045,0.5431172839506172,0.44232324242070903,0.4645301870748299,0.4690443937454279,0.4797619047619047,0.43742560154411825,0.4377763605442177,0.4608044506027911,0.5091447368421053,0.44604702436564797,0.5509780701754387,0.4026688231849978,0.5084899749373434,0.42516728183356417,0.49632170156841204,0.39450861434127465,0.4595941134888503,0.4834219273833935,0.46139753625655894,0.49305338223806267,0.41393880859021004,0.47823963317384366,0.4433528135031313,0.4962505696058327,0.42891627107857705,0.4791949568288854,0.41449029660064973,0.5425311004784689,0.4160801297504095,0.5445687645687645,0.4200844344801811,0.4725666769824377,0.39998468625929817,0.4734854873069975,0.46240351586818984,0.46522991015888365,0.46619507420708794,0.44904101685148173,0.5769711538461538,0.45239703570661405,0.5291032608695653,0.44849452324963673,0.4805816405816406,0.4540897383638301,0.5400757575757577,0.4593003337315256,0.5396428571428571,0.452358836681301,0.5135497835497835,0.4295047150170739,0.52004884004884,0.4007846204985793,0.4832627276105537,0.4792749659728269,0.5359710550887021,0.44228789740748375,0.4958653461384552,0.4324042518241864,0.508938742163532,0.5146541480789847,0.5167456513469586,0.49948971026459743,0.5282016439054255,0.4374780749940598,0.4927964918160998,0.4793615529382644,0.4289971297160845,0.4837260521492547,0.4196694037091969,0.502068883108799,0.42984000794049865,0.4954038714251132,0.4404308755570422,0.5006267939274475,0.48117112536898643,0.5006201133652114,0.44096069758755935,0.4997218900555674,0.4948467890611853,0.39497724087810954,0.5096894833306941,0.4299149798082478,0.5072641093474427,0.426900285210561,0.45712743683331936,0.5177696078431372,0.4267516191253006,0.47979108309990665,0.4439569996686179,0.4770866521080427,0.36269841269841263,0.43391449274674115,0.4585789871504156,0.46896120098734545,0.5009993313564741,0.44645590109135214,0.5288091404033433,0.41428420350915546,0.43492063492063493,0.399735905432679,0.4706339586339585,0.3206434088787033,0.47821067821067825,0.3792535747081203,0.48095238095238085,0.4017861469869752,0.4762539682539682,0.4187679956041632,0.4526666666666666,0.46383888035500936,0.4979591836734693,0.49287469826640334,0.5171712018140588,0.445016566670365,0.5004955611276768,0.43489158408058215,0.498752971618755,0.44966915485960446,0.513917721210348,0.43166740752760996,0.4199475068413948,0.5354428005497615,0.32732328744637745,0.5140741639043847,0.3221490371971533,0.5354428005497615,0.3259734928989591,0.543107677479594,0.3498421538047817,0.4883056877636066,0.41816338133931763,0.4825649403147584,0.4032983914624765,0.46274674140548505,0.3781038285875767,0.4772992292559354,0.38392437891603376,0.4421124286341677,0.4773372308250088,0.411617025162354,0.5010789261941335,0.37280879493119123,0.46639676631612126,0.3900680250234576,0.4715631696724886,0.4121272295784879,0.47697891229141237,0.4223444364277698,0.46089829026192664,0.425,0.41830508906342023,0.47165532879818595,0.43219852101623596,