{"min_species_distances":[-1.0,-1.0,-1.0,-1.0,0.0,0.14285714285714285,0.0,0.125,0.1111111111111111,0.0,0.18181818181818182,0.0,0.0,0.0,0.0,0.0,0.0,0.0,0.0,0.0,0.3888888888888889,0.0,0.0,0.0,0.0,0.0,0.0,0.0,0.0,0.0,0.0,0.0,0.0,0.0,0.0,0.09523809523809523,0.0,0.07692307692307693,0.0,0.045454545454545456,0.0,0.0,0.0,0.08695652173913043,0.0,0.0,0.0,0.14285714285714285,0.0,0.0,0.0,0.0,0.0,0.0,0.0,0.0,0.0,0.0,0.0,0.0,0.0,0.0,0.0,0.6666666666666666,0.0,0.1111111111111111,0.0,0.0,0.0,0.0,0.0,0.10344827586206896,0.0,0.0,0.0,0.1111111111111111,0.0,0.13333333333333333,0.0,0.0,0.38461538461538464,0.0,0.0,0.0,0.0,0.0,0.0,0.125,0.0,0.0,0.0,0.0,0.0,0.0,0.0,0.0,0.0,0.0,0.0,0.0,0.0,0.0,0.0,0.043478260869565216,0.0,0.0,0.0,0.0,0.0,0.0,0.0,0.0,0.0,0.0,0.0,0.0,0.0,0.0,0.0,0.0,0.0,0.0,0.0,0.0,0.0,0.0,0.0,0.0,0.0,0.0,0.0,0.0,0.0,0.0,0.041666666666666664,0.0,0.38461538461538464,0.0,0.0,0.0,0.0,0.0,0.0,0.1111111111111111,0.0,0.07142857142857142,0.0,0.07142857142857142,0.0,0.0,0.2,0.0,0.041666666666666664,0.0,0.0,0.0,0.0,0.0,0.0,0.0,0.0,0.0,0.0,0.0,0.0,0.0,0.0,0.0,0.0,0.0,0.0,0.0,0.0,0.0,0.0,0.0,0.0,0.0,0.0,0.0,0.0,0.0,0.0,0.0,0.0,0.0,0.125,0.375,0.0,0.0,0.0,0.07142857142857142,0.0,0.1111111111111111,0.0,0.125,0.375,0.0,0.125,0.0,0.0,0.0,0.0,0.0,0.0,0.0,0.041666666666666664,0.0,0.0,0.0,0.0,0.0,0.0,0.0,0.0,0.0,0.0,0.0,0.0,0.0,0.0,0.0,0.0,0.0,0.0,0.0,0.0,0.0,0.10344827586206896,0.0,0.0,0.0,0.0,0.0,0.0,0.0,0.0,0.0,0.0,0.0,0.0,0.06896551724137931,0.0,0.15384615384615385,0.0,0.058823529411764705,0.0,0.1111111111111111,0.0,0.1875,0.08333333333333333,0.0,0.0,0.0,0.0,0.0,0.26666666666666666,0.0,0.0,0.0,0.08333333333333333,0.0,0.0,0.47619047619047616,0.15384615384615385,0.05555555555555555,0.05555555555555555,0.3888888888888889,0.0,0.26666666666666666,0.0,0.0,0.0,0.0,0.0,0.3125,0.0,0.11764705882352941,0.0,0.0,0.0,0.0,0.0,0.0,0.0,0.0,0.0,0.0,0.0,0.0,0.0,0.0,0.0,0.0,0.0,0.5517241379310345,0.0,0.0,0.0,0.0],"total_num_species":[1,1,1,1,2,8,128,30,15,13,9,25,12,8,24,8,25,11,7,15,4,14,4,17,5,18,5,8,16,8,13,9,19,9,10,8,13,7,19,8,10,10,11,9,17,10,11,7,30,7,31,9,15,11,6,34,9,27,8,24,9,30,13,2,20,3,7,6,6,6,11,6,12,7,12,6,33,8,24,11,6,21,8,20,9,28,11,8,25,9,20,8,25,9,22,7,28,10,11,4,25,4,20,7,21,6,11,7,16,8,15,6,20,7,24,7,14,8,13,7,11,7,12,7,11,5,27,7,10,7,7,13,8,15,6,13,6,13,8,12,8,16,10,9,12,9,18,9,19,11,7,16,8,15,9,15,9,19,9,21,11,5,21,5,20,6,22,7,21,7,24,7,17,7,20,8,27,10,7,9,7,10,7,10,9,66,15,6,30,8,30,9,25,9,24,11,7,20,9,22,9,20,9,26,10,12,8,32,9,16,10,9,13,12,6,17,6,13,7,18,8,23,8,23,7,19,8,16,6,12,6,14,8,11,7,10,9,8,8,9,41,9,77,8,82,11,10,9,18,10,9,17,10,18,8,14,8,20,8,22,9,24,11,7,9,9,11,8,17,9,18,10,10,10,11,9,24,10,10,10,10,12,7,22,10,10,11,6,23,7,15,7,24,5,16,3,16,5,14,5],"avg_species_distances":[-1.0,-1.0,-1.0,-1.0,0.0,0.14285714285714282,0.15160556102362083,0.21851395730706089,0.2865079365079361,0.3403133903133902,0.4090909090909092,0.3491919191919193,0.3932807091898,0.36938061938061933,0.3963485789572748,0.4025974025974025,0.4334124911036674,0.42836052836052835,0.3282201769596727,0.44359529359529415,0.5092592592592592,0.4242173095845741,0.3214285714285714,0.44832303113553107,0.4267857142857142,0.41710838181426463,0.4214285714285714,0.44732469911041334,0.36354508065034347,0.4221938775510204,0.3937191351158963,0.4443319838056681,0.36533551602803677,0.5038075959128592,0.5120686331212647,0.5476739582472664,0.5006893757191453,0.5362563918954896,0.4586080387123243,0.5510465724751438,0.5259842826019298,0.5345034595034596,0.538771228771229,0.5663675260595551,0.5049810591657473,0.5479262204752401,0.5425483762149654,0.5486861411231158,0.5116934350790948,0.5050849771346665,0.5204201643507388,0.5022646879264526,0.5024817157059529,0.49213139801375116,0.5320212295444494,0.5283025109229958,0.5190157709507556,0.5158786114420381,0.5275848351036321,0.5197661505584844,0.4677434326557133,0.5244006124949853,0.517003856342588,0.6666666666666666,0.49550524421715586,0.5037037037037037,0.3880474997016351,0.5592022792022793,0.4888156288156288,0.4846886446886447,0.4995561804966192,0.5804890894546068,0.4687175618993801,0.5653758939473225,0.47989737535192073,0.5673607873607874,0.36431602945121805,0.5313519813519814,0.36566764555895065,0.44988344988344997,0.5735897435897436,0.3810024102881252,0.5202773417059131,0.40501618264776207,0.4717134717134717,0.39136674612865135,0.4638764266036995,0.5448439952904238,0.42049893162393187,0.5041259666259665,0.5043684771906194,0.5129464285714286,0.49353167665667674,0.536838624338624,0.4626316688291481,0.547848028100129,0.4838950390654404,0.5144055399937754,0.4987833517245286,0.35714285714285715,0.5160699972971647,0.3499999999999999,0.5036605269153751,0.5430874617373476,0.48761066922435026,0.5643214756258234,0.5232395566922421,0.5105590062111801,0.4948644971822728,0.5289510006901311,0.4110113540365644,0.5125955204216074,0.5037972979220128,0.4761904761904763,0.4951288131108539,0.5390055539123862,0.507421081334125,0.4881415495259888,0.49125053266929725,0.5579521927348013,0.47861101129875855,0.5589141936968024,0.48883535044342247,0.5245641866759879,0.4973635850315693,0.4695652173913044,0.44956662142652426,0.541313758705063,0.4704589115153571,0.5190050224375169,0.5570560679256331,0.4547121155816812,0.4900550536420102,0.44740071522680297,0.5797891963109354,0.48699621634404267,0.6026260937130503,0.4649577522069164,0.5523628545367677,0.4823819680539049,0.5244654620741577,0.4411576973750896,0.5283033123612831,0.5491872271582413,0.5034958380808181,0.5421795837013227,0.492187624821896,0.5478655415974253,0.48156298316481394,0.48429066585588315,0.5749057705579445,0.4832592315092317,0.5672797070079677,0.5054329071245401,0.5322558922558922,0.5054986699250495,0.5437414210304234,0.4832394082571322,0.545745237049585,0.470831547546324,0.5367223676630791,0.601106719367589,0.4740773112325908,0.5470355731225297,0.5142288920977169,0.5013544137022398,0.5065353573180663,0.5172653433522999,0.4717234157606833,0.5225354355789139,0.49150468970463257,0.5487980216241086,0.4967577534713082,0.5276052449965494,0.5065466397921534,0.45683528428093645,0.47131007909773404,0.5030770208687827,0.47480906372210707,0.5212268776580372,0.5942873022392474,0.5132950905071424,0.5665151790928189,0.4821350013378999,0.5219654875451978,0.38740283384379254,0.42782130912565675,0.608605846649325,0.3106454756304836,0.5565224975162862,0.34419938933101485,0.537155008169501,0.34716008427965034,0.5371613675508604,0.4090456086292944,0.5091872658234213,0.5818159296420166,0.42112443874457633,0.5407634501837401,0.3971140947849017,0.5327830047032945,0.41145735144590956,0.5073296017589496,0.410046325159309,0.5119356150248598,0.5020644958217613,0.5209547698678132,0.43574772723809513,0.5272567964383821,0.4849174828794395,0.5356447417316984,0.5208172966325142,0.4903312876618502,0.5082035866074771,0.5616175886415766,0.496537988566526,0.553327502915209,0.509757804391232,0.5230813164846149,0.4740740548991998,0.5557061098571594,0.464347891641286,0.5584271875051486,0.43664436830042247,0.5789307727088836,0.43985854284809156,0.5503567190924171,0.4490003118029726,0.5951193847520684,0.43201345755693604,0.5558971704623877,0.5059337246604326,0.5137908106386366,0.5382233089249582,0.5738311908351887,0.5245450246657978,0.5336216481706237,0.5325575307584302,0.5345416577425574,0.543717462256526,0.5183476701820047,0.5543067616239363,0.49377279763686277,0.5687975304167209,0.4992509296458632,0.510615818472552,0.5104500574973673,0.5437391469948107,0.4227369181490163,0.5304213515274653,0.5518401560141107,0.42947058244965364,0.5092932640991946,0.4274888074132416,0.5732240139741746,0.46101787341763484,0.574819860994067,0.4155687905377619,0.5764814609963463,0.4072950076575369,0.5554712189082505,0.398713249915011,0.5123347332034166,0.5881660045292515,0.5624125140341298,0.5441258613128562,0.5117783460658816,0.5657787781101125,0.44762111779705893,0.5603868203630823,0.4203586296539818,0.5499785372049241,0.5499785372049241,0.5495868194219019,0.5297194551998967,0.5510239922679845,0.38374707321509455,0.5415164211133874,0.5467407633603948,0.5467407633603948,