{"min_species_distances":[-1.0,-1.0,-1.0,-1.0,-1.0,0.0,0.0,0.125,0.1111111111111111,0.0,0.0,0.0,0.0,0.0,0.0,0.0,0.0,0.0,0.0,0.0,0.0,0.0,0.0,0.0,0.0,0.0,0.0,0.0,0.0,0.0,0.0,0.0,0.0,0.06666666666666667,0.0,0.0,0.0,0.0,0.0,0.0,0.0,0.0,0.0,0.0,0.23529411764705882,0.0,0.0,0.0,0.0,0.23529411764705882,0.0,0.23529411764705882,0.0,0.0,0.0,0.0,0.0,0.0,0.3333333333333333,0.0,0.0,0.0,0.0,0.0,0.0,0.0,0.0,0.0,0.0,0.0,0.07692307692307693,0.0,0.0,0.0,0.06666666666666667,0.0,0.0,0.0,0.0,0.0,0.0,0.0,0.0,0.0,0.0,0.0,0.0,0.0,0.0,0.0,0.0,0.0,0.0,0.0,0.0,0.0,0.0,0.42857142857142855,0.0,0.07692307692307693,0.0,0.0,0.0,0.0,0.0,0.42857142857142855,0.0,0.07692307692307693,0.0,0.0,0.0,0.0,0.0,0.0,0.0,0.0,0.0,0.0,0.0,0.0,0.0,0.0,0.0,0.0,0.0,0.0,0.0,0.0,0.0,0.0,0.13043478260869565,0.0,0.13043478260869565,0.17647058823529413,0.0,0.0,0.2,0.0,0.0,0.0,0.0,0.0,0.0,0.2,0.0,0.2,0.0,0.0,0.0,0.0,0.0,0.0,0.0,0.0,0.0,0.0,0.0,0.0,0.0,0.0,0.0,0.0,0.0,0.0,0.0,0.0,0.0,0.05555555555555555,0.0,0.0,0.0,0.0,0.0,0.0,0.0,0.4166666666666667,0.0,0.16666666666666666,0.0,0.0,0.0,0.037037037037037035,0.0,0.0,0.0,0.037037037037037035,0.0,0.0,0.0,0.0,0.0,0.0,0.0,0.0,0.5,0.0,0.0,0.0,0.047619047619047616,0.0,0.0,0.0,0.0,0.0,0.4482758620689655,0.0,0.4782608695652174,0.0,0.0,0.0,0.0,0.0,0.0,0.0,0.0,0.0,0.0625,0.0,0.0,0.0,0.0,0.0,0.0,0.0,0.0,0.0,0.0,0.0,0.0,0.0,0.0,0.047619047619047616,0.0,0.0,0.43478260869565216,0.0,0.43478260869565216,0.0,0.43478260869565216,0.0,0.43478260869565216,0.0,0.43478260869565216,0.0,0.0,0.2,0.0,0.17391304347826086,0.0,0.041666666666666664,0.041666666666666664,0.058823529411764705,0.0,0.0,0.0,0.0,0.0,0.0,0.0,0.04,0.0,0.25925925925925924,0.0,0.0,0.0,0.0,0.0,0.0,0.07407407407407407,0.0,0.4074074074074074,0.0,0.0,0.0,0.0,0.0,0.0,0.0,0.4074074074074074,0.4074074074074074,0.0,0.4074074074074074,0.0,0.2,0.0,0.2,0.0,0.4074074074074074,0.0,0.4074074074074074,0.0,0.2,0.0,0.4074074074074074,0.0,0.0,0.4074074074074074,0.0,0.4074074074074074,0.0],"total_num_species":[1,1,1,1,1,7,112,24,14,12,5,31,10,15,8,27,8,25,9,24,9,23,10,9,24,10,11,5,15,5,18,7,25,6,21,7,8,9,13,9,16,8,14,10,7,10,11,8,12,7,18,7,17,7,32,9,18,11,5,30,9,24,7,19,7,20,9,18,7,21,8,21,7,19,8,27,6,27,8,21,10,8,17,10,13,6,18,6,23,7,21,7,26,6,22,7,17,6,24,7,15,7,15,7,19,5,25,5,25,5,18,6,20,8,20,7,13,6,11,6,21,9,11,10,8,8,8,7,8,66,8,70,10,9,90,12,8,28,8,46,8,37,11,6,20,7,14,8,20,9,33,8,33,10,11,7,34,7,19,8,21,8,22,7,21,7,18,7,17,8,20,8,14,7,21,6,22,7,18,9,21,8,19,9,18,7,20,8,17,7,26,9,25,12,5,14,6,17,6,13,5,16,5,25,5,11,5,25,6,19,7,22,7,18,6,16,6,17,7,11,7,9,10,10,10,8,8,7,23,8,25,10,10,12,6,19,6,19,6,18,6,15,6,9,20,7,39,8,49,10,12,7,27,8,31,8,37,8,38,8,30,8,38,10,9,16,9,35,10,11,7,23,9,18,9,11,9,13,7,7,13,7,21,7,17,7,20,6,16,6,22,7,16,6,10,12,6,24,6,15],"avg_species_distances":[-1.0,-1.0,-1.0,-1.0,-1.0,0.1224489795918367,0.12534185971685935,0.2200224292615598,0.29644165358451036,0.311952861952862,0.3,0.3476398392527442,0.36202020202020196,0.3922222222222219,0.3039772727272726,0.3995650123855247,0.36201298701298695,0.3882997557997552,0.33564814814814814,0.4036181210094251,0.37987244237244233,0.3815438514055112,0.3772079772079772,0.3787011599511599,0.4069773825208602,0.44325427658760985,0.43139083139083156,0.27238095238095245,0.42408126265269136,0.31150793650793646,0.4131433381433381,0.4133030990173847,0.3571176046176039,0.4578858614152731,0.4313304311623634,0.4618574702608315,0.4686634941057764,0.4624489526450311,0.45094739138856793,0.4635901498646596,0.4212979232096882,0.4818516421720202,0.4699982790318927,0.4738460232577881,0.5214352407629718,0.44687950393832726,0.4757513253235181,0.5026341305753069,0.4579207037763192,0.5297426216863557,0.4371392656427256,0.5218554088301987,0.46965711804055216,0.5192410297452313,0.44826374836159044,0.5130165313988844,0.46508216888839765,0.5097654689726302,0.5190196078431372,0.4438803554270093,0.47908269789397245,0.4472299850093697,0.4424077323236987,0.440970534262588,0.5013549279360867,0.4334045700104042,0.4713069438301637,0.44563780580899515,0.4664916258901221,0.45544312821844934,0.4767493367117427,0.4552340936374552,0.460786887854557,0.45222030537874347,0.4590839979716583,0.44922580318177097,0.5146395400265369,0.4486518794052325,0.45889934921336956,0.4799412432148044,0.4885925697587205,0.44168121794172216,0.481027188528099,0.4621795312816985,0.4801385405100575,0.5248281130634072,0.4095438169306082,0.44733893557422966,0.45894819990211594,0.5191429228696309,0.43863956089193123,0.47551418228109943,0.4486945799902149,0.5362088796871406,0.4416602770132856,0.5161786453711918,0.481828257031851,0.5761375661375662,0.443815770846663,0.4825026164311878,0.48622024216989895,0.5026812099793467,0.4671896294749785,0.5412885154061624,0.4554395988806186,0.5657329598506069,0.45882109683439637,0.520041514041514,0.48251565217485914,0.5219887955182073,0.47920100511219327,0.48584126984126985,0.5055802742149497,0.5079253168572055,0.46021238661669633,0.5388896611276088,0.48092675126730855,0.5150443756449948,0.472141128908931,0.478474945533769,0.4953768453768462,0.47543999936156794,0.5282226076765905,0.4241578892765682,0.5228482972136222,0.49863082074935244,0.5105823908510774,0.5202898937352719,0.5176195023463931,0.4290199902310561,0.5266310634925907,0.43500571932929544,0.5090421299833066,0.5149060880390804,0.4234582653876821,0.4908928089141993,0.5250986183947265,0.44395401140986335,0.49510467344832687,0.433186556545211,0.48364445778311327,0.4088587138504118,0.48303153605939997,0.5395648926237161,0.4118892742692648,0.5063057503703237,0.46074129246840445,0.515334679326276,0.42636026599005244,0.47373028158631875,0.47226829738773024,0.5123551238677289,0.4316694080916217,0.5002892343422101,0.518034588372062,0.5143550753634787,0.44754882639862154,0.4826392779333955,0.48093484732265224,0.4610832794656323,0.43646279346620354,0.5006921999569057,0.42532030683291205,0.5256841198017668,0.47660223900039433,0.5279770882712059,0.47189992631294536,0.5260845363786539,0.47868856154501976,0.5220418835550416,0.4611794797531887,0.5245481492192019,0.4587332659628786,0.5081292976029818,0.46644980323878676,0.5472784525416103,0.47490063385454057,0.525458946511578,0.4864724119028197,0.4992637576848103,0.4654774557831116,0.5395989491235671,0.4548216431438787,0.5115553239161994,0.4863174822664658,0.5514772364234731,0.4653303337684909,0.510058334421662,0.4829436653229036,0.5029713978989341,0.4828580386833855,0.5305193115205378,0.4914684388689761,0.4955176767676768,0.5723856209150326,0.44246296809322017,0.5277160493827161,0.44148468774482985,0.5192914918202274,0.4680815916110036,0.24000000000000007,0.48102384581580193,0.3142857142857142,0.45588947769982224,0.5587513061650993,0.4546530237439328,0.579344375431332,0.4119227249429386,0.491511387163561,0.4366771947435564,0.5077592722912919,0.4148642560579021,0.5306612000122387,0.44755702860695384,0.3831313131313131,0.48008673763358856,0.5589929094592488,0.45307735479160044,0.48136645962732905,0.40323546019198186,0.48136645962732905,0.4673999309868874,0.4787347596043249,0.4984052219921784,0.5038336783988958,0.5203125,0.5203125,0.5268849206349207,0.3693792602680079,0.5189413751770731,0.389805498971311,0.4982670898260143,0.4725169505890328,0.4344249849756144,0.5511154244306418,0.3338230308650282,0.5511154244306418,0.3366783368773259,0.5511154244306418,0.34345624064294156,0.5499159294811469,0.36586620418918586,0.5499159294811469,0.47725155279503095,0.39023095477009234,0.5320202916476207,0.4390748195844772,0.5147233201581028,0.4425022213459677,0.4823719946183715,0.4630505867015123,0.5401784429186695,0.4072109234647929,0.5188385630932215,0.39115027031480876,0.5279518230216989,0.3913381396878512,0.5279518230216989,0.38562943785266046,0.5202471700142508,0.3954500876161834,0.5292033989704799,0.39520438851063494,0.4876104314365184,0.5091412572934311,0.4270178390450133,0.5130354267310788,0.39991946454049626,0.49665908684266163,0.46749678604224065,0.5301277091132164,0.3942091129546014,0.49664641584931435,0.4126879738550842,0.506325940565071,0.47312173114544664,0.4849576684721611,0.41647323422685756,0.5331580121435193,