{"min_species_distances":[-1.0,-1.0,-1.0,-1.0,0.0,0.0,0.2222222222222222,0.0,0.1,0.09090909090909091,0.0,0.0,0.2,0.0,0.0,0.0,0.0,0.0,0.0,0.0,0.0,0.05555555555555555,0.0,0.0,0.0,0.0,0.0,0.0,0.0,0.0,0.0,0.0,0.0,0.0,0.0,0.0,0.0,0.0,0.0,0.0,0.05555555555555555,0.0,0.5789473684210527,0.0,0.55,0.05555555555555555,0.0,0.23529411764705882,0.0,0.0,0.0,0.0,0.0,0.0,0.18181818181818182,0.0,0.18181818181818182,0.0,0.18181818181818182,0.0,0.0,0.0,0.0,0.3333333333333333,0.0,0.045454545454545456,0.0,0.0,0.0,0.0,0.0,0.0,0.0,0.1,0.0,0.06666666666666667,0.0,0.0,0.0,0.045454545454545456,0.0,0.1,0.0,0.0,0.0,0.0,0.05555555555555555,0.0,0.0,0.0,0.0,0.0,0.05555555555555555,0.0,0.0,0.0,0.0,0.0,0.0,0.0,0.0,0.0,0.15,0.0,0.0,0.48148148148148145,0.047619047619047616,0.0,0.3076923076923077,0.0,0.3076923076923077,0.0,0.07142857142857142,0.0,0.0,0.0,0.07142857142857142,0.0,0.0,0.3076923076923077,0.0,0.1875,0.0,0.0,0.0,0.0,0.0,0.0,0.0,0.0,0.0,0.0,0.0,0.0,0.0,0.0,0.0,0.0,0.0,0.0,0.0,0.0,0.0,0.0,0.0,0.0,0.0,0.0,0.0,0.0,0.034482758620689655,0.0,0.034482758620689655,0.0,0.034482758620689655,0.0,0.0,0.0,0.4642857142857143,0.0,0.0,0.0,0.034482758620689655,0.0,0.0,0.0,0.0,0.0,0.0,0.0,0.0,0.0,0.0,0.0,0.0,0.05263157894736842,0.0,0.05,0.0,0.3333333333333333,0.0,0.26666666666666666,0.0625,0.1,0.0,0.0,0.0,0.0,0.1,0.0,0.0,0.0,0.0,0.047619047619047616,0.0,0.0,0.0,0.4482758620689655,0.0,0.1,0.0,0.047619047619047616,0.0,0.047619047619047616,0.0,0.16666666666666666,0.0,0.0,0.0,0.0,0.045454545454545456,0.0,0.045454545454545456,0.0,0.3076923076923077,0.0,0.21428571428571427,0.0,0.07142857142857142,0.06666666666666667,0.1,0.0,0.1,0.1,0.0,0.0,0.0,0.0,0.0,0.05,0.0,0.0,0.0,0.0,0.0,0.037037037037037035,0.0,0.0,0.0,0.0,0.0,0.04,0.0,0.05,0.0,0.09090909090909091,0.0,0.0,0.0,0.0,0.0,0.0,0.0,0.09090909090909091,0.0,0.09090909090909091,0.0,0.0,0.0,0.0,0.0,0.0,0.0,0.48484848484848486,0.0,0.13043478260869565,0.0,0.0,0.0,0.0,0.0,0.0,0.0,0.48484848484848486,0.0,0.0,0.0,0.0,0.0,0.0,0.0,0.0,0.0,0.0,0.0,0.0,0.04,0.0,0.06666666666666667,0.0,0.08333333333333333,0.06666666666666667,0.0,0.0625,0.0,0.0,0.0625,0.0,0.0,0.0],"total_num_species":[1,1,1,1,4,13,7,75,19,16,10,13,6,22,9,28,10,9,19,10,13,6,16,6,27,6,41,8,16,8,23,10,10,10,9,13,8,9,9,11,7,11,5,12,5,8,18,8,37,11,7,21,7,22,7,24,7,24,8,20,9,13,10,7,12,8,12,8,20,8,23,9,22,9,16,9,25,10,11,6,28,8,23,7,28,11,6,27,7,25,9,21,6,18,7,30,7,20,8,13,5,12,4,9,6,5,10,12,6,26,6,25,8,26,7,29,9,29,12,9,16,10,12,8,23,8,17,9,15,8,22,10,8,15,9,24,10,11,5,22,6,18,6,19,6,19,7,23,9,16,6,26,6,13,6,13,5,12,4,14,5,17,7,14,8,15,7,16,8,16,7,9,8,9,12,9,16,9,15,7,17,9,15,9,31,10,10,13,9,16,11,6,14,6,14,7,22,6,16,7,14,8,14,7,15,7,14,7,10,9,9,11,9,28,8,22,9,34,10,11,9,21,10,9,13,10,13,9,14,8,15,9,17,10,11,6,22,6,17,5,14,5,23,5,18,4,18,5,21,7,17,5,25,4,19,4,15,5,14,5,15,4,14,5,16,5,15,6,16,5,19,6,19,5,15,6,15,7,13,7,18,6,9,10,7,10,8,10,9,59,11,8,25,10,10,14,8,15,9,19],"avg_species_distances":[-1.0,-1.0,-1.0,-1.0,0.07142857142857142,0.16231684981684977,0.2685185185185185,0.249305734305735,0.33352826510721234,0.36441077441077413,0.3274747474747476,0.38457653457653435,0.4556954156954156,0.3577286350013626,0.38783670033670026,0.4171091401250138,0.4733575066908403,0.477145231311898,0.38750601250601246,0.4606889406889409,0.47116601975199274,0.5150326797385621,0.5000869432854725,0.47467532467532464,0.4684115812178719,0.417825311942959,0.4775188126873884,0.49263038548752824,0.4706359272535748,0.28571428571428575,0.4721980533739426,0.4107721236642805,0.5144335511982572,0.5007244008714598,0.5307285097274778,0.4829752470038851,0.5051757545123312,0.5107506818516883,0.504942093796583,0.45593582887700546,0.5618818287548939,0.4536505032635064,0.6040247678018575,0.41546237846547474,0.6074458204334364,0.5227608587294567,0.49257645894989255,0.5511008451963783,0.4528127211821739,0.5125093035619354,0.5356967348342845,0.44692447019293513,0.5365704176407404,0.48341507379543663,0.5448524864491251,0.48184970428458784,0.5448524864491251,0.4749982987279395,0.550460638800975,0.48976493063180426,0.5182903969668673,0.46361236802413286,0.49972073677956047,0.5546401894090969,0.5097869154018891,0.5379479064353013,0.5177087134364513,0.5383685292298737,0.4331117771715428,0.5379479064353013,0.49143382386814105,0.5382971875618936,0.4948860691412263,0.5332265229324052,0.4867296506341693,0.5323286758708752,0.43517114062723633,0.5461274909612504,0.5464047724731287,0.5582758531607637,0.49689894549534147,0.5561596377681506,0.4942255789810726,0.5274196635175807,0.48981329010587027,0.5372240490399062,0.5597125806844476,0.49947945404614713,0.4787037037037037,0.5144431253893724,0.43650793650793634,0.472494140690698,0.5109477124183005,0.4915736589880487,0.5245149911816578,0.4542251090124824,0.47936507936507927,0.4573475355054308,0.42362055933484505,0.4493318409985078,0.5801587301587301,0.4752164502164503,0.572530864197531,0.496439594356261,0.5645943562610228,0.5987433862433862,0.5195836359235055,0.498172884090888,0.5855818110720071,0.41920898575197324,0.5855818110720071,0.4455607858296195,0.538820889661226,0.43583607820473785,0.5640855668866873,0.42533421106298624,0.526399118310883,0.4334124593759486,0.5031160705383753,0.5341506759398916,0.48548542182573545,0.522767400655295,0.4953524710504674,0.5453624626178973,0.5083981745301664,0.5599801514808822,0.4749857400970287,0.5405531071371397,0.47221300819441386,0.5620802819141809,0.49342934384558373,0.5536377181779482,0.559163965949356,0.4693188451722343,0.5408970796556611,0.49202943303809793,0.5433036092647078,0.5424409139565958,0.5477443609022556,0.49406498596816295,0.5051948051948052,0.5143820579029446,0.45498619737750173,0.4660461858944334,0.5486675020885546,0.4372655726834729,0.5431099642922305,0.4714521091325758,0.5142857142857142,0.49751241129644036,0.5719369391783186,0.48159895760621707,0.583215106732348,0.42678593588303226,0.5723871460259845,0.4178815074822336,0.5923160173160172,0.47690248348143094,0.6211361737677527,0.4123790672209134,0.4935139573070607,0.4515713281682912,0.5804243703751093,0.4663269352431916,0.5189103384300429,0.45727534091236466,0.5837365918154095,0.43233732376236117,0.5666607301608597,0.4732868544039141,0.5331223030419296,0.45261844781164495,0.5704570034580406,0.5634721600238842,0.5011163345811095,0.5449426945978669,0.4487196282241649,0.5460453903829584,0.4660285756936,0.5840322294016874,0.4076037029231755,0.5450675569641086,0.4585232629986323,0.5505382293313326,0.333101451426258,0.5278708060777024,0.5240896115378872,0.48935639668924874,0.5574181158879434,0.43093949010759325,0.5078706591214429,0.5806849837113528,0.44051561304531417,0.5717800666766184,0.4630542392988062,0.5780950959276081,0.4320757047950748,0.6032150072150073,0.4520032621198947,0.5980632859204288,0.48796134421134457,0.5813642161410018,0.43504116914831203,0.584690527726242,0.47395614306328593,0.5825345289631004,0.47732917875775016,0.5966942383013811,0.5470118646785312,0.5684399551066215,0.5689106341189674,0.5418399908172635,0.5491567460317459,0.4740316340389663,0.5774519352215292,0.479054915587911,0.5525860620754784,0.41831481290898626,0.5165254663973199,0.5299332917273418,0.5681636155606408,0.3908893205642291,0.5510799505804217,0.5570132532418001,0.5245671666843481,0.5267558248387769,0.46362368416346034,0.5211440572605854,0.539155448499741,0.5593614130434783,0.5179230927560448,0.5443003236910561,0.5291785835087423,0.5393912797516919,0.5487552264668971,0.5050606060606061,0.5187434936438124,0.5734331299262649,0.5226712548487668,0.600462962962963,0.5414767051634398,0.5838568840579711,0.4835944346402505,0.5617434210526315,0.5321443074225495,0.6130681818181819,0.521848831126137,0.527151515151515,0.44311673075027175,0.5442890442890442,0.5285549792279339,0.4758461538461538,0.5047240412897704,0.5867791628661194,0.46952213862026815,0.5795327860545253,0.4709431608865298,0.6082549019607842,0.4787854022727974,0.5455128205128205,0.4201926961926963,0.5627777777777778,0.4549136577708007,0.6096153846153847,0.4567233599733599,0.5414183642444511,0.5139652617913489,0.5105555555555557,0.4562954545454549,0.5642857142857143,