{"min_species_distances":[-1.0,-1.0,-1.0,-1.0,-1.0,0.0,0.125,0.0,0.1,0.0,0.09090909090909091,0.0,0.0,0.0,0.0,0.0,0.0,0.0,0.0,0.0,0.0,0.0,0.0,0.0,0.0,0.0,0.0,0.0,0.0,0.0,0.0,0.0,0.0,0.0,0.0,0.0,0.0,0.0,0.0,0.0,0.0,0.0,0.0,0.0,0.0,0.0,0.0,0.06666666666666667,0.14285714285714285,0.14285714285714285,0.14285714285714285,0.18181818181818182,0.0,0.17647058823529413,0.0,0.25,0.0,0.0,0.0,0.0,0.0,0.05,0.0,0.0,0.0,0.0,0.0,0.0,0.0,0.0,0.0,0.0,0.0,0.0,0.0,0.0,0.0,0.0,0.0,0.0,0.0,0.0,0.0,0.0,0.0,0.0,0.0,0.0,0.0,0.0,0.0,0.0,0.0,0.0,0.0,0.0,0.0,0.0,0.05263157894736842,0.5263157894736842,0.5263157894736842,0.0,0.23333333333333334,0.0,0.5263157894736842,0.0,0.23333333333333334,0.0,0.0625,0.0,0.0,0.0,0.0,0.0,0.0,0.0,0.0,0.0,0.0,0.0,0.0,0.0,0.0,0.0,0.0,0.0,0.0,0.0,0.0,0.0,0.3684210526315789,0.0,0.0,0.0,0.35714285714285715,0.0,0.0,0.0,0.1,0.0,0.1,0.0,0.14285714285714285,0.0,0.14285714285714285,0.0,0.0,0.0,0.034482758620689655,0.0,0.0,0.0,0.0,0.0,0.08333333333333333,0.0,0.0,0.0,0.0,0.0,0.0,0.04,0.0,0.0,0.0,0.0,0.0,0.0,0.0,0.5263157894736842,0.0,0.07692307692307693,0.0,0.0,0.0,0.0,0.0,0.0,0.0,0.0,0.0,0.0,0.0,0.42424242424242425,0.0,0.0,0.0,0.0,0.0,0.0,0.0,0.0,0.0,0.0,0.0,0.02857142857142857,0.0,0.0,0.0,0.0,0.0,0.0,0.0,0.0,0.0,0.0,0.0,0.0,0.45454545454545453,0.0,0.45454545454545453,0.0,0.1875,0.0,0.1875,0.0,0.08695652173913043,0.0,0.0,0.3157894736842105,0.0,0.3157894736842105,0.0,0.07142857142857142,0.0,0.0,0.0,0.0,0.0,0.0,0.0,0.07142857142857142,0.0,0.07142857142857142,0.0,0.17391304347826086,0.0,0.0,0.0,0.0,0.0,0.0,0.0,0.0,0.0,0.07142857142857142,0.0,0.0,0.0,0.0,0.0,0.13333333333333333,0.0,0.0,0.0,0.0,0.0,0.0,0.04,0.0,0.36,0.0,0.058823529411764705,0.2777777777777778,0.038461538461538464,0.0,0.0,0.07142857142857142,0.0,0.0,0.0,0.2777777777777778,0.0,0.0,0.0,0.0,0.05263157894736842,0.05263157894736842,0.07142857142857142,0.0,0.0,0.2777777777777778,0.0,0.2777777777777778,0.0,0.2777777777777778,0.0,0.2777777777777778,0.0,0.32,0.0,0.1875,0.17073170731707318,0.32,0.0,0.1,0.047619047619047616,0.09090909090909091,0.047619047619047616,0.0],"total_num_species":[1,1,1,1,1,11,6,63,14,10,10,21,11,6,25,8,21,9,23,11,4,10,7,13,7,14,7,8,16,8,16,8,14,9,13,8,12,9,9,28,9,37,9,31,9,28,10,10,10,10,11,8,25,10,13,7,26,8,33,8,25,9,22,8,30,11,3,18,4,21,7,16,5,20,6,24,7,20,5,24,8,18,6,15,5,18,7,18,7,16,8,18,8,13,5,15,6,10,6,4,4,11,5,16,4,17,5,19,5,16,5,19,6,23,6,24,7,20,7,29,9,26,9,35,9,25,10,13,6,26,5,21,6,31,6,30,8,20,8,16,7,27,8,14,7,15,6,25,8,26,9,23,10,11,7,19,9,16,9,23,10,8,19,8,23,9,17,6,12,4,22,7,11,7,23,8,24,9,11,9,13,9,19,6,25,9,22,8,21,8,17,7,21,8,19,8,14,7,17,9,16,8,18,9,18,8,8,7,6,29,6,48,8,57,7,57,9,71,14,7,26,7,25,9,23,9,28,9,25,9,28,9,27,10,12,8,18,7,16,9,12,9,16,9,15,8,19,8,17,9,18,8,26,9,13,9,10,9,9,46,8,57,11,9,16,9,17,9,20,10,10,9,12,9,12,10,10,10,9,9,54,9,77,9,74,9,59,9,70,9,70,10,11,9,24,10,10,11,9,25],"avg_species_distances":[-1.0,-1.0,-1.0,-1.0,-1.0,0.12987012987013,0.23333333333333334,0.2305214200375497,0.3014652014652011,0.3216554433221101,0.34051627384960736,0.3310750360750356,0.3598898071625344,0.3338383838383839,0.3948833203833204,0.3978632478632479,0.39084027084027084,0.4057400932400933,0.41542120593504006,0.4183065419429058,0.2626262626262626,0.4231427831427833,0.35486239950525666,0.376847511462896,0.41269841269841256,0.28114961961115825,0.40853174603174597,0.45496571880500447,0.407510185892539,0.4482238349885409,0.4265279899838724,0.42352255587549703,0.3977967733623844,0.4808285056446821,0.4405992034281509,0.49619196163313806,0.44355616531418673,0.48142887205387197,0.48395928236614505,0.40063986809435037,0.4920384399551066,0.4271817970734376,0.502104377104377,0.4301598017667125,0.5164779459542101,0.451834606805367,0.504999220860934,0.5128155439713745,0.524452370241844,0.524452370241844,0.5140628377470484,0.5341056346474302,0.45338062207257307,0.5240952244254617,0.489374892575448,0.5192007797270953,0.488233244284871,0.5104585189118775,0.4836135272548083,0.5047988561146455,0.4630430986506506,0.5176946492640618,0.5092598405499934,0.5321063648131317,0.49933270799250395,0.5209912522352715,0.38095238095238093,0.44696083412005916,0.49482401656314706,0.47052563460294755,0.5160884353741497,0.44678911982933395,0.41291866028708135,0.5008006916070269,0.5417258297258296,0.4545856170546573,0.43073593073593064,0.4706956147549905,0.45873015873015877,0.4039750381980009,0.4738100427051064,0.44286843375370294,0.5719806763285025,0.4937767559042483,0.5630952380952381,0.4836737824077975,0.3548752834467119,0.44842707089420464,0.45940170940170943,0.49673934520990676,0.5135844081222231,0.45091165941648587,0.4603508069894624,0.49626477290802146,0.5557422969187675,0.4353811138490487,0.44666666666666655,0.4805687421167296,0.4899025341130604,0.6228070175438596,0.6228070175438596,0.432238409118792,0.5931713900134954,0.4133842828922926,0.6244639376218323,0.4412709690979817,0.5941655420602789,0.40079008232286173,0.5768055555555556,0.3746630890650723,0.5461988304093568,0.3955930752671671,0.4784795321637427,0.4676094704533901,0.5186624681361524,0.4918898643998367,0.5235015643684374,0.4904247999867379,0.49877381626108286,0.4794794943282078,0.5090808089085329,0.4870836428641011,0.4700318147661602,0.46924436006214093,0.5330960293945916,0.4580291249316477,0.5342470518644825,0.49986016236390785,0.5063384267119412,0.48218283490435887,0.5810356536502547,0.5099987156478586,0.507741935483871,0.4893116246138838,0.5713242784380306,0.4813566383133843,0.5247742707207904,0.4675722504243079,0.5226071837903243,0.4957389467165505,0.5323007641086995,0.4490976030434308,0.5245601041774944,0.4452832447154603,0.5380061135942775,0.5029897505125421,0.4961098984019188,0.47028926591828146,0.5043133766005671,0.4294548267126663,0.5105820105820107,0.4481508069248364,0.48586600910879346,0.463769357411123,0.4817134478424802,0.47633980941102755,0.486057053147553,0.4734434944287997,0.5211045285084972,0.4505046244324315,0.5147000565930955,0.5211304958482377,0.4436957608735113,0.4946684894053316,0.45940404650220507,0.5431365865788618,0.4602739841885205,0.566069866748984,0.4748576987657093,0.6331738437001595,0.4229757860807074,0.5619052000630947,0.49052728571269255,0.5259835194045721,0.47394506410654824,0.5282524493050809,0.467515131702775,0.5236520910863017,0.4270588661736987,0.5113441431862484,0.46086172964462424,0.49272328548644345,0.4412581881232477,0.5825624667729932,0.45466329901178987,0.4309600943646997,0.4399504317179524,0.5350307587149692,0.4652668603326506,0.529477101845523,0.45916941220619956,0.4806713754082176,0.46700088631944003,0.45190700981349485,0.4282264461788431,0.5275309824886892,0.463924889454097,0.5564384445963394,0.4824742997395976,0.5377063238905344,0.48265171544833196,0.5102607370699477,0.46164342996614,0.5452880939723046,0.4179798785699355,0.5275035851661241,0.5329449243812358,0.5677451841980812,0.5834148204736439,0.4866808431154938,0.5898572634795545,0.47828739301993844,0.538932660384728,0.4787223030525298,0.5628846993342791,0.4787999898315401,0.5314375679891449,0.47275834705950365,0.5007273105258024,0.5625656961349131,0.4688429001511619,0.5634715130071166,0.3901964701798685,0.5242678765640582,0.43827927029185537,0.5223145194636423,0.36621493989208576,0.5132993685689764,0.4006552016360986,0.5244215026077771,0.3873788470683433,0.52603715485917,0.403263312278174,0.5048417056919772,0.4628151639417382,0.53221752139591,0.41672677687322257,0.5628525059562691,0.43512988858257384,0.5288337645115138,0.4643046870203349,0.5287392620640702,0.4409572840839948,0.5226148188744096,0.417630553365511,0.5447790578682065,0.3909941449246874,0.5407126135478346,0.4369463986386293,0.529757591442374,0.403394684327119,0.5436062589286922,0.3730288389539298,0.49697311157420565,0.47488159199582924,0.5316819684004964,0.4833362276741079,0.5130426829151609,0.5126007493711386,0.4472996620839852,0.5365116162846341,0.4516806189987614,0.4973275206412849,0.5277357939467203,0.44737845550537364,0.53255554503068,0.40437416286163824,0.5326115674396436,0.39811094319399626,0.5133075594166814,0.5133075594166814,0.5297091582204543,0.49434595006206283,