{"min_species_distances":[-1.0,-1.0,-1.0,-1.0,-1.0,0.0,0.0,0.125,0.125,0.1,0.18181818181818182,0.0,0.0,0.08333333333333333,0.0,0.0,0.0,0.0,0.0,0.0,0.0,0.08333333333333333,0.0,0.0,0.0,0.0,0.0,0.0,0.0,0.0,0.0,0.0,0.0,0.0,0.0,0.0,0.1,0.0,0.0,0.0,0.08333333333333333,0.0,0.08333333333333333,0.0,0.2857142857142857,0.0,0.0,0.0,0.0,0.0,0.0,0.0,0.0,0.0,0.07142857142857142,0.0,0.0,0.0,0.0,0.0,0.0,0.0,0.0,0.0,0.0,0.0,0.1,0.0,0.0,0.0,0.15384615384615385,0.0,0.2857142857142857,0.05555555555555555,0.17647058823529413,0.0,0.0,0.0,0.0,0.0,0.0,0.0,0.0,0.0,0.0,0.0,0.058823529411764705,0.0,0.0,0.0,0.0,0.0,0.0,0.0,0.0,0.0,0.0,0.0,0.0,0.0,0.4782608695652174,0.0,0.0,0.0,0.047619047619047616,0.0,0.0,0.0,0.5,0.0,0.0,0.0,0.0,0.0,0.5,0.0,0.0625,0.0,0.0,0.0,0.0,0.0,0.0,0.125,0.0,0.0,0.0,0.0,0.0,0.0,0.0,0.1111111111111111,0.0,0.058823529411764705,0.0,0.0,0.0,0.13333333333333333,0.0,0.1,0.0,0.0,0.0,0.0,0.1,0.0,0.0,0.0,0.0,0.0,0.0,0.0,0.0,0.0,0.0,0.0,0.0,0.1,0.0,0.5,0.0,0.0,0.0,0.0,0.0,0.5,0.0,0.0,0.0,0.25,0.0,0.0,0.0,0.3888888888888889,0.0,0.5,0.0,0.35714285714285715,0.0,0.0,0.0,0.05263157894736842,0.0,0.0,0.0,0.0,0.0,0.0,0.0,0.0,0.0,0.0,0.0,0.0,0.0,0.0,0.0,0.0,0.0,0.0,0.0,0.0,0.5,0.0,0.0,0.0,0.0,0.0,0.0,0.0,0.0,0.0,0.0,0.0,0.037037037037037035,0.0,0.037037037037037035,0.0,0.037037037037037035,0.0,0.0,0.07692307692307693,0.0,0.0,0.0,0.1,0.0,0.0,0.05263157894736842,0.1,0.0,0.0,0.0,0.05263157894736842,0.0,0.0,0.0,0.0,0.0,0.0,0.0,0.0,0.0,0.0,0.0,0.0,0.0,0.0,0.0,0.0,0.0,0.0,0.0,0.0,0.0,0.0,0.0,0.0,0.0,0.0,0.0,0.0,0.0,0.0,0.0,0.0,0.0,0.0,0.0,0.0,0.0,0.0,0.0,0.1,0.0,0.0,0.0,0.0,0.0,0.0,0.0,0.0,0.0,0.0,0.0,0.0,0.0,0.0,0.0,0.0,0.0,0.05555555555555555,0.0,0.10526315789473684,0.0,0.10526315789473684,0.10526315789473684,0.0,0.0,0.0],"total_num_species":[1,1,1,1,1,9,143,27,16,10,10,14,11,8,24,8,29,8,20,8,22,8,32,9,15,10,12,4,11,4,10,6,9,8,9,69,12,11,6,15,6,14,8,16,7,20,9,13,10,16,6,19,7,14,7,22,8,17,8,13,8,8,8,13,9,26,9,29,9,38,9,51,10,13,9,16,8,23,10,10,13,8,29,11,7,21,6,31,8,29,7,29,8,20,8,20,9,16,8,17,4,19,4,13,4,17,4,15,5,13,7,13,5,15,5,11,5,16,5,15,6,8,6,5,15,5,26,6,27,7,23,6,23,7,23,7,28,8,28,7,36,8,48,12,8,23,9,25,12,9,26,7,16,7,18,6,17,6,20,5,16,6,29,6,22,5,23,6,25,6,23,6,20,6,21,5,19,7,17,8,29,7,22,9,23,12,5,19,6,28,6,20,7,22,6,31,6,19,8,24,7,20,5,17,6,17,5,24,8,16,6,17,6,14,6,9,8,6,7,20,11,7,13,8,21,8,16,10,10,9,17,9,29,10,10,11,8,26,10,13,7,18,9,14,11,5,27,7,21,8,7,7,7,20,8,22,10,9,27,12,8,11,8,24,10,11,7,21,8,16,9,10,12,7,19,8,17,10,9,18,9,15,10,9,9,8,16,7,11,7,16,8,15,8,16,10,10,18,10,11],"avg_species_distances":[-1.0,-1.0,-1.0,-1.0,-1.0,0.09920634920634917,0.11406375314826056,0.20161782661782685,0.25914351851851836,0.3256790123456792,0.36258136924803613,0.35552225552225525,0.36829201101928377,0.3833874458874459,0.39625026744591985,0.3804112554112554,0.3831059744852858,0.3362054612054611,0.39256226229910435,0.42828005328005325,0.37378172572977686,0.42106009070294775,0.38680759204952947,0.38466163466163467,0.4323914181057039,0.4382905982905983,0.42570577570577595,0.43650793650793646,0.38322566322566326,0.2222222222222222,0.44529100529100535,0.4698412698412697,0.31543209876543193,0.4351686507936507,0.44351851851851837,0.4260641421052132,0.3859561524334252,0.3899510842692663,0.49286324786324787,0.3528993228993229,0.48217948717948717,0.4028094616006705,0.45822183768612346,0.37846670690420686,0.4847483865341008,0.3604222750933279,0.4206339956339957,0.4123710157364003,0.4255748880748881,0.3604603729603728,0.49967948717948724,0.40177342151026413,0.5077380952380952,0.43593192521763935,0.48811050061050054,0.4262408693080967,0.46651785714285715,0.30936835835732923,0.44970238095238096,0.4535233965381023,0.4713760504201681,0.5117970265029089,0.5359643857543016,0.4775043311808017,0.5082671957671958,0.416717974082228,0.5108520723104055,0.4609434697036117,0.5080742945326279,0.44803187207659956,0.5252078735534619,0.4746557887905545,0.4957512349669211,0.48336426540612065,0.5164770664157918,0.44691625368095994,0.5448051808442675,0.415001436584086,0.5035448233874449,0.48888199529324416,0.4992478725287132,0.5074291558728754,0.46223257940618645,0.5104569192417492,0.41440999476713763,0.5147809061259971,0.518187011646764,0.51077265258904,0.5061011904761904,0.47560450677548644,0.4632493933245813,0.490421918093531,0.46223928167758327,0.48431963280898144,0.519291594316112,0.3288186713924403,0.42605608223457186,0.45911977737492665,0.5229183206463361,0.39692301405688196,0.5934265010351967,0.4242065563094112,0.509920634920635,0.44363874429663924,0.5178571428571428,0.4513341824584088,0.48380952380952386,0.4296932808211008,0.5971954887218044,0.47005574834522224,0.46464440321583167,0.48839084891716494,0.4711779448621553,0.4398651390380718,0.5885526315789473,0.4749437643696018,0.44791666666666663,0.4499406010497259,0.5504446640316205,0.4584353293359507,0.46785714285714275,0.5011402288188002,0.49567099567099565,0.5503246753246753,0.45782734912146666,0.553030303030303,0.44299879336349984,0.48585858585858593,0.46789524564034357,0.47305194805194795,0.4984970960476658,0.5264208754208753,0.4946728699916289,0.5502899061722591,0.49586697432648397,0.5603664192949908,0.4884539273126232,0.5551759549973836,0.49241673478733544,0.5628139717425432,0.48713857364167906,0.5537107535321821,0.4890469125295264,0.4904360916860915,0.56177965416936,0.480561988468846,0.5334739933269347,0.46188145373145434,0.5242538942538942,0.49575592292697557,0.4936665307543147,0.5565730565730567,0.4164317077258252,0.5565730565730567,0.4227648013506694,0.5710113960113962,0.46444062019902016,0.5834472934472934,0.4589445426298943,0.6103632478632479,0.49692272079772076,0.5650997150997151,0.4930970630834508,0.565099715099715,0.47683614360969595,0.6103632478632479,0.4913591103959937,0.5593304843304843,0.4667165361871241,0.5841524216524215,0.4698199995514577,0.5593304843304843,0.44030830495224027,0.5875356125356125,0.47300804324397877,0.6103632478632478,0.48730517303128523,0.5819438817710708,0.5023146078261149,0.5584783272283272,0.4672482959932156,0.5625883187428179,0.4751086161513592,0.533589285416771,0.49047401037084665,0.5432512821823384,0.5850961538461539,0.5254711310217224,0.5016144349477683,0.5175664589599148,0.392379679144385,0.515909775574212,0.4803235979706567,0.46238024710469444,0.48733893557422964,0.50433826404227,0.46492374727668845,0.46990599465116534,0.5204994896171368,0.47953038727624225,0.49438011966747597,0.4880448649896263,0.6063036355125605,0.47373314184514126,0.5285849952516619,0.4806635320935406,0.5900608519269777,0.48655706416367156,0.5197601587053918,0.4865242814826456,0.5519113746294273,0.25878269818903094,0.5316169969313986,0.4768855634718609,0.572059779077323,0.5155774645540728,0.5226615019718468,0.5648256213773455,0.5602061868071722,0.4759327695897568,0.4947142025511935,0.5567358567358569,0.4561519738889557,0.5604687823815103,0.4397608287010956,0.545261956520707,0.47479486515133146,0.5292350772110893,0.5246819029916955,0.5436777038750723,0.47282774573880365,0.5136335718459131,0.4167122847294356,0.528305886257437,0.5294105386096234,0.5253659591677425,0.5544239500560799,0.44725307585785334,0.5188153216209157,0.48090862400509193,0.5528602338604015,0.46350714623107053,0.5231552740226808,0.45432797717718953,0.5207274701029371,0.4645320197044335,0.486916968685084,0.518953587919105,0.47091113933558243,0.4240650961239196,0.4844494963847053,0.4828893281578703,0.48983587218881347,0.35167714259785865,0.48200896858185865,0.32465889109748236,0.47166086468445084,0.4836703664495652,0.33976738722414174,0.41980876404847567,0.47675026532352077,0.4058425206507047,0.4489469700923848,0.3571978292674256,0.4361621943463376,0.4128955613866097,0.4347765193033735,0.40459857856185916,0.4811547731220636,0.4198016837370675,0.48613129722825704,0.43874685399587077,0.4461519364467663,0.5032995866612165,0.4083121691388838,0.49741544782990904,0.4321799238918012,0.49006686685592976,0.4661444395789746,0.4116587077099191,0.47363835371092594,0.4594085986216215,0.4617506377511703,0.4932786013035855,0.4605801038896348,0.4907581783892579,0.3985537549566808,