{"min_species_distances":[-1.0,-1.0,-1.0,-1.0,0.0,0.0,0.125,0.09090909090909091,0.2,0.0,0.2,0.0,0.0,0.0,0.0,0.0,0.0,0.0,0.0,0.0,0.0,0.0,0.0,0.0,0.0,0.0,0.0,0.0,0.0,0.0,0.09090909090909091,0.0,0.0,0.0,0.0,0.0,0.0,0.0,0.0,0.0,0.0,0.05263157894736842,0.07692307692307693,0.0,0.07142857142857142,0.0,0.07692307692307693,0.0,0.0,0.0,0.08333333333333333,0.0,0.058823529411764705,0.0,0.08333333333333333,0.0,0.0,0.0,0.0,0.0,0.0,0.0,0.0,0.0,0.0,0.0,0.0,0.0,0.0,0.0,0.05555555555555555,0.0,0.10526315789473684,0.0,0.2,0.0,0.2,0.0,0.2,0.0,0.2,0.0,0.07142857142857142,0.0,0.0,0.0,0.0,0.0,0.0,0.0,0.0,0.0,0.047619047619047616,0.0,0.0,0.0,0.0,0.0,0.0,0.0,0.0,0.0,0.07692307692307693,0.0,0.0,0.0,0.0,0.0,0.0,0.0,0.0,0.0,0.0,0.0,0.0,0.045454545454545456,0.0,0.0,0.0,0.0,0.0,0.0,0.0,0.045454545454545456,0.0,0.045454545454545456,0.0,0.0,0.0,0.0,0.0,0.0,0.0,0.0,0.0,0.0,0.0,0.07692307692307693,0.0,0.05555555555555555,0.0,0.11764705882352941,0.0,0.0,0.0,0.0,0.3684210526315789,0.0,0.0,0.0,0.0,0.0,0.0,0.0,0.07692307692307693,0.07692307692307693,0.0,0.0,0.07692307692307693,0.0,0.043478260869565216,0.0,0.0,0.0,0.0,0.0,0.0,0.0,0.0,0.0,0.0,0.0,0.0,0.0,0.0,0.07142857142857142,0.0,0.0,0.0,0.0,0.0,0.0,0.0,0.0,0.0,0.0,0.0,0.03333333333333333,0.0,0.0,0.0,0.0,0.0,0.06451612903225806,0.0,0.0625,0.0,0.0,0.0,0.0,0.0,0.08,0.0,0.0,0.29411764705882354,0.0,0.15789473684210525,0.0,0.17647058823529413,0.0,0.19047619047619047,0.0,0.0,0.058823529411764705,0.0,0.0,0.0,0.0,0.0,0.0,0.05555555555555555,0.0,0.047619047619047616,0.0,0.0625,0.0,0.058823529411764705,0.0,0.0,0.0,0.058823529411764705,0.0,0.34782608695652173,0.0,0.0,0.0,0.0,0.0,0.0,0.0,0.0,0.0,0.0,0.0,0.0,0.0,0.0,0.0,0.2857142857142857,0.0,0.0625,0.0,0.045454545454545456,0.0,0.34615384615384615,0.0,0.0,0.0,0.0,0.0,0.0,0.0,0.0,0.0,0.0,0.0,0.0,0.0,0.038461538461538464,0.0,0.0,0.0,0.07692307692307693,0.0,0.0,0.0,0.0,0.0,0.03571428571428571,0.0,0.0,0.0,0.0,0.0,0.0,0.0,0.0,0.0,0.0,0.0,0.0,0.0,0.0,0.0,0.0,0.0,0.0,0.0,0.0,0.0],"total_num_species":[1,1,1,1,7,22,14,11,7,31,8,33,9,40,13,6,29,8,33,9,29,7,31,11,5,16,6,12,5,14,5,9,17,7,14,6,10,7,6,8,63,11,6,31,7,31,8,27,10,12,7,16,9,27,11,7,32,7,44,6,30,6,28,7,22,7,19,9,8,14,8,16,9,14,8,18,8,13,9,14,8,11,8,10,10,10,14,9,12,10,9,15,10,13,8,13,9,21,9,19,8,32,8,16,9,17,10,8,17,9,14,9,16,8,13,7,15,7,18,7,15,7,15,8,14,7,11,9,9,9,17,8,27,9,21,9,20,9,18,9,21,9,32,9,36,12,7,31,8,26,8,31,9,24,10,10,10,10,10,12,8,29,11,9,16,6,23,6,15,5,20,5,21,7,19,7,22,8,18,7,19,9,18,8,24,7,21,6,12,6,26,8,23,7,13,5,19,6,10,8,7,6,8,49,6,67,8,65,7,66,8,72,14,8,31,10,8,33,10,13,8,13,8,17,7,21,8,20,8,18,9,16,7,21,7,29,8,24,9,12,9,10,9,15,9,16,9,20,9,21,9,22,10,12,8,27,9,26,10,15,6,22,9,26,8,26,9,23,7,27,7,16,6,29,6,37,7,34,8,28,8,22,7,33,9,34,11,6,17,5,15,7,11,6,10,6,7,5,8,29],"avg_species_distances":[-1.0,-1.0,-1.0,-1.0,0.18537414965986393,0.25334982477839674,0.30769230769230754,0.3731221303948576,0.39862914862914856,0.36262626262626374,0.4009199134199135,0.380009925890609,0.34801864801864807,0.40056470594932153,0.3866266212420056,0.29696969696969694,0.40576115182026584,0.4049165120593692,0.4077496367269098,0.38207070707070695,0.42890746363652876,0.4028138528138528,0.4149825443373834,0.3679614325068871,0.07545454545454547,0.442514880952381,0.38833333333333336,0.43226864490233463,0.3428571428571428,0.41202071737786056,0.5108766233766233,0.4263733271086212,0.398232307628934,0.44367747098839533,0.4224575925044574,0.4463046757164404,0.4590102707749765,0.484126984126984,0.5130718954248367,0.496001031991744,0.45765152367158946,0.48020809599756986,0.5102564102564101,0.4411576003384141,0.49092970521541945,0.4295133794894096,0.49516809422824454,0.4410189343711882,0.47653625423233287,0.45439956285544536,0.5026455026455027,0.4500630252100842,0.4645774976657331,0.4174551946108004,0.4915806673546612,0.4472776965037027,0.44645369006402774,0.4202172096908938,0.42141082346865755,0.4287749287749288,0.4463878479246265,0.4502564102564102,0.4380622936934058,0.4287642182379025,0.4801179739581897,0.5228864702548914,0.4380881706882471,0.5227951664545869,0.5162467204801301,0.48967898832721707,0.5232309144393543,0.47076935403628045,0.522937480422225,0.4808269215187011,0.5408749018588836,0.41950486447390484,0.5408749018588836,0.4818123310237893,0.5371490366570459,0.43078632208438317,0.5291916185590589,0.47086039818305275,0.5311497455873743,0.4725318098840783,0.4979298909612545,0.4979298909612545,0.4428958684878095,0.5142742974741449,0.47569211447929977,0.4982793413609583,0.5180973615756226,0.44971828227467336,0.5118736485708264,0.476695376083688,0.4544745109962502,0.47455049107047004,0.4996614221442597,0.4499859711317708,0.5293598722660509,0.46986423087531176,0.5272175193227825,0.412901560987337,0.5590443881061731,0.46448901459737374,0.518445041800305,0.47234679510112443,0.4792907948056691,0.5267760298979651,0.43457645037563564,0.4758107876528929,0.4349102163961215,0.5163839143101157,0.35323990368898844,0.5219697595637446,0.4818335191915986,0.5410697489644859,0.43004182646745587,0.5466347979505874,0.40223485565052397,0.5412501241448611,0.4256362836248418,0.541250124144861,0.4593126088251944,0.529253695865538,0.47520411999156914,0.5377337574705996,0.49440334081904597,0.5341381084802138,0.51929671205987,0.5312019486361593,0.5003104287353511,0.549857050843893,0.39709794462381054,0.542322767245368,0.45550456562619374,0.5357095805238221,0.41541733753726623,0.5303069032790396,0.4671427969697869,0.5205054714807038,0.4432514645657067,0.5315270260355401,0.4263724726744661,0.5356385208358894,0.4268900103969392,0.5158111278178827,0.5665694831484306,0.4289912770906984,0.5572662206214838,0.45495872048091646,0.5516442758233377,0.4475501887387393,0.5267543567543567,0.46948151329309623,0.5222330866015077,0.5222330866015077,0.5026605188184137,0.5026605188184137,0.5232837688627162,0.4980679169315534,0.5317555632773023,0.47368201165936197,0.5039545398241052,0.46200990367657035,0.5108435562692811,0.5422420413724762,0.4915389368035875,0.3532666206579249,0.45772742095723473,0.4732919254658385,0.4788347017208575,0.44223602484472047,0.47643670101583985,0.3998510948607329,0.4809026878247108,0.5443203143326295,0.4507395487274731,0.28545038705137227,0.45671661665135516,0.47358569864727507,0.48800287361066136,0.45053993340631265,0.45781974764177036,0.5169496246774573,0.46719315332115013,0.5343876531122194,0.4350860548208198,0.5185157421289355,0.5020650778055282,0.5204422788605697,0.4863542848045026,0.5004933593111278,0.446808963621967,0.5662062507146507,0.4841784613276485,0.5010326086956521,0.46042545978472715,0.485144094619357,0.5009831195513353,0.5366243663882344,0.5455555555555555,0.5511594202898551,0.5258858543417366,0.4635786350493362,0.5709282512443967,0.4628614260707782,0.5134633506462303,0.469161276111286,0.5332108121415934,0.45479092859271164,0.5172160629956567,0.4336324253375399,0.4660607858136071,0.5145738635012579,0.406227247316932,0.48332348797098096,0.5071444443651825,0.39985317314075786,0.4538704992152179,0.4289162001574344,0.5092559040914169,0.43130411070711505,0.5066825305390973,0.4031808082683116,0.5236234852363884,0.3798456443973265,0.5072725219119907,0.4124815385741683,0.49011488906413003,0.3994932871020237,0.4902932538009229,0.4023957267689689,0.5345201662269691,0.3716632566471965,0.5182173227714023,0.34826395139138505,0.4781231363513147,0.37573631721059964,0.5074089301192399,0.46873512693879554,0.5067309133928362,0.4915636766853296,0.5091197359071067,0.4875084803335912,0.5053689236913823,0.4981893518245845,0.5045296757614911,0.4785085056992262,0.5275219647642165,0.44837238501686877,0.526737863581238,0.4735974824138651,0.5175265323848499,0.4895598070992558,0.5254312859399997,0.44307399372650674,0.4853741478670321,0.46253483146686036,0.49133443971396845,0.43629236278552175,0.46596223674655035,0.45461941269279244,0.47622817392741484,0.48047769215820424,0.3622110423116615,0.4796715693814562,0.4579471817216915,0.4702786378974188,0.48153867574920206,0.46212819728862226,0.4973665323127687,0.4792917777165091,0.49492307692307685,0.4781254187455514,0.4811016144349478,